Route_link,Route_name
https://www.redbus.in/bus-tickets/tezpur-to-guwahati,Tezpur to Guwahati
https://www.redbus.in/bus-tickets/guwahati-to-tezpur,Guwahati to Tezpur
https://www.redbus.in/bus-tickets/nagaon-to-guwahati,Nagaon (Assam) to Guwahati
https://www.redbus.in/bus-tickets/guwahati-to-nagaon,Guwahati to Nagaon (Assam)
https://www.redbus.in/bus-tickets/goalpara-to-guwahati,Goalpara to Guwahati
https://www.redbus.in/bus-tickets/jorhat-to-north-lakhimpur,Jorhat to North Lakhimpur
https://www.redbus.in/bus-tickets/dhubri-to-guwahati,Dhubri to Guwahati
https://www.redbus.in/bus-tickets/guwahati-to-dhubri,Guwahati to Dhubri
https://www.redbus.in/bus-tickets/north-lakhimpur-to-sibsagar,North Lakhimpur to Sibsagar
https://www.redbus.in/bus-tickets/north-lakhimpur-to-jorhat,North Lakhimpur to Jorhat
https://www.redbus.in/bus-tickets/dhekiajuli-to-guwahati,Dhekiajuli to Guwahati
https://www.redbus.in/bus-tickets/jorhat-to-dibrugarh,Jorhat to Dibrugarh
https://www.redbus.in/bus-tickets/jorhat-to-dhemaji,Jorhat to Dhemaji
https://www.redbus.in/bus-tickets/sibsagar-to-north-lakhimpur,Sibsagar to North Lakhimpur
https://www.redbus.in/bus-tickets/dhemaji-to-jorhat,Dhemaji to Jorhat
https://www.redbus.in/bus-tickets/tezpur-to-dibrugarh,Tezpur to Dibrugarh
https://www.redbus.in/bus-tickets/haflong-to-guwahati,Haflong to Guwahati
https://www.redbus.in/bus-tickets/north-lakhimpur-to-dibrugarh,North Lakhimpur to Dibrugarh
https://www.redbus.in/bus-tickets/jorhat-to-tinsukia,Jorhat to Tinsukia
https://www.redbus.in/bus-tickets/dibrugarh-to-tezpur,Dibrugarh to Tezpur
https://www.redbus.in/bus-tickets/guwahati-to-biswanath-charali,Guwahati to Biswanath Charali
https://www.redbus.in/bus-tickets/guwahati-to-haflong,Guwahati to Haflong
https://www.redbus.in/bus-tickets/dibrugarh-to-north-lakhimpur,Dibrugarh to North Lakhimpur
https://www.redbus.in/bus-tickets/nagaon-to-haflong,Nagaon (Assam) to Haflong
https://www.redbus.in/bus-tickets/tezpur-to-moran,Tezpur to Moran
https://www.redbus.in/bus-tickets/dibrugarh-to-jorhat,Dibrugarh to Jorhat
https://www.redbus.in/bus-tickets/guwahati-to-silchar,Guwahati to Silchar
https://www.redbus.in/bus-tickets/bihpuria-to-dibrugarh,Bihpuria to Dibrugarh
https://www.redbus.in/bus-tickets/haflong-to-nagaon,Haflong to Nagaon (Assam)
https://www.redbus.in/bus-tickets/north-lakhimpur-to-tezpur,North Lakhimpur to Tezpur
https://www.redbus.in/bus-tickets/biswanath-charali-to-guwahati,Biswanath Charali to Guwahati
https://www.redbus.in/bus-tickets/biswanath-charali-to-dibrugarh,Biswanath Charali to Dibrugarh
https://www.redbus.in/bus-tickets/tinsukia-to-jorhat,Tinsukia to Jorhat
https://www.redbus.in/bus-tickets/moran-to-tezpur,Moran to Tezpur
https://www.redbus.in/bus-tickets/jorhat-to-gogamukh,Jorhat to Gogamukh
https://www.redbus.in/bus-tickets/dibrugarh-to-biswanath-charali,Dibrugarh to Biswanath Charali
https://www.redbus.in/bus-tickets/gohpur-to-guwahati,Gohpur to Guwahati
https://www.redbus.in/bus-tickets/tinsukia-to-tezpur,Tinsukia to Tezpur
https://www.redbus.in/bus-tickets/north-lakhimpur-to-golaghat,North Lakhimpur to Golaghat
https://www.redbus.in/bus-tickets/golaghat-to-north-lakhimpur,Golaghat to North Lakhimpur
https://www.redbus.in/bus-tickets/silchar-to-guwahati,Silchar to Guwahati
https://www.redbus.in/bus-tickets/bokakhat-to-dibrugarh,Bokakhat to Dibrugarh
https://www.redbus.in/bus-tickets/north-lakhimpur-to-moran,North Lakhimpur to Moran
https://www.redbus.in/bus-tickets/tezpur-to-north-lakhimpur,Tezpur to North Lakhimpur
https://www.redbus.in/bus-tickets/tezpur-to-tinsukia,Tezpur to Tinsukia
https://www.redbus.in/bus-tickets/dibrugarh-to-bihpuria,Dibrugarh to Bihpuria
https://www.redbus.in/bus-tickets/dibrugarh-to-bokakhat,Dibrugarh to Bokakhat
