Bus_name,Bus_type,Start_time,End_time,Total_duration,Price,Seats_Available,Ratings,Route_link,Route_name
TSRTC - 64022,RAJADHANI AC (CONVERTED METRO LUXURY),19:30,00:15,04h 45m,INR 389,16 Seats available,"2.7
28",https://www.redbus.in/bus-tickets/khammam-to-hyderabad,Khammam to Hyderabad
TSRTC - 8677,"SUPER LUXURY (NON-AC, 2 + 2 PUSH BACK)",19:30,23:40,04h 10m,INR 320,14 Seats available,"3.9
20",https://www.redbus.in/bus-tickets/khammam-to-hyderabad,Khammam to Hyderabad
TSRTC - 8625,RAJDHANI (A.C. Semi Sleeper),21:00,01:00,04h 00m,INR 389,27 Seats available,"3.3
51",https://www.redbus.in/bus-tickets/khammam-to-hyderabad,Khammam to Hyderabad
TSRTC - 8619,RAJADHANI AC (CONVERTED METRO LUXURY),22:00,02:00,04h 00m,INR 389,3 Seats available,"3.8
72",https://www.redbus.in/bus-tickets/khammam-to-hyderabad,Khammam to Hyderabad
TSRTC - 4166,RAJADHANI AC (CONVERTED METRO LUXURY),23:00,03:00,04h 00m,INR 389,25 Seats available,"3.6
21",https://www.redbus.in/bus-tickets/khammam-to-hyderabad,Khammam to Hyderabad
TSRTC - 8644,"SUPER LUXURY (NON-AC, 2 + 2 PUSH BACK)",23:10,03:20,04h 10m,INR 320,2 Seats available,"3.7
48",https://www.redbus.in/bus-tickets/khammam-to-hyderabad,Khammam to Hyderabad
TSRTC - 64008,RAJADHANI AC (CONVERTED METRO LUXURY),23:30,03:30,04h 00m,INR 389,7 Seats available,"4.0
78",https://www.redbus.in/bus-tickets/khammam-to-hyderabad,Khammam to Hyderabad
TSRTC - 8600,"SUPER LUXURY (NON-AC, 2 + 2 PUSH BACK)",23:55,05:20,05h 25m,INR 320,9 Seats available,"4.7
28",https://www.redbus.in/bus-tickets/khammam-to-hyderabad,Khammam to Hyderabad
TSRTC - 7646,"SUPER LUXURY (NON-AC, 2 + 2 PUSH BACK)",23:55,04:00,04h 05m,INR 320,1 Seat available,"4.3
4",https://www.redbus.in/bus-tickets/khammam-to-hyderabad,Khammam to Hyderabad
Sri Venkateswara Travels,Non A/C Seater / Sleeper (2+1),23:45,06:00,06h 15m,INR 650,2 Seats available,"3.8
5",https://www.redbus.in/bus-tickets/khammam-to-hyderabad,Khammam to Hyderabad
Sri Venkateswara Travels,A/C Semi Sleeper (2+2),23:45,05:20,05h 35m,INR 600,9 Seats available,3.8,https://www.redbus.in/bus-tickets/khammam-to-hyderabad,Khammam to Hyderabad
RRR Travels,A/C Seater / Sleeper (2+1),23:50,05:30,05h 40m,INR 700,1 Seat available,"4.6
42",https://www.redbus.in/bus-tickets/khammam-to-hyderabad,Khammam to Hyderabad
Nani’s Sai Krishna Travels,Non A/C Seater / Sleeper (2+1),23:59,05:00,05h 01m,INR 800,2 Seats available,"4.2
15",https://www.redbus.in/bus-tickets/khammam-to-hyderabad,Khammam to Hyderabad
BSR Tours And Travels,A/C Sleeper (2+1),23:59,06:00,06h 01m,780,1 Seat available,"3.8
6",https://www.redbus.in/bus-tickets/khammam-to-hyderabad,Khammam to Hyderabad
TSRTC - 64021,RAJDHANI (A.C. Semi Sleeper),19:30,23:30,04h 00m,INR 389,30 Seats available,"3.8
52",https://www.redbus.in/bus-tickets/hyderabad-to-khammam,Hyderabad to Khammam
TSRTC - 7645,"SUPER LUXURY (NON-AC, 2 + 2 PUSH BACK)",19:30,01:45,06h 15m,INR 320,24 Seats available,"3.6
14",https://www.redbus.in/bus-tickets/hyderabad-to-khammam,Hyderabad to Khammam
TSRTC - 8601,"SUPER LUXURY (NON-AC, 2 + 2 PUSH BACK)",19:40,23:45,04h 05m,INR 320,31 Seats available,"3.1
5",https://www.redbus.in/bus-tickets/hyderabad-to-khammam,Hyderabad to Khammam
TSRTC - 8804,RAJDHANI (A.C. Semi Sleeper),20:35,02:20,05h 45m,INR 389,29 Seats available,"3.8
23",https://www.redbus.in/bus-tickets/hyderabad-to-khammam,Hyderabad to Khammam
TSRTC - 64341,"SUPER LUXURY (NON-AC, 2 + 2 PUSH BACK)",20:50,03:10,06h 20m,INR 320,12 Seats available,"3.5
7",https://www.redbus.in/bus-tickets/hyderabad-to-khammam,Hyderabad to Khammam
TSRTC - 8886,Lahari Non A/C Sleeper Cum Seater,21:00,02:45,05h 45m,INR 320,24 Seats available,"3.6
19",https://www.redbus.in/bus-tickets/hyderabad-to-khammam,Hyderabad to Khammam
TSRTC - 8699,RAJDHANI (A.C. Semi Sleeper),21:00,01:00,04h 00m,INR 389,36 Seats available,"3.8
37",https://www.redbus.in/bus-tickets/hyderabad-to-khammam,Hyderabad to Khammam
TSRTC - 8825,"SUPER LUXURY (NON-AC, 2 + 2 PUSH BACK)",21:00,02:40,05h 40m,INR 320,10 Seats available,"3.4
13",https://www.redbus.in/bus-tickets/hyderabad-to-khammam,Hyderabad to Khammam
TSRTC - 8856,RAJDHANI (A.C. Semi Sleeper),21:15,03:00,05h 45m,INR 389,17 Seats available,"4.0
21",https://www.redbus.in/bus-tickets/hyderabad-to-khammam,Hyderabad to Khammam
TSRTC - 8848,"SUPER LUXURY (NON-AC, 2 + 2 PUSH BACK)",21:20,02:55,05h 35m,INR 320,20 Seats available,"4.6
14",https://www.redbus.in/bus-tickets/hyderabad-to-khammam,Hyderabad to Khammam
TSRTC - 8624,RAJDHANI (A.C. Semi Sleeper),21:30,01:30,04h 00m,INR 389,35 Seats available,3.7,https://www.redbus.in/bus-tickets/hyderabad-to-khammam,Hyderabad to Khammam
TSRTC - 64864,"SUPER LUXURY (NON-AC, 2 + 2 PUSH BACK)",21:40,02:00,04h 20m,INR 320,30 Seats available,"4.8
4",https://www.redbus.in/bus-tickets/hyderabad-to-khammam,Hyderabad to Khammam
TSRTC - 34332,LAHARI A/C SLEEPER CUM SEATER,22:00,02:25,04h 25m,INR 389,32 Seats available,3.7,https://www.redbus.in/bus-tickets/hyderabad-to-khammam,Hyderabad to Khammam
TSRTC - 64832,RAJDHANI (A.C. Semi Sleeper),22:00,03:45,05h 45m,INR 389,18 Seats available,"2.8
17",https://www.redbus.in/bus-tickets/hyderabad-to-khammam,Hyderabad to Khammam
TSRTC - 8971,"SUPER LUXURY (NON-AC, 2 + 2 PUSH BACK)",22:00,04:10,06h 10m,INR 320,13 Seats available,"4.5
26",https://www.redbus.in/bus-tickets/hyderabad-to-khammam,Hyderabad to Khammam
TSRTC - 9970,"SUPER LUXURY (NON-AC, 2 + 2 PUSH BACK)",22:15,02:30,04h 15m,INR 320,28 Seats available,3.7,https://www.redbus.in/bus-tickets/hyderabad-to-khammam,Hyderabad to Khammam
TSRTC - 64827,"SUPER LUXURY (NON-AC, 2 + 2 PUSH BACK)",22:15,04:10,05h 55m,INR 320,10 Seats available,"4.0
18",https://www.redbus.in/bus-tickets/hyderabad-to-khammam,Hyderabad to Khammam
TSRTC - 64527,"SUPER LUXURY (NON-AC, 2 + 2 PUSH BACK)",22:55,04:50,05h 55m,INR 320,13 Seats available,"4.4
27",https://www.redbus.in/bus-tickets/hyderabad-to-khammam,Hyderabad to Khammam
TSRTC - 8676,RAJDHANI (A.C. Semi Sleeper),23:00,03:00,04h 00m,INR 389,37 Seats available,"4.0
69",https://www.redbus.in/bus-tickets/hyderabad-to-khammam,Hyderabad to Khammam
TSRTC - 8610,RAJADHANI AC (CONVERTED METRO LUXURY),23:00,04:30,05h 30m,INR 389,32 Seats available,"3.7
115",https://www.redbus.in/bus-tickets/hyderabad-to-khammam,Hyderabad to Khammam
TSRTC - 8975,"SUPER LUXURY (NON-AC, 2 + 2 PUSH BACK)",23:15,03:30,04h 15m,INR 320,29 Seats available,"3.9
18",https://www.redbus.in/bus-tickets/hyderabad-to-khammam,Hyderabad to Khammam
TSRTC - 64090,RAJDHANI (A.C. Semi Sleeper),23:30,03:30,04h 00m,INR 389,28 Seats available,"3.3
42",https://www.redbus.in/bus-tickets/hyderabad-to-khammam,Hyderabad to Khammam
TSRTC - 8614,"SUPER LUXURY (NON-AC, 2 + 2 PUSH BACK)",23:50,05:50,06h 00m,INR 320,29 Seats available,"3.8
65",https://www.redbus.in/bus-tickets/hyderabad-to-khammam,Hyderabad to Khammam
TSRTC - 64511,"SUPER LUXURY (NON-AC, 2 + 2 PUSH BACK)",23:55,04:10,04h 15m,INR 320,25 Seats available,"4.7
15",https://www.redbus.in/bus-tickets/hyderabad-to-khammam,Hyderabad to Khammam
Siri Tours and Travels,A/C Seater / Sleeper (2+1),19:20,00:30,05h 10m,INR 555,25 Seats available,"4.2
6",https://www.redbus.in/bus-tickets/hyderabad-to-khammam,Hyderabad to Khammam
Sri Krishna Travels,Non A/C Seater / Sleeper (2+1),19:30,23:30,04h 00m,INR 700,22 Seats available,"3.8
11",https://www.redbus.in/bus-tickets/hyderabad-to-khammam,Hyderabad to Khammam
Sri Krishna Travels(VGN),NON A/C Hi-Tech (2+2),20:40,03:30,06h 50m,INR 350,17 Seats available,3.6,https://www.redbus.in/bus-tickets/hyderabad-to-khammam,Hyderabad to Khammam
Sri Krishna Travels(VGN),Non A/C Seater / Sleeper (2+1),20:45,03:50,07h 05m,INR 400,24 Seats available,3.6,https://www.redbus.in/bus-tickets/hyderabad-to-khammam,Hyderabad to Khammam
DMR Travels,A/C Sleeper (2+1),20:50,02:30,05h 40m,INR 899,20 Seats available,3.5,https://www.redbus.in/bus-tickets/hyderabad-to-khammam,Hyderabad to Khammam
TSRTC - 7902,"SUPER LUXURY (NON-AC, 2 + 2 PUSH BACK)",19:40,01:20,05h 40m,INR 376,31 Seats available,"2.9
8",https://www.redbus.in/bus-tickets/hyderabad-to-nirmal,Hyderabad to Nirmal
TSRTC - 8005,"SUPER LUXURY (NON-AC, 2 + 2 PUSH BACK)",21:00,02:45,05h 45m,INR 376,31 Seats available,"4.0
24",https://www.redbus.in/bus-tickets/hyderabad-to-nirmal,Hyderabad to Nirmal
TSRTC - 7906,Lahari Non A/C Sleeper Cum Seater,21:30,03:10,05h 40m,INR 376,35 Seats available,"3.8
21",https://www.redbus.in/bus-tickets/hyderabad-to-nirmal,Hyderabad to Nirmal
TSRTC - 1966,RAJDHANI (A.C. Semi Sleeper),22:00,03:35,05h 35m,INR 456,32 Seats available,"2.6
24",https://www.redbus.in/bus-tickets/hyderabad-to-nirmal,Hyderabad to Nirmal
TSRTC - 7984,"SUPER LUXURY (NON-AC, 2 + 2 PUSH BACK)",22:15,03:55,05h 40m,INR 376,30 Seats available,"4.3
9",https://www.redbus.in/bus-tickets/hyderabad-to-nirmal,Hyderabad to Nirmal
TSRTC - 7961,LAHARI A/C SLEEPER CUM SEATER,22:30,04:10,05h 40m,INR 456,45 Seats available,"4.8
22",https://www.redbus.in/bus-tickets/hyderabad-to-nirmal,Hyderabad to Nirmal
TSRTC - 7979,"SUPER LUXURY (NON-AC, 2 + 2 PUSH BACK)",23:00,04:40,05h 40m,INR 376,31 Seats available,"3.7
52",https://www.redbus.in/bus-tickets/hyderabad-to-nirmal,Hyderabad to Nirmal
TSRTC - 9455,"SUPER LUXURY (NON-AC, 2 + 2 PUSH BACK)",23:30,05:15,05h 45m,INR 376,30 Seats available,"4.5
20",https://www.redbus.in/bus-tickets/hyderabad-to-nirmal,Hyderabad to Nirmal
TSRTC - 7981,"SUPER LUXURY (NON-AC, 2 + 2 PUSH BACK)",23:45,05:25,05h 40m,INR 376,30 Seats available,"4.4
82",https://www.redbus.in/bus-tickets/hyderabad-to-nirmal,Hyderabad to Nirmal
Orange Tours And Travels,Bharat Benz A/C Sleeper (2+1),19:45,23:15,03h 30m,INR 600,9 Seats available,3.3,https://www.redbus.in/bus-tickets/hyderabad-to-nirmal,Hyderabad to Nirmal
Pooja Travels,A/C Sleeper (2+1),20:00,03:30,07h 30m,INR 666,15 Seats available,3.9,https://www.redbus.in/bus-tickets/hyderabad-to-nirmal,Hyderabad to Nirmal
Pooja Travels,A/C Sleeper (2+1),20:10,02:30,06h 20m,INR 700,12 Seats available,3.9,https://www.redbus.in/bus-tickets/hyderabad-to-nirmal,Hyderabad to Nirmal
Pooja Travels,NON A/C Seater (2+2),21:00,02:00,05h 00m,INR 450,14 Seats available,"3.9
8",https://www.redbus.in/bus-tickets/hyderabad-to-nirmal,Hyderabad to Nirmal
Ameena Travels,A/C Sleeper (2+1),21:50,03:00,05h 10m,INR 700,4 Seats available,4.4,https://www.redbus.in/bus-tickets/hyderabad-to-nirmal,Hyderabad to Nirmal
TSRTC - 8180,"SUPER LUXURY (NON-AC, 2 + 2 PUSH BACK)",20:00,01:20,05h 20m,INR 429,26 Seats available,"3.5
8",https://www.redbus.in/bus-tickets/hyderabad-to-mancherial,Hyderabad to Mancherial
TSRTC - 8032,"SUPER LUXURY (NON-AC, 2 + 2 PUSH BACK)",20:30,02:40,06h 10m,INR 429,30 Seats available,"3.9
10",https://www.redbus.in/bus-tickets/hyderabad-to-mancherial,Hyderabad to Mancherial
TSRTC - 8067,"SUPER LUXURY (NON-AC, 2 + 2 PUSH BACK)",21:00,03:25,06h 25m,INR 429,21 Seats available,"4.2
21",https://www.redbus.in/bus-tickets/hyderabad-to-mancherial,Hyderabad to Mancherial
TSRTC - 8042,"SUPER LUXURY (NON-AC, 2 + 2 PUSH BACK)",21:20,03:35,06h 15m,INR 429,31 Seats available,"4.2
9",https://www.redbus.in/bus-tickets/hyderabad-to-mancherial,Hyderabad to Mancherial
TSRTC - 8053,LAHARI A/C SLEEPER CUM SEATER,21:30,04:00,06h 30m,INR 520,27 Seats available,"4.0
27",https://www.redbus.in/bus-tickets/hyderabad-to-mancherial,Hyderabad to Mancherial
TSRTC - 8011,RAJDHANI (A.C. Semi Sleeper),21:45,03:05,05h 20m,INR 520,26 Seats available,"3.4
17",https://www.redbus.in/bus-tickets/hyderabad-to-mancherial,Hyderabad to Mancherial
TSRTC - 8040,"SUPER LUXURY (NON-AC, 2 + 2 PUSH BACK)",21:45,04:00,06h 15m,INR 429,31 Seats available,"3.7
27",https://www.redbus.in/bus-tickets/hyderabad-to-mancherial,Hyderabad to Mancherial
TSRTC - 8194,LAHARI A/C SLEEPER CUM SEATER,22:00,04:10,06h 10m,INR 520,42 Seats available,"4.2
93",https://www.redbus.in/bus-tickets/hyderabad-to-mancherial,Hyderabad to Mancherial
TSRTC - 8028,Lahari Non A/C Sleeper Cum Seater,22:30,04:45,06h 15m,INR 447,18 Seats available,"4.6
12",https://www.redbus.in/bus-tickets/hyderabad-to-mancherial,Hyderabad to Mancherial
TSRTC - 8038,"SUPER LUXURY (NON-AC, 2 + 2 PUSH BACK)",23:00,05:10,06h 10m,INR 429,29 Seats available,"4.0
13",https://www.redbus.in/bus-tickets/hyderabad-to-mancherial,Hyderabad to Mancherial
TSRTC - 8057,"SUPER LUXURY (NON-AC, 2 + 2 PUSH BACK)",23:15,05:40,06h 25m,INR 429,24 Seats available,"4.5
38",https://www.redbus.in/bus-tickets/hyderabad-to-mancherial,Hyderabad to Mancherial
TSRTC - 8135,LAHARI A/C SLEEPER CUM SEATER,23:30,05:40,06h 10m,INR 520,27 Seats available,"4.0
83",https://www.redbus.in/bus-tickets/hyderabad-to-mancherial,Hyderabad to Mancherial
TSRTC - 8171,"SUPER LUXURY (NON-AC, 2 + 2 PUSH BACK)",23:45,05:55,06h 10m,INR 429,30 Seats available,"4.6
31",https://www.redbus.in/bus-tickets/hyderabad-to-mancherial,Hyderabad to Mancherial
DNR Express,AC Sleeper (2+1),21:30,02:00,04h 30m,809,8 Seats available,"2.4
8",https://www.redbus.in/bus-tickets/hyderabad-to-mancherial,Hyderabad to Mancherial
TSRTC - 7902,"SUPER LUXURY (NON-AC, 2 + 2 PUSH BACK)",19:40,03:10,07h 30m,INR 504,31 Seats available,"4.4
17",https://www.redbus.in/bus-tickets/hyderabad-to-adilabad,Hyderabad to Adilabad
TSRTC - 7908,"SUPER LUXURY (NON-AC, 2 + 2 PUSH BACK)",20:30,04:00,07h 30m,INR 504,25 Seats available,"3.1
33",https://www.redbus.in/bus-tickets/hyderabad-to-adilabad,Hyderabad to Adilabad
TSRTC - 7906,Lahari Non A/C Sleeper Cum Seater,21:30,05:00,07h 30m,INR 504,37 Seats available,"4.0
51",https://www.redbus.in/bus-tickets/hyderabad-to-adilabad,Hyderabad to Adilabad
TSRTC - 7912,"SUPER LUXURY (NON-AC, 2 + 2 PUSH BACK)",21:50,05:20,07h 30m,INR 504,14 Seats available,"4.1
61",https://www.redbus.in/bus-tickets/hyderabad-to-adilabad,Hyderabad to Adilabad
TSRTC - 1966,RAJDHANI (A.C. Semi Sleeper),22:00,05:15,07h 15m,INR 611,31 Seats available,"3.9
48",https://www.redbus.in/bus-tickets/hyderabad-to-adilabad,Hyderabad to Adilabad
TSRTC - 7961,LAHARI A/C SLEEPER CUM SEATER,22:30,06:00,07h 30m,INR 611,38 Seats available,"4.1
75",https://www.redbus.in/bus-tickets/hyderabad-to-adilabad,Hyderabad to Adilabad
TSRTC - 7914,"SUPER LUXURY (NON-AC, 2 + 2 PUSH BACK)",23:15,06:45,07h 30m,INR 504,23 Seats available,"4.0
63",https://www.redbus.in/bus-tickets/hyderabad-to-adilabad,Hyderabad to Adilabad
Orange Tours And Travels,A/C Sleeper (2+1),20:25,03:45,07h 20m,INR 700,14 Seats available,"4.0
33",https://www.redbus.in/bus-tickets/hyderabad-to-adilabad,Hyderabad to Adilabad
Shree Devnarayan Travels,NON A/C Seater/ Sleeper (2+1),20:30,04:00,07h 30m,INR 1000,23 Seats available,4.2,https://www.redbus.in/bus-tickets/hyderabad-to-adilabad,Hyderabad to Adilabad
MDK TOURS AND TRAVELS,Non A/C Seater / Sleeper (2+1),22:00,05:30,07h 30m,377,15 Seats available,"3.5
285",https://www.redbus.in/bus-tickets/hyderabad-to-adilabad,Hyderabad to Adilabad
Sitara Travels,NON A/C Airbus (2+2),22:15,05:15,07h 00m,358,22 Seats available,"3.4
164",https://www.redbus.in/bus-tickets/hyderabad-to-adilabad,Hyderabad to Adilabad
Pooja Travels,A/C Sleeper (2+1),20:10,04:35,08h 25m,INR 700,12 Seats available,"3.1
14",https://www.redbus.in/bus-tickets/hyderabad-to-adilabad,Hyderabad to Adilabad
TSRTC - 7449,RAJDHANI (A.C. Semi Sleeper),19:30,22:30,03h 00m,INR 343,34 Seats available,"2.7
44",https://www.redbus.in/bus-tickets/hyderabad-to-karimnagar,Hyderabad to Karimnagar
TSRTC - 7445,"SUPER LUXURY (NON-AC, 2 + 2 PUSH BACK)",19:50,22:50,03h 00m,INR 283,34 Seats available,"2.5
23",https://www.redbus.in/bus-tickets/hyderabad-to-karimnagar,Hyderabad to Karimnagar
TSRTC - 7354,"SUPER LUXURY (NON-AC, 2 + 2 PUSH BACK)",21:05,00:20,03h 15m,INR 283,31 Seats available,"2.7
6",https://www.redbus.in/bus-tickets/hyderabad-to-karimnagar,Hyderabad to Karimnagar
TSRTC - 7020,"SUPER LUXURY (NON-AC, 2 + 2 PUSH BACK)",21:20,00:20,03h 00m,INR 283,31 Seats available,"3.7
31",https://www.redbus.in/bus-tickets/hyderabad-to-karimnagar,Hyderabad to Karimnagar
TSRTC - 7030,"SUPER LUXURY (NON-AC, 2 + 2 PUSH BACK)",21:35,00:35,03h 00m,INR 283,31 Seats available,"2.5
22",https://www.redbus.in/bus-tickets/hyderabad-to-karimnagar,Hyderabad to Karimnagar
TSRTC - 7358,"SUPER LUXURY (NON-AC, 2 + 2 PUSH BACK)",22:15,01:30,03h 15m,INR 283,31 Seats available,3.3,https://www.redbus.in/bus-tickets/hyderabad-to-karimnagar,Hyderabad to Karimnagar
TSRTC - 9551,"SUPER LUXURY (NON-AC, 2 + 2 PUSH BACK)",22:15,02:00,03h 45m,INR 283,30 Seats available,3.3,https://www.redbus.in/bus-tickets/hyderabad-to-karimnagar,Hyderabad to Karimnagar
TSRTC - 7419,"SUPER LUXURY (NON-AC, 2 + 2 PUSH BACK)",23:00,02:40,03h 40m,INR 283,31 Seats available,"1.9
9",https://www.redbus.in/bus-tickets/hyderabad-to-karimnagar,Hyderabad to Karimnagar
TSRTC - 7316,"SUPER LUXURY (NON-AC, 2 + 2 PUSH BACK)",23:05,03:00,03h 55m,INR 283,29 Seats available,3.3,https://www.redbus.in/bus-tickets/hyderabad-to-karimnagar,Hyderabad to Karimnagar
TSRTC - 7404,"SUPER LUXURY (NON-AC, 2 + 2 PUSH BACK)",23:30,03:00,03h 30m,INR 283,28 Seats available,"4.6
7",https://www.redbus.in/bus-tickets/hyderabad-to-karimnagar,Hyderabad to Karimnagar
TSRTC - 7121,"SUPER LUXURY (NON-AC, 2 + 2 PUSH BACK)",23:30,02:30,03h 00m,INR 283,33 Seats available,"3.8
20",https://www.redbus.in/bus-tickets/hyderabad-to-karimnagar,Hyderabad to Karimnagar
TSRTC - 7144,"SUPER LUXURY (NON-AC, 2 + 2 PUSH BACK)",23:45,03:45,04h 00m,INR 283,28 Seats available,"1.6
7",https://www.redbus.in/bus-tickets/hyderabad-to-karimnagar,Hyderabad to Karimnagar
DNR Express,AC Sleeper (2+1),21:30,23:59,02h 29m,2699,9 Seats available,"2.8
4",https://www.redbus.in/bus-tickets/hyderabad-to-karimnagar,Hyderabad to Karimnagar
Bhumi travels,AC Seater (2+2),22:00,03:00,05h 00m,INR 2000,36 Seats available,2.8,https://www.redbus.in/bus-tickets/hyderabad-to-karimnagar,Hyderabad to Karimnagar
TSRTC - 6631,"SUPER LUXURY (NON-AC, 2 + 2 PUSH BACK)",20:30,03:30,07h 00m,INR 470,2 Seats available,3.8,https://www.redbus.in/bus-tickets/kothagudem-to-hyderabad,Kothagudem to Hyderabad
TSRTC - 8754,"SUPER LUXURY (NON-AC, 2 + 2 PUSH BACK)",21:15,03:40,06h 25m,INR 451,16 Seats available,"4.6
7",https://www.redbus.in/bus-tickets/kothagudem-to-hyderabad,Kothagudem to Hyderabad
TSRTC - 8718,"SUPER LUXURY (NON-AC, 2 + 2 PUSH BACK)",21:45,04:30,06h 45m,INR 451,2 Seats available,"4.5
18",https://www.redbus.in/bus-tickets/kothagudem-to-hyderabad,Kothagudem to Hyderabad
TSRTC - 7646,"SUPER LUXURY (NON-AC, 2 + 2 PUSH BACK)",22:00,04:00,06h 00m,INR 451,1 Seat available,"3.9
14",https://www.redbus.in/bus-tickets/kothagudem-to-hyderabad,Kothagudem to Hyderabad
TSRTC - 9998,Lahari Non A/C Sleeper Cum Seater,22:10,04:20,06h 10m,INR 451,3 Seats available,"3.5
32",https://www.redbus.in/bus-tickets/kothagudem-to-hyderabad,Kothagudem to Hyderabad
TSRTC - 8874,"SUPER LUXURY (NON-AC, 2 + 2 PUSH BACK)",22:15,04:20,06h 05m,INR 451,10 Seats available,"4.9
14",https://www.redbus.in/bus-tickets/kothagudem-to-hyderabad,Kothagudem to Hyderabad
TSRTC - 8921,"SUPER LUXURY (NON-AC, 2 + 2 PUSH BACK)",22:20,04:35,06h 15m,INR 451,5 Seats available,"3.5
16",https://www.redbus.in/bus-tickets/kothagudem-to-hyderabad,Kothagudem to Hyderabad
TSRTC - 8734,"SUPER LUXURY (NON-AC, 2 + 2 PUSH BACK)",22:30,05:00,06h 30m,INR 451,3 Seats available,"4.2
24",https://www.redbus.in/bus-tickets/kothagudem-to-hyderabad,Kothagudem to Hyderabad
TSRTC - 8708,"SUPER LUXURY (NON-AC, 2 + 2 PUSH BACK)",22:45,05:00,06h 15m,INR 451,3 Seats available,"4.7
21",https://www.redbus.in/bus-tickets/kothagudem-to-hyderabad,Kothagudem to Hyderabad
TSRTC - 34333,LAHARI A/C SLEEPER CUM SEATER,23:05,05:00,05h 55m,INR 548,4 Seats available,3.8,https://www.redbus.in/bus-tickets/kothagudem-to-hyderabad,Kothagudem to Hyderabad
TSRTC - 8742,"SUPER LUXURY (NON-AC, 2 + 2 PUSH BACK)",23:15,05:45,06h 30m,INR 451,1 Seat available,"3.7
23",https://www.redbus.in/bus-tickets/kothagudem-to-hyderabad,Kothagudem to Hyderabad
TSRTC - 8949,RAJDHANI (A.C. Semi Sleeper),23:30,05:10,05h 40m,INR 548,1 Seat available,3.8,https://www.redbus.in/bus-tickets/kothagudem-to-hyderabad,Kothagudem to Hyderabad
BSR Tours And Travels,A/C Sleeper (2+1),23:30,06:00,06h 30m,780,1 Seat available,"4.6
145",https://www.redbus.in/bus-tickets/kothagudem-to-hyderabad,Kothagudem to Hyderabad
Nani’s Sai Krishna Travels,Non A/C Seater / Sleeper (2+1),23:09,05:00,05h 51m,INR 800,2 Seats available,"3.9
55",https://www.redbus.in/bus-tickets/kothagudem-to-hyderabad,Kothagudem to Hyderabad
Bharathi Tours & Travels,A/C Sleeper (2+1),23:00,05:00,06h 00m,INR 1000,5 Seats available,"4.6
17",https://www.redbus.in/bus-tickets/kothagudem-to-hyderabad,Kothagudem to Hyderabad
Morning Star Travels,A/C Sleeper (2+1),23:15,04:55,05h 40m,INR 1090,2 Seats available,"3.7
40",https://www.redbus.in/bus-tickets/kothagudem-to-hyderabad,Kothagudem to Hyderabad
SAIRAJ TRAVELS,A/C Seater / Sleeper (2+1),23:00,05:30,06h 30m,INR 780,3 Seats available,"4.3
50",https://www.redbus.in/bus-tickets/kothagudem-to-hyderabad,Kothagudem to Hyderabad
TSRTC - 8719,"SUPER LUXURY (NON-AC, 2 + 2 PUSH BACK)",20:00,05:30,09h 30m,INR 517,16 Seats available,"4.4
40",https://www.redbus.in/bus-tickets/hyderabad-to-bhadrachalam,Hyderabad to Bhadrachalam
TSRTC - 34330,"SUPER LUXURY (NON-AC, 2 + 2 PUSH BACK)",20:40,04:10,07h 30m,INR 517,30 Seats available,"4.5
45",https://www.redbus.in/bus-tickets/hyderabad-to-bhadrachalam,Hyderabad to Bhadrachalam
TSRTC - 8727,"SUPER LUXURY (NON-AC, 2 + 2 PUSH BACK)",21:15,04:45,07h 30m,INR 517,20 Seats available,"4.6
55",https://www.redbus.in/bus-tickets/hyderabad-to-bhadrachalam,Hyderabad to Bhadrachalam
TSRTC - 34332,LAHARI A/C SLEEPER CUM SEATER,22:00,05:00,07h 00m,INR 627,26 Seats available,"4.1
6",https://www.redbus.in/bus-tickets/hyderabad-to-bhadrachalam,Hyderabad to Bhadrachalam
TSRTC - 8729,"SUPER LUXURY (NON-AC, 2 + 2 PUSH BACK)",23:00,06:00,07h 00m,INR 517,23 Seats available,"3.9
64",https://www.redbus.in/bus-tickets/hyderabad-to-bhadrachalam,Hyderabad to Bhadrachalam
TSRTC - 8737,"SUPER LUXURY (NON-AC, 2 + 2 PUSH BACK)",23:20,06:50,07h 30m,INR 517,29 Seats available,"4.2
34",https://www.redbus.in/bus-tickets/hyderabad-to-bhadrachalam,Hyderabad to Bhadrachalam
BSR Tours And Travels,A/C Seater / Sleeper (2+1),20:50,05:30,08h 40m,INR 580,18 Seats available,"4.3
253",https://www.redbus.in/bus-tickets/hyderabad-to-bhadrachalam,Hyderabad to Bhadrachalam
Bharathi Tours & Travels,Non A/C Seater / Sleeper (2+1),22:35,06:30,07h 55m,INR 450,19 Seats available,"4.2
116",https://www.redbus.in/bus-tickets/hyderabad-to-bhadrachalam,Hyderabad to Bhadrachalam
Bharathi Tours & Travels,Non A/C Seater / Sleeper (2+1),21:20,05:50,08h 30m,INR 450,17 Seats available,"4.1
177",https://www.redbus.in/bus-tickets/hyderabad-to-bhadrachalam,Hyderabad to Bhadrachalam
SAIRAJ TRAVELS,A/C Seater / Sleeper (2+1),22:15,05:45,07h 30m,INR 500,21 Seats available,"4.2
95",https://www.redbus.in/bus-tickets/hyderabad-to-bhadrachalam,Hyderabad to Bhadrachalam
Nani’s Sai Krishna Travels,Non A/C Seater / Sleeper (2+1),22:20,05:50,07h 30m,INR 450,16 Seats available,"4.1
23",https://www.redbus.in/bus-tickets/hyderabad-to-bhadrachalam,Hyderabad to Bhadrachalam
TSRTC - 34342,RAJDHANI (A.C. Semi Sleeper),19:40,01:40,06h 00m,INR 548,32 Seats available,"3.1
8",https://www.redbus.in/bus-tickets/hyderabad-to-kothagudem,Hyderabad to Kothagudem
TSRTC - 8719,"SUPER LUXURY (NON-AC, 2 + 2 PUSH BACK)",20:00,04:00,08h 00m,INR 451,16 Seats available,"4.8
9",https://www.redbus.in/bus-tickets/hyderabad-to-kothagudem,Hyderabad to Kothagudem
TSRTC - 6906,Deluxe (Non AC Seater 2+2),20:20,02:40,06h 20m,INR 396,28 Seats available,3.8,https://www.redbus.in/bus-tickets/hyderabad-to-kothagudem,Hyderabad to Kothagudem
TSRTC - 34330,"SUPER LUXURY (NON-AC, 2 + 2 PUSH BACK)",20:40,03:10,06h 30m,INR 451,30 Seats available,"4.8
7",https://www.redbus.in/bus-tickets/hyderabad-to-kothagudem,Hyderabad to Kothagudem
TSRTC - 8902,"SUPER LUXURY (NON-AC, 2 + 2 PUSH BACK)",20:45,03:30,06h 45m,INR 451,17 Seats available,"4.7
25",https://www.redbus.in/bus-tickets/hyderabad-to-kothagudem,Hyderabad to Kothagudem
TSRTC - 8727,"SUPER LUXURY (NON-AC, 2 + 2 PUSH BACK)",21:15,03:45,06h 30m,INR 451,30 Seats available,"3.7
8",https://www.redbus.in/bus-tickets/hyderabad-to-kothagudem,Hyderabad to Kothagudem
TSRTC - 8875,"SUPER LUXURY (NON-AC, 2 + 2 PUSH BACK)",21:30,03:45,06h 15m,INR 451,32 Seats available,"4.8
12",https://www.redbus.in/bus-tickets/hyderabad-to-kothagudem,Hyderabad to Kothagudem
TSRTC - 8983,RAJDHANI (A.C. Semi Sleeper),21:30,05:00,07h 30m,INR 548,32 Seats available,3.8,https://www.redbus.in/bus-tickets/hyderabad-to-kothagudem,Hyderabad to Kothagudem
TSRTC - 9984,Lahari Non A/C Sleeper Cum Seater,21:30,04:15,06h 45m,INR 451,18 Seats available,"3.8
33",https://www.redbus.in/bus-tickets/hyderabad-to-kothagudem,Hyderabad to Kothagudem
TSRTC - 34332,LAHARI A/C SLEEPER CUM SEATER,22:00,04:10,06h 10m,INR 548,27 Seats available,"2.8
4",https://www.redbus.in/bus-tickets/hyderabad-to-kothagudem,Hyderabad to Kothagudem
TSRTC - 9970,"SUPER LUXURY (NON-AC, 2 + 2 PUSH BACK)",22:15,04:15,06h 00m,INR 451,28 Seats available,"4.1
11",https://www.redbus.in/bus-tickets/hyderabad-to-kothagudem,Hyderabad to Kothagudem
TSRTC - 8872,"SUPER LUXURY (NON-AC, 2 + 2 PUSH BACK)",22:40,04:50,06h 10m,INR 451,29 Seats available,"4.2
26",https://www.redbus.in/bus-tickets/hyderabad-to-kothagudem,Hyderabad to Kothagudem
TSRTC - 8729,"SUPER LUXURY (NON-AC, 2 + 2 PUSH BACK)",23:00,05:00,06h 00m,INR 451,21 Seats available,"3.8
26",https://www.redbus.in/bus-tickets/hyderabad-to-kothagudem,Hyderabad to Kothagudem
TSRTC - 8737,"SUPER LUXURY (NON-AC, 2 + 2 PUSH BACK)",23:20,05:50,06h 30m,INR 451,27 Seats available,"3.7
11",https://www.redbus.in/bus-tickets/hyderabad-to-kothagudem,Hyderabad to Kothagudem
TSRTC - 8877,"SUPER LUXURY (NON-AC, 2 + 2 PUSH BACK)",23:55,06:15,06h 20m,INR 451,30 Seats available,"4.6
11",https://www.redbus.in/bus-tickets/hyderabad-to-kothagudem,Hyderabad to Kothagudem
BSR Tours And Travels,A/C Sleeper (2+1),22:00,04:30,06h 30m,780,4 Seats available,"4.9
161",https://www.redbus.in/bus-tickets/hyderabad-to-kothagudem,Hyderabad to Kothagudem
BSR Tours And Travels,A/C Seater / Sleeper (2+1),22:00,04:30,06h 30m,INR 580,20 Seats available,"4.4
77",https://www.redbus.in/bus-tickets/hyderabad-to-kothagudem,Hyderabad to Kothagudem
SAIRAJ TRAVELS,A/C Seater / Sleeper (2+1),22:15,05:00,06h 45m,INR 500,21 Seats available,"4.6
47",https://www.redbus.in/bus-tickets/hyderabad-to-kothagudem,Hyderabad to Kothagudem
SAIRAJ TRAVELS,NON A/C Seater (2+2),22:15,05:00,06h 45m,INR 450,10 Seats available,"4.0
63",https://www.redbus.in/bus-tickets/hyderabad-to-kothagudem,Hyderabad to Kothagudem
Bharathi Tours & Travels,A/C Sleeper (2+1),21:20,04:50,07h 30m,INR 700,3 Seats available,"4.8
23",https://www.redbus.in/bus-tickets/hyderabad-to-kothagudem,Hyderabad to Kothagudem
TSRTC - 8804,RAJDHANI (A.C. Semi Sleeper),20:35,03:50,07h 15m,INR 550,32 Seats available,"3.7
48",https://www.redbus.in/bus-tickets/hyderabad-to-sathupalli,Hyderabad to Sathupally
TSRTC - 64341,"SUPER LUXURY (NON-AC, 2 + 2 PUSH BACK)",20:50,04:55,08h 05m,INR 453,9 Seats available,"4.2
47",https://www.redbus.in/bus-tickets/hyderabad-to-sathupalli,Hyderabad to Sathupally
TSRTC - 8886,Lahari Non A/C Sleeper Cum Seater,21:00,04:30,07h 30m,INR 453,24 Seats available,"4.3
66",https://www.redbus.in/bus-tickets/hyderabad-to-sathupalli,Hyderabad to Sathupally
TSRTC - 8825,"SUPER LUXURY (NON-AC, 2 + 2 PUSH BACK)",21:00,04:30,07h 30m,INR 453,17 Seats available,"4.3
27",https://www.redbus.in/bus-tickets/hyderabad-to-sathupalli,Hyderabad to Sathupally
TSRTC - 8856,RAJDHANI (A.C. Semi Sleeper),21:15,04:40,07h 25m,INR 550,25 Seats available,"3.7
23",https://www.redbus.in/bus-tickets/hyderabad-to-sathupalli,Hyderabad to Sathupally
TSRTC - 8848,"SUPER LUXURY (NON-AC, 2 + 2 PUSH BACK)",21:20,04:50,07h 30m,INR 453,7 Seats available,"3.7
47",https://www.redbus.in/bus-tickets/hyderabad-to-sathupalli,Hyderabad to Sathupally
TSRTC - 64864,"SUPER LUXURY (NON-AC, 2 + 2 PUSH BACK)",21:40,03:45,06h 05m,INR 453,30 Seats available,"4.1
21",https://www.redbus.in/bus-tickets/hyderabad-to-sathupalli,Hyderabad to Sathupally
TSRTC - 64832,RAJDHANI (A.C. Semi Sleeper),22:00,05:25,07h 25m,INR 550,27 Seats available,"3.5
34",https://www.redbus.in/bus-tickets/hyderabad-to-sathupalli,Hyderabad to Sathupally
TSRTC - 64827,"SUPER LUXURY (NON-AC, 2 + 2 PUSH BACK)",22:15,06:00,07h 45m,INR 453,5 Seats available,"3.9
55",https://www.redbus.in/bus-tickets/hyderabad-to-sathupalli,Hyderabad to Sathupally
Mozo travels,A/C Seater / Sleeper (2+1),22:40,05:05,06h 25m,INR 600,9 Seats available,"4.7
73",https://www.redbus.in/bus-tickets/hyderabad-to-sathupalli,Hyderabad to Sathupally
BSR Tours And Travels,NON A/C Seater (2+2),22:00,05:00,07h 00m,INR 400,29 Seats available,"4.0
240",https://www.redbus.in/bus-tickets/hyderabad-to-sathupalli,Hyderabad to Sathupally
Sri Venkateswara Travels,Non A/C Seater / Sleeper (2+1),22:30,05:00,06h 30m,INR 400,18 Seats available,"3.8
88",https://www.redbus.in/bus-tickets/hyderabad-to-sathupalli,Hyderabad to Sathupally
Bharathi Tours & Travels,Non A/C Seater / Sleeper (2+1),21:20,05:00,07h 40m,INR 400,19 Seats available,"4.4
40",https://www.redbus.in/bus-tickets/hyderabad-to-sathupalli,Hyderabad to Sathupally
Mythri Tours And Travels,A/C Sleeper (2+1),23:00,04:15,05h 15m,INR 749,11 Seats available,"4.9
20",https://www.redbus.in/bus-tickets/hyderabad-to-sathupalli,Hyderabad to Sathupally
APSRTC - 6735,"SUPER LUXURY (NON-AC, 2 + 2 PUSH BACK)",20:45,06:00,09h 15m,INR 616,19 Seats available,"3.6
33",https://www.redbus.in/bus-tickets/hyderabad-to-ananthapur,Hyderabad to Anantapur (andhra pradesh)
APSRTC - 53549,"SUPER LUXURY (NON-AC, 2 + 2 PUSH BACK)",21:00,04:00,07h 00m,INR 584,23 Seats available,"4.6
26",https://www.redbus.in/bus-tickets/hyderabad-to-ananthapur,Hyderabad to Anantapur (andhra pradesh)
APSRTC - 6831,"SUPER LUXURY (NON-AC, 2 + 2 PUSH BACK)",21:15,06:25,09h 10m,INR 616,18 Seats available,"4.0
50",https://www.redbus.in/bus-tickets/hyderabad-to-ananthapur,Hyderabad to Anantapur (andhra pradesh)
APSRTC - 6833,INDRA(A.C. Seater),21:30,06:00,08h 30m,INR 745,23 Seats available,"3.9
78",https://www.redbus.in/bus-tickets/hyderabad-to-ananthapur,Hyderabad to Anantapur (andhra pradesh)
APSRTC - 66441,"SUPER LUXURY (NON-AC, 2 + 2 PUSH BACK)",21:30,06:40,09h 10m,INR 616,13 Seats available,"3.9
18",https://www.redbus.in/bus-tickets/hyderabad-to-ananthapur,Hyderabad to Anantapur (andhra pradesh)
APSRTC - 6950,"SUPER LUXURY (NON-AC, 2 + 2 PUSH BACK)",21:45,07:15,09h 30m,INR 616,8 Seats available,"2.6
36",https://www.redbus.in/bus-tickets/hyderabad-to-ananthapur,Hyderabad to Anantapur (andhra pradesh)
APSRTC - 6731,"SUPER LUXURY (NON-AC, 2 + 2 PUSH BACK)",23:00,07:15,08h 15m,INR 584,30 Seats available,"3.4
32",https://www.redbus.in/bus-tickets/hyderabad-to-ananthapur,Hyderabad to Anantapur (andhra pradesh)
APSRTC - 6733,"SUPER LUXURY (NON-AC, 2 + 2 PUSH BACK)",23:15,07:00,07h 45m,INR 584,31 Seats available,"3.7
35",https://www.redbus.in/bus-tickets/hyderabad-to-ananthapur,Hyderabad to Anantapur (andhra pradesh)
Sri Balaji Transports,A/C Seater / Sleeper (2+1),21:50,05:45,07h 55m,INR 650,25 Seats available,"4.4
308",https://www.redbus.in/bus-tickets/hyderabad-to-ananthapur,Hyderabad to Anantapur (andhra pradesh)
Al madeena Travels,Non A/C Seater / Sleeper (2+1),21:15,06:15,09h 00m,INR 550,11 Seats available,"4.3
331",https://www.redbus.in/bus-tickets/hyderabad-to-ananthapur,Hyderabad to Anantapur (andhra pradesh)
Sri Balaji Transports,Non A/C Seater / Sleeper (2+1),21:52,06:08,08h 16m,INR 550,15 Seats available,"4.2
247",https://www.redbus.in/bus-tickets/hyderabad-to-ananthapur,Hyderabad to Anantapur (andhra pradesh)
Sree sivasankar Travels,NON A/C Seater (2+2),21:45,06:22,08h 37m,INR 550,17 Seats available,"4.1
223",https://www.redbus.in/bus-tickets/hyderabad-to-ananthapur,Hyderabad to Anantapur (andhra pradesh)
Madhavi Travels,A/C Seater / Sleeper (2+1),22:10,06:10,08h 00m,INR 700,17 Seats available,"4.3
61",https://www.redbus.in/bus-tickets/hyderabad-to-ananthapur,Hyderabad to Anantapur (andhra pradesh)
APSRTC - 5914,"SUPER LUXURY (NON-AC, 2 + 2 PUSH BACK)",20:40,05:30,08h 50m,INR 555,21 Seats available,"3.6
46",https://www.redbus.in/bus-tickets/hyderabad-to-ongole,Hyderabad to Ongole
APSRTC - 5928,"SUPER LUXURY (NON-AC, 2 + 2 PUSH BACK)",20:45,05:00,08h 15m,INR 555,10 Seats available,"3.5
60",https://www.redbus.in/bus-tickets/hyderabad-to-ongole,Hyderabad to Ongole
APSRTC - 5976,"SUPER LUXURY (NON-AC, 2 + 2 PUSH BACK)",20:50,06:15,09h 25m,INR 590,15 Seats available,3.9,https://www.redbus.in/bus-tickets/hyderabad-to-ongole,Hyderabad to Ongole
APSRTC - 58231,"SUPER LUXURY (NON-AC, 2 + 2 PUSH BACK)",20:50,05:45,08h 55m,INR 555,24 Seats available,"3.7
32",https://www.redbus.in/bus-tickets/hyderabad-to-ongole,Hyderabad to Ongole
APSRTC - 5863,"SUPER LUXURY (NON-AC, 2 + 2 PUSH BACK)",21:00,05:15,08h 15m,INR 555,12 Seats available,"3.6
24",https://www.redbus.in/bus-tickets/hyderabad-to-ongole,Hyderabad to Ongole
APSRTC - 5902,STAR LINER(NON-AC SLEEPER 2+1),21:00,05:45,08h 45m,INR 719,6 Seats available,"4.3
104",https://www.redbus.in/bus-tickets/hyderabad-to-ongole,Hyderabad to Ongole
APSRTC - 48604,AMARAVATHI (VOLVO / SCANIA A.C Multi Axle),21:00,05:10,08h 10m,INR 852,28 Seats available,"4.6
75",https://www.redbus.in/bus-tickets/hyderabad-to-ongole,Hyderabad to Ongole
APSRTC - 45902,"SUPER LUXURY (NON-AC, 2 + 2 PUSH BACK)",21:10,06:30,09h 20m,INR 555,21 Seats available,"3.8
67",https://www.redbus.in/bus-tickets/hyderabad-to-ongole,Hyderabad to Ongole
APSRTC - 5920,VENNELA (A.C. SLEEPER),21:15,05:30,08h 15m,INR 992,5 Seats available,"4.3
149",https://www.redbus.in/bus-tickets/hyderabad-to-ongole,Hyderabad to Ongole
APSRTC - 48601,INDRA(A.C. Seater),21:20,05:00,07h 40m,INR 671,30 Seats available,"4.0
100",https://www.redbus.in/bus-tickets/hyderabad-to-ongole,Hyderabad to Ongole
APSRTC - 48493,"SUPER LUXURY (NON-AC, 2 + 2 PUSH BACK)",21:20,05:45,08h 25m,INR 555,23 Seats available,"3.8
49",https://www.redbus.in/bus-tickets/hyderabad-to-ongole,Hyderabad to Ongole
APSRTC - 5904,DOLPHIN CRUISE (VOLVO / SCANIA A.C Multi Axle),21:25,05:30,08h 05m,INR 852,29 Seats available,"4.3
89",https://www.redbus.in/bus-tickets/hyderabad-to-ongole,Hyderabad to Ongole
APSRTC - 5857,STAR LINER(NON-AC SLEEPER 2+1),21:40,06:00,08h 20m,INR 719,7 Seats available,"2.3
27",https://www.redbus.in/bus-tickets/hyderabad-to-ongole,Hyderabad to Ongole
APSRTC - 9228,"SUPER LUXURY (NON-AC, 2 + 2 PUSH BACK)",21:50,06:15,08h 25m,INR 555,14 Seats available,"4.0
64",https://www.redbus.in/bus-tickets/hyderabad-to-ongole,Hyderabad to Ongole
APSRTC - 5379,INDRA(A.C. Seater),22:00,05:55,07h 55m,INR 671,29 Seats available,"4.0
123",https://www.redbus.in/bus-tickets/hyderabad-to-ongole,Hyderabad to Ongole
Sri Vengamamba Bus Transport (SVBT),A/C Seater / Sleeper (2+1),21:45,06:15,08h 30m,INR 800,13 Seats available,"4.5
244",https://www.redbus.in/bus-tickets/hyderabad-to-ongole,Hyderabad to Ongole
V Kaveri Travels,Scania AC Multi Axle Sleeper (2+1),21:30,05:45,08h 15m,INR 990,17 Seats available,"4.2
248",https://www.redbus.in/bus-tickets/hyderabad-to-ongole,Hyderabad to Ongole
Kaveri Travels,Volvo Multi Axle A/C Sleeper I-Shift B11R (2+1),20:50,05:40,08h 50m,INR 800,13 Seats available,"4.2
133",https://www.redbus.in/bus-tickets/hyderabad-to-ongole,Hyderabad to Ongole
AdCherry tours&travels,Non A/C Seater / Sleeper (2+1),19:45,04:30,08h 45m,618,7 Seats available,"3.6
10",https://www.redbus.in/bus-tickets/hyderabad-to-ongole,Hyderabad to Ongole
Chandu Travels,A/C Sleeper (2+1),22:15,05:45,07h 30m,741,19 Seats available,"4.0
157",https://www.redbus.in/bus-tickets/hyderabad-to-ongole,Hyderabad to Ongole
APSRTC - 42443,"SUPER LUXURY (NON-AC, 2 + 2 PUSH BACK)",21:00,05:45,08h 45m,INR 451,22 Seats available,"3.7
75",https://www.redbus.in/bus-tickets/hyderabad-to-guntur,Hyderabad to Guntur (Andhra Pradesh)
APSRTC - 4629,"SUPER LUXURY (NON-AC, 2 + 2 PUSH BACK)",21:00,05:00,08h 00m,INR 451,21 Seats available,"4.1
29",https://www.redbus.in/bus-tickets/hyderabad-to-guntur,Hyderabad to Guntur (Andhra Pradesh)
APSRTC - 4155,INDRA(A.C. Seater),21:10,04:24,07h 14m,INR 545,32 Seats available,"3.4
91",https://www.redbus.in/bus-tickets/hyderabad-to-guntur,Hyderabad to Guntur (Andhra Pradesh)
APSRTC - 4189,"SUPER LUXURY (NON-AC, 2 + 2 PUSH BACK)",21:15,05:20,08h 05m,INR 451,29 Seats available,3.7,https://www.redbus.in/bus-tickets/hyderabad-to-guntur,Hyderabad to Guntur (Andhra Pradesh)
APSRTC - 4619,STAR LINER(NON-AC SLEEPER 2+1),21:20,04:30,07h 10m,INR 584,11 Seats available,"4.0
119",https://www.redbus.in/bus-tickets/hyderabad-to-guntur,Hyderabad to Guntur (Andhra Pradesh)
APSRTC - 4199,"SUPER LUXURY (NON-AC, 2 + 2 PUSH BACK)",21:40,05:20,07h 40m,INR 483,20 Seats available,"3.2
65",https://www.redbus.in/bus-tickets/hyderabad-to-guntur,Hyderabad to Guntur (Andhra Pradesh)
APSRTC - 4223,INDRA(A.C. Seater),21:45,04:55,07h 10m,INR 545,29 Seats available,"3.6
122",https://www.redbus.in/bus-tickets/hyderabad-to-guntur,Hyderabad to Guntur (Andhra Pradesh)
APSRTC - 4621,"SUPER LUXURY (NON-AC, 2 + 2 PUSH BACK)",21:50,05:45,07h 55m,INR 451,15 Seats available,"3.5
64",https://www.redbus.in/bus-tickets/hyderabad-to-guntur,Hyderabad to Guntur (Andhra Pradesh)
APSRTC - 4267,"SUPER LUXURY (NON-AC, 2 + 2 PUSH BACK)",22:15,04:20,06h 05m,INR 451,30 Seats available,"3.3
56",https://www.redbus.in/bus-tickets/hyderabad-to-guntur,Hyderabad to Guntur (Andhra Pradesh)
APSRTC - 4181,STAR LINER(NON-AC SLEEPER 2+1),22:15,05:20,07h 05m,INR 584,19 Seats available,"3.5
43",https://www.redbus.in/bus-tickets/hyderabad-to-guntur,Hyderabad to Guntur (Andhra Pradesh)
APSRTC - 4219,AMARAVATHI (VOLVO / SCANIA A.C Multi Axle),22:15,05:05,06h 50m,INR 693,27 Seats available,"4.0
112",https://www.redbus.in/bus-tickets/hyderabad-to-guntur,Hyderabad to Guntur (Andhra Pradesh)
IntrCity SmartBus,A/C Seater / Sleeper (2+1),22:25,06:45,08h 20m,INR 506,12 Seats available,"4.5
498",https://www.redbus.in/bus-tickets/hyderabad-to-guntur,Hyderabad to Guntur (Andhra Pradesh)
GMRK Tours and Travels,Volvo A/C Semi Sleeper (2+2),22:30,06:10,07h 40m,427,19 Seats available,"4.5
462",https://www.redbus.in/bus-tickets/hyderabad-to-guntur,Hyderabad to Guntur (Andhra Pradesh)
Zingbus Plus,A/C Seater / Sleeper (2+1),22:50,06:50,08h 00m,424,22 Seats available,"4.5
301",https://www.redbus.in/bus-tickets/hyderabad-to-guntur,Hyderabad to Guntur (Andhra Pradesh)
AdIntrCity SmartBus,AC Sleeper (2+1),22:45,07:25,08h 40m,INR 923,5 Seats available,"4.5
101",https://www.redbus.in/bus-tickets/hyderabad-to-guntur,Hyderabad to Guntur (Andhra Pradesh)
Svkdt travels,A/C Sleeper (2+1),22:20,06:30,08h 10m,INR 590,15 Seats available,"4.3
348",https://www.redbus.in/bus-tickets/hyderabad-to-guntur,Hyderabad to Guntur (Andhra Pradesh)
APSRTC - 6033,"SUPER LUXURY (NON-AC, 2 + 2 PUSH BACK)",22:00,05:50,07h 50m,INR 710,3 Seats available,"4.3
30",https://www.redbus.in/bus-tickets/kadapa-to-hyderabad,Kadapa to Hyderabad
APSRTC - 5442,VENNELA (A.C. SLEEPER),23:55,06:25,06h 30m,INR 1271,1 Seat available,"2.5
13",https://www.redbus.in/bus-tickets/kadapa-to-hyderabad,Kadapa to Hyderabad
Jagan Travels,Non A/C Seater / Sleeper (2+1),21:45,05:38,07h 53m,INR 1600,1 Seat available,"4.6
228",https://www.redbus.in/bus-tickets/kadapa-to-hyderabad,Kadapa to Hyderabad
Jagan Travels,A/C Sleeper (2+1),22:00,06:00,08h 00m,INR 1210,6 Seats available,"4.5
240",https://www.redbus.in/bus-tickets/kadapa-to-hyderabad,Kadapa to Hyderabad
Sai Karthik Travels,Non A/C Seater / Sleeper (2+1),23:30,07:10,07h 40m,INR 860,1 Seat available,"4.7
275",https://www.redbus.in/bus-tickets/kadapa-to-hyderabad,Kadapa to Hyderabad
CMR Express,NON A/C Sleeper (2+1),22:05,06:02,07h 57m,INR 1250,1 Seat available,"4.4
203",https://www.redbus.in/bus-tickets/kadapa-to-hyderabad,Kadapa to Hyderabad
Jagan Travels,A/C Sleeper (2+1),23:15,06:37,07h 22m,INR 1398,3 Seats available,"4.5
99",https://www.redbus.in/bus-tickets/kadapa-to-hyderabad,Kadapa to Hyderabad
MMR TRAVELS,Non A/C Seater / Sleeper (2+1),22:00,05:53,07h 53m,INR 999,1 Seat available,"4.3
236",https://www.redbus.in/bus-tickets/kadapa-to-hyderabad,Kadapa to Hyderabad
AR & BCVR Travels,A/C Sleeper (2+1),22:15,06:30,08h 15m,INR 1200,2 Seats available,"4.3
216",https://www.redbus.in/bus-tickets/kadapa-to-hyderabad,Kadapa to Hyderabad
CGR Travels,Non A/C Seater / Sleeper (2+1),22:10,06:25,08h 15m,INR 860,1 Seat available,"4.2
317",https://www.redbus.in/bus-tickets/kadapa-to-hyderabad,Kadapa to Hyderabad
AR & BCVR Travels,Non A/C Seater / Sleeper (2+1),21:45,04:50,07h 05m,INR 860,1 Seat available,"4.2
238",https://www.redbus.in/bus-tickets/kadapa-to-hyderabad,Kadapa to Hyderabad
Zingbus Plus,A/C Sleeper (2+1),22:45,07:20,08h 35m,909,3 Seats available,"4.4
225",https://www.redbus.in/bus-tickets/kadapa-to-hyderabad,Kadapa to Hyderabad
TSRTC - 8454,"SUPER LUXURY (NON-AC, 2 + 2 PUSH BACK)",19:45,08:00,12h 15m,INR 780,15 Seats available,"2.3
6",https://www.redbus.in/bus-tickets/hyderabad-to-tirupathi,Hyderabad to Tirupati
TSRTC - 6206,"SUPER LUXURY (NON-AC, 2 + 2 PUSH BACK)",19:45,06:50,11h 05m,INR 732,18 Seats available,"3.1
67",https://www.redbus.in/bus-tickets/hyderabad-to-tirupathi,Hyderabad to Tirupati
TSRTC - 1498,"SUPER LUXURY (NON-AC, 2 + 2 PUSH BACK)",20:00,08:30,12h 30m,INR 732,15 Seats available,"4.2
34",https://www.redbus.in/bus-tickets/hyderabad-to-tirupathi,Hyderabad to Tirupati
TSRTC - 2469,"SUPER LUXURY (NON-AC, 2 + 2 PUSH BACK)",21:00,09:30,12h 30m,INR 764,17 Seats available,"2.8
19",https://www.redbus.in/bus-tickets/hyderabad-to-tirupathi,Hyderabad to Tirupati
CMR Express,Non A/C Seater / Sleeper (2+1),21:10,08:45,11h 35m,INR 545,18 Seats available,"4.1
318",https://www.redbus.in/bus-tickets/hyderabad-to-tirupathi,Hyderabad to Tirupati
Jagan Travels,Non A/C Seater / Sleeper (2+1),21:30,09:50,12h 20m,INR 600,12 Seats available,"4.1
129",https://www.redbus.in/bus-tickets/hyderabad-to-tirupathi,Hyderabad to Tirupati
Vikram Travels,A/C Sleeper (2+1),20:20,08:30,12h 10m,INR 799,11 Seats available,"4.4
174",https://www.redbus.in/bus-tickets/hyderabad-to-tirupathi,Hyderabad to Tirupati
AdBalaji Cabs,Bharat Benz A/C Sleeper (2+1),20:30,03:30,07h 00m,INR 999,12 Seats available,"3.9
233",https://www.redbus.in/bus-tickets/hyderabad-to-tirupathi,Hyderabad to Tirupati
Anagha Travels,A/C Seater / Sleeper (2+1),19:40,05:45,10h 05m,750,19 Seats available,"4.0
122",https://www.redbus.in/bus-tickets/hyderabad-to-tirupathi,Hyderabad to Tirupati
Moksha Travels,A/C Sleeper (2+1),22:15,10:00,11h 45m,INR 800,23 Seats available,4.1,https://www.redbus.in/bus-tickets/hyderabad-to-tirupathi,Hyderabad to Tirupati
KGN and NR TRAVELS,NON A/C Sleeper (2+1),22:30,09:40,11h 10m,INR 1100,30 Seats available,4.0,https://www.redbus.in/bus-tickets/hyderabad-to-tirupathi,Hyderabad to Tirupati
AdJagan Travels,A/C Sleeper (2+1),22:05,09:45,11h 40m,INR 900,4 Seats available,"4.1
93",https://www.redbus.in/bus-tickets/hyderabad-to-tirupathi,Hyderabad to Tirupati
IntrCity SmartBus,AC Sleeper (2+1),19:40,07:20,11h 40m,INR 900,1 Seat available,"4.7
529",https://www.redbus.in/bus-tickets/hyderabad-to-tirupathi,Hyderabad to Tirupati
Ramana Tours And Travels,A/C Sleeper (2+1),19:40,08:05,12h 25m,850,2 Seats available,"4.6
672",https://www.redbus.in/bus-tickets/hyderabad-to-tirupathi,Hyderabad to Tirupati
