Bus_name,Bus_type,Start_time,End_time,Total_duration,Price,Seats_Available,Ratings,Route_link,Route_name
KSRTC (Kerala) - 51,Swift Deluxe Non AC Air Bus (2+2),19:04,04:24,09h 20m,INR 640,2 Seats available,"4.4
39",https://www.redbus.in/bus-tickets/bangalore-to-kozhikode,Bangalore to Kozhikode
KSRTC (Kerala) - 789,Super Fast Non AC Seater (2+3),20:00,04:25,08h 25m,INR 473,4 Seats available,"3.9
62",https://www.redbus.in/bus-tickets/bangalore-to-kozhikode,Bangalore to Kozhikode
KSRTC (Kerala) - 1585,Super Express Non AC Seater Air Bus (2+2),20:31,05:36,09h 05m,INR 640,13 Seats available,"3.8
52",https://www.redbus.in/bus-tickets/bangalore-to-kozhikode,Bangalore to Kozhikode
KSRTC (Kerala) - 1586,Super Express Non AC Seater Air Bus (2+2),21:31,06:36,09h 05m,INR 640,26 Seats available,"3.4
32",https://www.redbus.in/bus-tickets/bangalore-to-kozhikode,Bangalore to Kozhikode
KSRTC (Kerala) - 2133,Swift Deluxe Non AC Air Bus (2+2),22:12,07:36,09h 24m,INR 640,22 Seats available,"4.1
15",https://www.redbus.in/bus-tickets/bangalore-to-kozhikode,Bangalore to Kozhikode
KSRTC (Kerala) - 2063,SWIFT-GARUDA A/C SEATER BUS,22:32,07:35,09h 03m,INR 627,3 Seats available,"3.3
41",https://www.redbus.in/bus-tickets/bangalore-to-kozhikode,Bangalore to Kozhikode
KSRTC (Kerala) - 574,Super Express Non AC Seater Air Bus (2+2),23:00,09:30,10h 30m,INR 469,18 Seats available,"3.3
30",https://www.redbus.in/bus-tickets/bangalore-to-kozhikode,Bangalore to Kozhikode
KSRTC (Kerala) - 583,Super Express Non AC Seater Air Bus (2+2),23:30,09:35,10h 05m,INR 469,20 Seats available,"3.5
62",https://www.redbus.in/bus-tickets/bangalore-to-kozhikode,Bangalore to Kozhikode
KSRTC (Kerala) - 56,SWIFT-GARUDA A/C SEATER BUS,23:41,09:05,09h 24m,INR 627,16 Seats available,"3.8
49",https://www.redbus.in/bus-tickets/bangalore-to-kozhikode,Bangalore to Kozhikode
MMK Travels,VE A/C Seater / Sleeper (2+1),22:30,07:30,09h 00m,INR 700,16 Seats available,"4.4
488",https://www.redbus.in/bus-tickets/bangalore-to-kozhikode,Bangalore to Kozhikode
SAAM BUS,VE A/C Sleeper (2+1),20:10,06:45,10h 35m,INR 850,15 Seats available,"4.5
154",https://www.redbus.in/bus-tickets/bangalore-to-kozhikode,Bangalore to Kozhikode
Kyros Connect,Bharat Benz A/C Semi Sleeper (2+2),23:00,09:00,10h 00m,INR 599,21 Seats available,"4.2
340",https://www.redbus.in/bus-tickets/bangalore-to-kozhikode,Bangalore to Kozhikode
AdSam Tourist,NON AC Seater / Sleeper 2+1,22:05,07:05,09h 00m,INR 599,29 Seats available,"3.6
57",https://www.redbus.in/bus-tickets/bangalore-to-kozhikode,Bangalore to Kozhikode
NS Transports,NON A/C Sleeper (2+1),21:45,06:10,08h 25m,INR 799,10 Seats available,"4.2
287",https://www.redbus.in/bus-tickets/bangalore-to-kozhikode,Bangalore to Kozhikode
KSRTC (Kerala) - 467,Super Express Non AC Seater Air Bus (2+2),19:55,00:35,04h 40m,INR 309,4 Seats available,"2.2
13",https://www.redbus.in/bus-tickets/kozhikode-to-ernakulam,Kozhikode to Ernakulam
KSRTC (Kerala) - 564,Super Express Non AC Seater Air Bus (2+2),20:12,00:51,04h 39m,INR 309,2 Seats available,"3.7
19",https://www.redbus.in/bus-tickets/kozhikode-to-ernakulam,Kozhikode to Ernakulam
KSRTC (Kerala) - 46,Swift Deluxe Non AC Air Bus (2+2),20:25,01:01,04h 36m,INR 309,4 Seats available,3.0,https://www.redbus.in/bus-tickets/kozhikode-to-ernakulam,Kozhikode to Ernakulam
KSRTC (Kerala) - 2393,Low Floor AC Seater 2+2,20:30,01:44,05h 14m,INR 383,2 Seats available,"4.3
5",https://www.redbus.in/bus-tickets/kozhikode-to-ernakulam,Kozhikode to Ernakulam
KSRTC (Kerala) - 827,Super Fast Non AC Seater (2+3),21:00,02:35,05h 35m,INR 269,15 Seats available,"4.2
7",https://www.redbus.in/bus-tickets/kozhikode-to-ernakulam,Kozhikode to Ernakulam
KSRTC (Kerala) - 531,Super Express Non AC Seater Air Bus (2+2),21:15,01:10,03h 55m,INR 309,2 Seats available,"3.3
8",https://www.redbus.in/bus-tickets/kozhikode-to-ernakulam,Kozhikode to Ernakulam
KSRTC (Kerala) - 666,Super Fast Non AC Seater (2+3),22:25,04:19,05h 54m,INR 269,36 Seats available,"3.9
5",https://www.redbus.in/bus-tickets/kozhikode-to-ernakulam,Kozhikode to Ernakulam
KSRTC (Kerala) - 1841,Low Floor AC Seater 2+2,22:30,03:40,05h 10m,INR 383,1 Seat available,"3.4
23",https://www.redbus.in/bus-tickets/kozhikode-to-ernakulam,Kozhikode to Ernakulam
KSRTC (Kerala) - 582,Super Express Non AC Seater Air Bus (2+2),22:40,03:40,05h 00m,INR 288,1 Seat available,3.0,https://www.redbus.in/bus-tickets/kozhikode-to-ernakulam,Kozhikode to Ernakulam
KSRTC (Kerala) - 1704,Super Fast Non AC Seater (2+3),22:40,03:50,05h 10m,INR 255,16 Seats available,3.0,https://www.redbus.in/bus-tickets/kozhikode-to-ernakulam,Kozhikode to Ernakulam
KSRTC (Kerala) - 1011,Super Fast Non AC Seater (2+3),23:00,04:30,05h 30m,INR 261,21 Seats available,3.0,https://www.redbus.in/bus-tickets/kozhikode-to-ernakulam,Kozhikode to Ernakulam
KSRTC (Kerala) - 279,Super Fast Non AC Seater (2+3),23:05,04:40,05h 35m,INR 269,22 Seats available,"3.6
28",https://www.redbus.in/bus-tickets/kozhikode-to-ernakulam,Kozhikode to Ernakulam
KSRTC (Kerala) - 407,Super Express Non AC Seater Air Bus (2+2),23:25,03:55,04h 30m,INR 299,1 Seat available,"3.6
5",https://www.redbus.in/bus-tickets/kozhikode-to-ernakulam,Kozhikode to Ernakulam
A1 Travels,NON A/C Semi Sleeper (2+2),21:00,01:30,04h 30m,INR 500,8 Seats available,"4.2
28",https://www.redbus.in/bus-tickets/kozhikode-to-ernakulam,Kozhikode to Ernakulam
Arjun Holidays,A/C Seater Push Back (2+2),21:50,02:50,05h 00m,INR 749,19 Seats available,3.7,https://www.redbus.in/bus-tickets/kozhikode-to-ernakulam,Kozhikode to Ernakulam
A1 Travels,Bharat Benz A/C Seater /Sleeper (2+1),22:15,01:45,03h 30m,INR 800,2 Seats available,"3.1
16",https://www.redbus.in/bus-tickets/kozhikode-to-ernakulam,Kozhikode to Ernakulam
A1 Travels,Bharat Benz A/C Seater /Sleeper (2+1),22:30,01:29,02h 59m,INR 800,10 Seats available,"3.4
24",https://www.redbus.in/bus-tickets/kozhikode-to-ernakulam,Kozhikode to Ernakulam
Madhavi Travels,Volvo A/C Semi Sleeper (2+2),23:30,02:35,03h 05m,799,10 Seats available,3.9,https://www.redbus.in/bus-tickets/kozhikode-to-ernakulam,Kozhikode to Ernakulam
KSRTC (Kerala) - 352,Super Fast Non AC Seater (2+3),21:46,03:10,05h 24m,INR 269,32 Seats available,"4.6
17",https://www.redbus.in/bus-tickets/ernakulam-to-kozhikode,Ernakulam to Kozhikode
KSRTC (Kerala) - 2071,Super Express Non AC Seater Air Bus (2+2),22:10,02:30,04h 20m,INR 268,15 Seats available,"3.7
5",https://www.redbus.in/bus-tickets/ernakulam-to-kozhikode,Ernakulam to Kozhikode
KSRTC (Kerala) - 408,Super Express Non AC Seater Air Bus (2+2),22:30,02:45,04h 15m,INR 299,3 Seats available,2.9,https://www.redbus.in/bus-tickets/ernakulam-to-kozhikode,Ernakulam to Kozhikode
KSRTC (Kerala) - 697,Super Fast Non AC Seater (2+3),22:34,03:35,05h 01m,INR 231,33 Seats available,"3.6
14",https://www.redbus.in/bus-tickets/ernakulam-to-kozhikode,Ernakulam to Kozhikode
Murahara Travels,Volvo Multi-Axle I-Shift B11R Semi Sleeper (2+2),18:45,23:45,05h 00m,760,19 Seats available,"4.2
27",https://www.redbus.in/bus-tickets/ernakulam-to-kozhikode,Ernakulam to Kozhikode
Shajees Motors,A/C Semi Sleeper (2+2),19:30,00:40,05h 10m,INR 600,18 Seats available,"3.2
39",https://www.redbus.in/bus-tickets/ernakulam-to-kozhikode,Ernakulam to Kozhikode
Ubc travels,A/C Semi Sleeper (2+2),20:40,01:00,04h 20m,INR 800,7 Seats available,"3.6
10",https://www.redbus.in/bus-tickets/ernakulam-to-kozhikode,Ernakulam to Kozhikode
Holy Maria Travels,A/C Semi Sleeper (2+2),20:50,02:10,05h 20m,INR 700,31 Seats available,3.6,https://www.redbus.in/bus-tickets/ernakulam-to-kozhikode,Ernakulam to Kozhikode
Kalpaka Travels 1,A/C Sleeper (2+1),20:55,02:30,05h 35m,INR 800,6 Seats available,"5.0
21",https://www.redbus.in/bus-tickets/ernakulam-to-kozhikode,Ernakulam to Kozhikode
Cochin Express,A/C Sleeper (2+1),21:15,02:30,05h 15m,INR 900,3 Seats available,"4.4
9",https://www.redbus.in/bus-tickets/ernakulam-to-kozhikode,Ernakulam to Kozhikode
UFO Bus,A/C Sleeper (2+1),21:15,02:45,05h 30m,800,2 Seats available,3.8,https://www.redbus.in/bus-tickets/ernakulam-to-kozhikode,Ernakulam to Kozhikode
Madhavi Travels,A/C Seater (2+2),22:10,03:35,05h 25m,599,13 Seats available,"3.0
4",https://www.redbus.in/bus-tickets/ernakulam-to-kozhikode,Ernakulam to Kozhikode
Madhavi Travels,A/C Sleeper (2+1),22:00,02:45,04h 45m,INR 799,3 Seats available,"4.8
18",https://www.redbus.in/bus-tickets/ernakulam-to-kozhikode,Ernakulam to Kozhikode
Cochin Express,Volvo Multi-Axle B9R A/c Semi Sleeper (2+2),21:15,02:20,05h 05m,INR 599,8 Seats available,4.4,https://www.redbus.in/bus-tickets/ernakulam-to-kozhikode,Ernakulam to Kozhikode
KSRTC (Kerala) - 2372,Low Floor AC Seater 2+2,19:30,04:10,08h 40m,INR 723,4 Seats available,2.9,https://www.redbus.in/bus-tickets/kozhikode-to-thiruvananthapuram,Kozhikode to Thiruvananthapuram
KSRTC (Kerala) - 467,Super Express Non AC Seater Air Bus (2+2),19:55,04:55,09h 00m,INR 586,4 Seats available,"1.6
4",https://www.redbus.in/bus-tickets/kozhikode-to-thiruvananthapuram,Kozhikode to Thiruvananthapuram
KSRTC (Kerala) - 564,Super Express Non AC Seater Air Bus (2+2),20:12,05:10,08h 58m,INR 586,1 Seat available,"3.2
13",https://www.redbus.in/bus-tickets/kozhikode-to-thiruvananthapuram,Kozhikode to Thiruvananthapuram
KSRTC (Kerala) - 2393,Low Floor AC Seater 2+2,20:30,06:35,10h 05m,INR 742,1 Seat available,2.9,https://www.redbus.in/bus-tickets/kozhikode-to-thiruvananthapuram,Kozhikode to Thiruvananthapuram
KSRTC (Kerala) - 827,Super Fast Non AC Seater (2+3),21:00,08:35,11h 35m,INR 515,14 Seats available,"2.6
12",https://www.redbus.in/bus-tickets/kozhikode-to-thiruvananthapuram,Kozhikode to Thiruvananthapuram
KSRTC (Kerala) - 531,Super Express Non AC Seater Air Bus (2+2),21:15,05:05,07h 50m,INR 586,2 Seats available,"3.0
16",https://www.redbus.in/bus-tickets/kozhikode-to-thiruvananthapuram,Kozhikode to Thiruvananthapuram
KSRTC (Kerala) - 1880,Low Floor AC Seater 2+2,21:30,07:30,10h 00m,INR 723,4 Seats available,"4.4
11",https://www.redbus.in/bus-tickets/kozhikode-to-thiruvananthapuram,Kozhikode to Thiruvananthapuram
KSRTC (Kerala) - 44,Swift Deluxe Non AC Air Bus (2+2),21:50,06:45,08h 55m,INR 565,3 Seats available,"4.6
11",https://www.redbus.in/bus-tickets/kozhikode-to-thiruvananthapuram,Kozhikode to Thiruvananthapuram
KSRTC (Kerala) - 2743,Super Express Non AC Seater Air Bus (2+2),22:20,08:40,10h 20m,INR 565,14 Seats available,2.9,https://www.redbus.in/bus-tickets/kozhikode-to-thiruvananthapuram,Kozhikode to Thiruvananthapuram
KSRTC (Kerala) - 1841,Low Floor AC Seater 2+2,22:30,08:30,10h 00m,INR 742,1 Seat available,2.9,https://www.redbus.in/bus-tickets/kozhikode-to-thiruvananthapuram,Kozhikode to Thiruvananthapuram
KSRTC (Kerala) - 1200,Super Express Non AC Seater Air Bus (2+2),22:35,08:25,09h 50m,INR 565,1 Seat available,2.9,https://www.redbus.in/bus-tickets/kozhikode-to-thiruvananthapuram,Kozhikode to Thiruvananthapuram
KSRTC (Kerala) - 279,Super Fast Non AC Seater (2+3),23:05,09:50,10h 45m,INR 515,21 Seats available,"2.4
9",https://www.redbus.in/bus-tickets/kozhikode-to-thiruvananthapuram,Kozhikode to Thiruvananthapuram
KSRTC (Kerala) - 1843,Low Floor AC Seater 2+2,23:30,09:35,10h 05m,INR 723,4 Seats available,"2.5
4",https://www.redbus.in/bus-tickets/kozhikode-to-thiruvananthapuram,Kozhikode to Thiruvananthapuram
Madhavi Travels,A/C Sleeper (2+1),22:20,06:30,08h 10m,999,2 Seats available,"3.5
75",https://www.redbus.in/bus-tickets/kozhikode-to-thiruvananthapuram,Kozhikode to Thiruvananthapuram
A1 Travels,A/C Seater / Sleeper (2+1),20:05,05:30,09h 25m,INR 700,13 Seats available,"3.8
184",https://www.redbus.in/bus-tickets/kozhikode-to-thiruvananthapuram,Kozhikode to Thiruvananthapuram
A1 Travels,Bharat Benz A/C Seater /Sleeper (2+1),22:15,05:45,07h 30m,INR 800,2 Seats available,"2.1
80",https://www.redbus.in/bus-tickets/kozhikode-to-thiruvananthapuram,Kozhikode to Thiruvananthapuram
Kallada Travels (Suresh Kallada),A/C Sleeper (2+1),23:15,07:15,08h 00m,INR 1049,2 Seats available,"2.1
52",https://www.redbus.in/bus-tickets/kozhikode-to-thiruvananthapuram,Kozhikode to Thiruvananthapuram
A1 Travels,Bharat Benz A/C Sleeper (2+1),23:30,08:00,08h 30m,INR 1000,9 Seats available,"2.5
19",https://www.redbus.in/bus-tickets/kozhikode-to-thiruvananthapuram,Kozhikode to Thiruvananthapuram
KSRTC (Kerala) - 51,Swift Deluxe Non AC Air Bus (2+2),19:04,02:50,07h 46m,INR 548,2 Seats available,3.7,https://www.redbus.in/bus-tickets/bangalore-to-kalpetta,Bangalore to Kalpetta (kerala)
KSRTC (Kerala) - 789,Super Fast Non AC Seater (2+3),20:00,02:05,06h 05m,INR 473,4 Seats available,3.7,https://www.redbus.in/bus-tickets/bangalore-to-kalpetta,Bangalore to Kalpetta (kerala)
KSRTC (Kerala) - 1585,Super Express Non AC Seater Air Bus (2+2),20:31,03:41,07h 10m,INR 548,20 Seats available,3.7,https://www.redbus.in/bus-tickets/bangalore-to-kalpetta,Bangalore to Kalpetta (kerala)
KSRTC (Kerala) - 1586,Super Express Non AC Seater Air Bus (2+2),21:31,04:46,07h 15m,INR 548,29 Seats available,3.7,https://www.redbus.in/bus-tickets/bangalore-to-kalpetta,Bangalore to Kalpetta (kerala)
KSRTC (Kerala) - 2133,Swift Deluxe Non AC Air Bus (2+2),22:12,06:01,07h 49m,INR 548,28 Seats available,"3.9
7",https://www.redbus.in/bus-tickets/bangalore-to-kalpetta,Bangalore to Kalpetta (kerala)
KSRTC (Kerala) - 2063,SWIFT-GARUDA A/C SEATER BUS,22:32,05:15,06h 43m,INR 524,8 Seats available,"4.1
9",https://www.redbus.in/bus-tickets/bangalore-to-kalpetta,Bangalore to Kalpetta (kerala)
KSRTC (Kerala) - 574,Super Express Non AC Seater Air Bus (2+2),23:00,07:30,08h 30m,INR 377,23 Seats available,"3.7
18",https://www.redbus.in/bus-tickets/bangalore-to-kalpetta,Bangalore to Kalpetta (kerala)
KSRTC (Kerala) - 583,Super Express Non AC Seater Air Bus (2+2),23:30,07:35,08h 05m,INR 377,25 Seats available,"3.5
13",https://www.redbus.in/bus-tickets/bangalore-to-kalpetta,Bangalore to Kalpetta (kerala)
KSRTC (Kerala) - 56,SWIFT-GARUDA A/C SEATER BUS,23:41,07:15,07h 34m,INR 524,16 Seats available,"4.4
51",https://www.redbus.in/bus-tickets/bangalore-to-kalpetta,Bangalore to Kalpetta (kerala)
DLT BUS,A/C Sleeper (2+1),22:30,05:30,07h 00m,INR 899,13 Seats available,"4.2
160",https://www.redbus.in/bus-tickets/bangalore-to-kalpetta,Bangalore to Kalpetta (kerala)
MMK Travels,VE A/C Seater / Sleeper (2+1),22:30,05:30,07h 00m,INR 700,19 Seats available,"4.5
81",https://www.redbus.in/bus-tickets/bangalore-to-kalpetta,Bangalore to Kalpetta (kerala)
Kyros Connect,Bharat Benz A/C Semi Sleeper (2+2),23:00,07:20,08h 20m,INR 599,23 Seats available,"4.4
72",https://www.redbus.in/bus-tickets/bangalore-to-kalpetta,Bangalore to Kalpetta (kerala)
Kyros Connect,Bharat Benz A/C Semi Sleeper (2+2),23:00,07:30,08h 30m,INR 599,36 Seats available,"3.9
99",https://www.redbus.in/bus-tickets/bangalore-to-kalpetta,Bangalore to Kalpetta (kerala)
DLT BUS,A/C Sleeper (2+1),22:30,05:20,06h 50m,INR 899,14 Seats available,"4.4
60",https://www.redbus.in/bus-tickets/bangalore-to-kalpetta,Bangalore to Kalpetta (kerala)
KSRTC (Kerala) - 51,Swift Deluxe Non AC Air Bus (2+2),21:50,04:24,06h 34m,INR 419,5 Seats available,"3.6
15",https://www.redbus.in/bus-tickets/mysore-to-kozhikode,Mysore to Kozhikode
KSRTC (Kerala) - 789,Super Fast Non AC Seater (2+3),22:30,04:25,05h 55m,INR 473,7 Seats available,4.0,https://www.redbus.in/bus-tickets/mysore-to-kozhikode,Mysore to Kozhikode
KSRTC (Kerala) - 1077,Super Fast Non AC Seater (2+3),22:30,05:50,07h 20m,INR 319,35 Seats available,"4.4
23",https://www.redbus.in/bus-tickets/mysore-to-kozhikode,Mysore to Kozhikode
KSRTC (Kerala) - 1585,Super Express Non AC Seater Air Bus (2+2),23:36,05:36,06h 00m,INR 419,14 Seats available,"4.2
4",https://www.redbus.in/bus-tickets/mysore-to-kozhikode,Mysore to Kozhikode
LIYAS TOURS,Bharat Benz A/C Sleeper (2+1),17:50,23:05,05h 15m,549,4 Seats available,"4.5
33",https://www.redbus.in/bus-tickets/mysore-to-kozhikode,Mysore to Kozhikode
A1 Travels,Bharat Benz A/C Sleeper (2+1),18:15,23:30,05h 15m,INR 600,18 Seats available,3.2,https://www.redbus.in/bus-tickets/mysore-to-kozhikode,Mysore to Kozhikode
Suraj Holidays,NON AC Seater / Sleeper 2+1,23:00,06:00,07h 00m,INR 700,14 Seats available,"4.2
10",https://www.redbus.in/bus-tickets/mysore-to-kozhikode,Mysore to Kozhikode
A1 Travels,Bharat Benz A/C Seater /Sleeper (2+1),23:30,05:45,06h 15m,INR 850,42 Seats available,"3.0
9",https://www.redbus.in/bus-tickets/mysore-to-kozhikode,Mysore to Kozhikode
A1 Travels,A/C Seater / Sleeper (2+1),23:45,06:30,06h 45m,INR 550,13 Seats available,3.2,https://www.redbus.in/bus-tickets/mysore-to-kozhikode,Mysore to Kozhikode
SKS Tours & Travels,A/C Sleeper (2+1),23:59,05:40,05h 41m,INR 849,17 Seats available,"3.6
6",https://www.redbus.in/bus-tickets/mysore-to-kozhikode,Mysore to Kozhikode
NS Transports,NON A/C Sleeper (2+1),00:10,06:10,06h 00m,INR 799,10 Seats available,4.2,https://www.redbus.in/bus-tickets/mysore-to-kozhikode,Mysore to Kozhikode
NS Transports,Non A/C Seater / Sleeper (2+1),00:30,06:30,06h 00m,INR 699,20 Seats available,4.2,https://www.redbus.in/bus-tickets/mysore-to-kozhikode,Mysore to Kozhikode
National travels and logistics,NON A/C Sleeper (2+1),00:40,06:30,05h 50m,799,2 Seats available,3.5,https://www.redbus.in/bus-tickets/mysore-to-kozhikode,Mysore to Kozhikode
Sam Tourist,NON AC Seater / Sleeper 2+1,00:45,07:05,06h 20m,INR 599,38 Seats available,4.0,https://www.redbus.in/bus-tickets/mysore-to-kozhikode,Mysore to Kozhikode
KSRTC (Kerala) - 2372,Low Floor AC Seater 2+2,19:30,22:05,02h 35m,INR 253,9 Seats available,"1.4
5",https://www.redbus.in/bus-tickets/kozhikode-to-thrissur,Kozhikode to Thrissur
KSRTC (Kerala) - 467,Super Express Non AC Seater Air Bus (2+2),19:55,22:50,02h 55m,INR 216,12 Seats available,3.2,https://www.redbus.in/bus-tickets/kozhikode-to-thrissur,Kozhikode to Thrissur
KSRTC (Kerala) - 564,Super Express Non AC Seater Air Bus (2+2),20:12,22:40,02h 28m,INR 216,5 Seats available,3.2,https://www.redbus.in/bus-tickets/kozhikode-to-thrissur,Kozhikode to Thrissur
KSRTC (Kerala) - 46,Swift Deluxe Non AC Air Bus (2+2),20:25,23:00,02h 35m,INR 216,6 Seats available,"3.7
4",https://www.redbus.in/bus-tickets/kozhikode-to-thrissur,Kozhikode to Thrissur
KSRTC (Kerala) - 2393,Low Floor AC Seater 2+2,20:30,23:35,03h 05m,INR 253,4 Seats available,3.2,https://www.redbus.in/bus-tickets/kozhikode-to-thrissur,Kozhikode to Thrissur
KSRTC (Kerala) - 2206,Super Express Non AC Seater Air Bus (2+2),20:34,23:29,02h 55m,INR 216,6 Seats available,3.2,https://www.redbus.in/bus-tickets/kozhikode-to-thrissur,Kozhikode to Thrissur
KSRTC (Kerala) - 424,Super Fast Non AC Seater (2+3),20:45,00:30,03h 45m,INR 181,27 Seats available,3.2,https://www.redbus.in/bus-tickets/kozhikode-to-thrissur,Kozhikode to Thrissur
KSRTC (Kerala) - 827,Super Fast Non AC Seater (2+3),21:00,00:30,03h 30m,INR 181,18 Seats available,3.2,https://www.redbus.in/bus-tickets/kozhikode-to-thrissur,Kozhikode to Thrissur
KSRTC (Kerala) - 815,Super Fast Non AC Seater (2+3),21:10,00:55,03h 45m,INR 181,27 Seats available,3.2,https://www.redbus.in/bus-tickets/kozhikode-to-thrissur,Kozhikode to Thrissur
KSRTC (Kerala) - 531,Super Express Non AC Seater Air Bus (2+2),21:15,23:40,02h 25m,INR 216,4 Seats available,3.2,https://www.redbus.in/bus-tickets/kozhikode-to-thrissur,Kozhikode to Thrissur
KSRTC (Kerala) - 42,Swift Deluxe Non AC Air Bus (2+2),21:25,00:05,02h 40m,INR 216,4 Seats available,3.2,https://www.redbus.in/bus-tickets/kozhikode-to-thrissur,Kozhikode to Thrissur
KSRTC (Kerala) - 1880,Low Floor AC Seater 2+2,21:30,00:35,03h 05m,INR 253,12 Seats available,"3.7
4",https://www.redbus.in/bus-tickets/kozhikode-to-thrissur,Kozhikode to Thrissur
KSRTC (Kerala) - 344,Super Fast Non AC Seater (2+3),21:45,01:05,03h 20m,INR 181,44 Seats available,3.2,https://www.redbus.in/bus-tickets/kozhikode-to-thrissur,Kozhikode to Thrissur
KSRTC (Kerala) - 44,Swift Deluxe Non AC Air Bus (2+2),21:50,00:40,02h 50m,INR 216,3 Seats available,3.2,https://www.redbus.in/bus-tickets/kozhikode-to-thrissur,Kozhikode to Thrissur
KSRTC (Kerala) - 560,Super Express Non AC Seater Air Bus (2+2),22:10,01:15,03h 05m,INR 216,17 Seats available,3.2,https://www.redbus.in/bus-tickets/kozhikode-to-thrissur,Kozhikode to Thrissur
UFO Bus,A/C Sleeper (2+1),19:20,03:35,0-16h 0-45m,800,17 Seats available,3.9,https://www.redbus.in/bus-tickets/kozhikode-to-thrissur,Kozhikode to Thrissur
Arjun Holidays,A/C Seater Push Back (2+2),21:50,01:15,03h 25m,INR 749,16 Seats available,3.7,https://www.redbus.in/bus-tickets/kozhikode-to-thrissur,Kozhikode to Thrissur
EMERALD TRAVELS,A/C Sleeper (2+1),21:55,00:30,02h 35m,INR 1300,22 Seats available,3.1,https://www.redbus.in/bus-tickets/kozhikode-to-thrissur,Kozhikode to Thrissur
Madhavi Travels,A/C Sleeper (2+1),22:20,01:10,02h 50m,999,2 Seats available,4.0,https://www.redbus.in/bus-tickets/kozhikode-to-thrissur,Kozhikode to Thrissur
Kallada Travels (Suresh Kallada),A/C Sleeper (2+1),23:15,01:40,02h 25m,INR 899,4 Seats available,3.1,https://www.redbus.in/bus-tickets/kozhikode-to-thrissur,Kozhikode to Thrissur
KSRTC (Kerala) - 2364,Low Floor AC Seater 2+2,19:00,05:10,10h 10m,INR 723,7 Seats available,3.0,https://www.redbus.in/bus-tickets/thiruvananthapuram-to-kozhikode,Thiruvananthapuram to Kozhikode
KSRTC (Kerala) - 49,Swift Deluxe Non AC Air Bus (2+2),19:10,04:20,09h 10m,INR 565,3 Seats available,3.0,https://www.redbus.in/bus-tickets/thiruvananthapuram-to-kozhikode,Thiruvananthapuram to Kozhikode
KSRTC (Kerala) - 425,Super Express Non AC Seater Air Bus (2+2),19:15,04:10,08h 55m,INR 545,1 Seat available,3.0,https://www.redbus.in/bus-tickets/thiruvananthapuram-to-kozhikode,Thiruvananthapuram to Kozhikode
KSRTC (Kerala) - 507,Super Express Non AC Seater Air Bus (2+2),20:00,03:35,07h 35m,INR 565,3 Seats available,3.0,https://www.redbus.in/bus-tickets/thiruvananthapuram-to-kozhikode,Thiruvananthapuram to Kozhikode
KSRTC (Kerala) - 2894,Low Floor AC Seater 2+2,20:01,06:26,10h 25m,INR 822,7 Seats available,3.0,https://www.redbus.in/bus-tickets/thiruvananthapuram-to-kozhikode,Thiruvananthapuram to Kozhikode
KSRTC (Kerala) - 528,Super Express Non AC Seater Air Bus (2+2),20:45,04:40,07h 55m,INR 586,7 Seats available,"3.5
14",https://www.redbus.in/bus-tickets/thiruvananthapuram-to-kozhikode,Thiruvananthapuram to Kozhikode
KSRTC (Kerala) - 1855,Low Floor AC Seater 2+2,21:00,07:00,10h 00m,INR 723,1 Seat available,3.0,https://www.redbus.in/bus-tickets/thiruvananthapuram-to-kozhikode,Thiruvananthapuram to Kozhikode
KSRTC (Kerala) - 1124,Super Express Non AC Seater Air Bus (2+2),21:01,05:45,08h 44m,INR 586,7 Seats available,"2.4
17",https://www.redbus.in/bus-tickets/thiruvananthapuram-to-kozhikode,Thiruvananthapuram to Kozhikode
KSRTC (Kerala) - 45,Swift Deluxe Non AC Air Bus (2+2),21:10,06:13,09h 03m,INR 565,5 Seats available,"3.0
14",https://www.redbus.in/bus-tickets/thiruvananthapuram-to-kozhikode,Thiruvananthapuram to Kozhikode
KSRTC (Kerala) - 1858,Low Floor AC Seater 2+2,22:00,07:50,09h 50m,INR 742,6 Seats available,"2.4
7",https://www.redbus.in/bus-tickets/thiruvananthapuram-to-kozhikode,Thiruvananthapuram to Kozhikode
KSRTC (Kerala) - 325,Super Fast Non AC Seater (2+3),22:05,08:35,10h 30m,INR 515,29 Seats available,"4.1
5",https://www.redbus.in/bus-tickets/thiruvananthapuram-to-kozhikode,Thiruvananthapuram to Kozhikode
KSRTC (Kerala) - 2026,Super Express Non AC Seater Air Bus (2+2),22:35,08:02,09h 27m,INR 565,12 Seats available,3.0,https://www.redbus.in/bus-tickets/thiruvananthapuram-to-kozhikode,Thiruvananthapuram to Kozhikode
KSRTC (Kerala) - 2366,Low Floor AC Seater 2+2,23:00,09:15,10h 15m,INR 723,6 Seats available,3.0,https://www.redbus.in/bus-tickets/thiruvananthapuram-to-kozhikode,Thiruvananthapuram to Kozhikode
KSRTC (Kerala) - 500,Super Express Non AC Seater Air Bus (2+2),23:45,07:25,07h 40m,INR 586,9 Seats available,"3.0
37",https://www.redbus.in/bus-tickets/thiruvananthapuram-to-kozhikode,Thiruvananthapuram to Kozhikode
BLM Transports,A/C Sleeper (2+1),20:15,05:00,08h 45m,1112,6 Seats available,"4.4
104",https://www.redbus.in/bus-tickets/thiruvananthapuram-to-kozhikode,Thiruvananthapuram to Kozhikode
Madhavi Travels,A/C Sleeper (2+1),19:50,04:30,08h 40m,999,2 Seats available,"4.4
65",https://www.redbus.in/bus-tickets/thiruvananthapuram-to-kozhikode,Thiruvananthapuram to Kozhikode
A1 Travels,Bharat Benz A/C Seater /Sleeper (2+1),20:30,05:00,08h 30m,INR 700,5 Seats available,"2.5
56",https://www.redbus.in/bus-tickets/thiruvananthapuram-to-kozhikode,Thiruvananthapuram to Kozhikode
Kallada Travels (Suresh Kallada),A/C Sleeper (2+1),18:01,05:00,10h 59m,INR 1000,6 Seats available,"2.8
23",https://www.redbus.in/bus-tickets/thiruvananthapuram-to-kozhikode,Thiruvananthapuram to Kozhikode
A1 Travels,Bharat Benz A/C Sleeper (2+1),19:00,04:00,09h 00m,INR 1300,9 Seats available,"2.6
21",https://www.redbus.in/bus-tickets/thiruvananthapuram-to-kozhikode,Thiruvananthapuram to Kozhikode
KSRTC (Kerala) - 136,Swift Deluxe Non AC Air Bus (2+2),20:30,04:25,07h 55m,INR 568,17 Seats available,"3.3
23",https://www.redbus.in/bus-tickets/bangalore-to-kannur,Bangalore to Kannur
KSRTC (Kerala) - 101,Swift Deluxe Non AC Air Bus (2+2),21:16,04:05,06h 49m,INR 548,24 Seats available,"4.2
83",https://www.redbus.in/bus-tickets/bangalore-to-kannur,Bangalore to Kannur
KSRTC (Kerala) - 98,Swift Deluxe Non AC Air Bus (2+2),21:30,05:45,08h 15m,INR 579,28 Seats available,"3.7
43",https://www.redbus.in/bus-tickets/bangalore-to-kannur,Bangalore to Kannur
KSRTC (Kerala) - 1767,Super Express Non AC Seater Air Bus (2+2),23:01,06:46,07h 45m,INR 568,12 Seats available,"3.7
49",https://www.redbus.in/bus-tickets/bangalore-to-kannur,Bangalore to Kannur
MMK Travels,A/C Sleeper (2+1),22:15,05:30,07h 15m,INR 850,7 Seats available,"4.5
290",https://www.redbus.in/bus-tickets/bangalore-to-kannur,Bangalore to Kannur
GOLDEN TRAVEL AGENCIES,Volvo A/C Semi Sleeper (2+2),22:45,04:45,06h 00m,INR 899,14 Seats available,"4.5
209",https://www.redbus.in/bus-tickets/bangalore-to-kannur,Bangalore to Kannur
NS Transports,A/C Sleeper (2+1),22:15,05:35,07h 20m,INR 999,10 Seats available,"4.4
258",https://www.redbus.in/bus-tickets/bangalore-to-kannur,Bangalore to Kannur
AdSAAM BUS,VE A/C Sleeper (2+1),20:10,04:45,08h 35m,INR 800,13 Seats available,"4.3
86",https://www.redbus.in/bus-tickets/bangalore-to-kannur,Bangalore to Kannur
NS Transports,NON A/C Sleeper (2+1),22:45,05:20,06h 35m,INR 799,5 Seats available,"4.2
220",https://www.redbus.in/bus-tickets/bangalore-to-kannur,Bangalore to Kannur
GOLDEN TRAVEL AGENCIES,NON A/C Sleeper (2+1),22:30,04:45,06h 15m,INR 799,14 Seats available,"4.3
115",https://www.redbus.in/bus-tickets/bangalore-to-kannur,Bangalore to Kannur
Kalpaka Travels,A/C Sleeper (2+1),22:10,05:00,06h 50m,INR 1000,5 Seats available,"4.2
176",https://www.redbus.in/bus-tickets/bangalore-to-kannur,Bangalore to Kannur
AdKalpaka Travels,NON A/C Seater/ Sleeper (2+1),22:00,05:00,07h 00m,INR 700,24 Seats available,"4.2
16",https://www.redbus.in/bus-tickets/bangalore-to-kannur,Bangalore to Kannur
National travels and logistics,Non A/C Seater / Sleeper (2+1),22:40,05:45,07h 05m,499,16 Seats available,"3.5
92",https://www.redbus.in/bus-tickets/bangalore-to-kannur,Bangalore to Kannur
GOLDEN TRAVEL AGENCIES,A/C Sleeper (2+1),21:45,05:25,07h 40m,INR 899,9 Seats available,"4.2
119",https://www.redbus.in/bus-tickets/bangalore-to-kannur,Bangalore to Kannur
KSRTC (Kerala) - 2372,Low Floor AC Seater 2+2,19:30,01:10,05h 40m,INR 475,4 Seats available,2.7,https://www.redbus.in/bus-tickets/kozhikode-to-kottayam,Kozhikode to Kottayam
KSRTC (Kerala) - 1880,Low Floor AC Seater 2+2,21:30,04:05,06h 35m,INR 475,10 Seats available,2.7,https://www.redbus.in/bus-tickets/kozhikode-to-kottayam,Kozhikode to Kottayam
KSRTC (Kerala) - 44,Swift Deluxe Non AC Air Bus (2+2),21:50,03:45,05h 55m,INR 381,3 Seats available,2.7,https://www.redbus.in/bus-tickets/kozhikode-to-kottayam,Kozhikode to Kottayam
KSRTC (Kerala) - 560,Super Express Non AC Seater Air Bus (2+2),22:10,04:30,06h 20m,INR 381,13 Seats available,"3.3
9",https://www.redbus.in/bus-tickets/kozhikode-to-kottayam,Kozhikode to Kottayam
KSRTC (Kerala) - 2743,Super Express Non AC Seater Air Bus (2+2),22:20,04:45,06h 25m,INR 381,14 Seats available,2.7,https://www.redbus.in/bus-tickets/kozhikode-to-kottayam,Kozhikode to Kottayam
KSRTC (Kerala) - 1200,Super Express Non AC Seater Air Bus (2+2),22:35,05:00,06h 25m,INR 381,1 Seat available,2.7,https://www.redbus.in/bus-tickets/kozhikode-to-kottayam,Kozhikode to Kottayam
KSRTC (Kerala) - 1704,Super Fast Non AC Seater (2+3),22:40,05:41,07h 01m,INR 341,15 Seats available,2.7,https://www.redbus.in/bus-tickets/kozhikode-to-kottayam,Kozhikode to Kottayam
KSRTC (Kerala) - 582,Super Express Non AC Seater Air Bus (2+2),22:40,05:15,06h 35m,INR 370,1 Seat available,2.7,https://www.redbus.in/bus-tickets/kozhikode-to-kottayam,Kozhikode to Kottayam
KSRTC (Kerala) - 673,Super Fast Non AC Seater (2+3),23:25,05:55,06h 30m,INR 332,22 Seats available,"2.8
6",https://www.redbus.in/bus-tickets/kozhikode-to-kottayam,Kozhikode to Kottayam
KSRTC (Kerala) - 1843,Low Floor AC Seater 2+2,23:30,05:50,06h 20m,INR 475,4 Seats available,"3.4
11",https://www.redbus.in/bus-tickets/kozhikode-to-kottayam,Kozhikode to Kottayam
Sonia Travels,A/C Semi Sleeper (2+2),23:45,06:25,06h 40m,INR 700,20 Seats available,4.3,https://www.redbus.in/bus-tickets/kozhikode-to-kottayam,Kozhikode to Kottayam
Sonia Travels,A/C Seater/Sleeper (2+1),23:30,06:15,06h 45m,INR 750,2 Seats available,4.3,https://www.redbus.in/bus-tickets/kozhikode-to-kottayam,Kozhikode to Kottayam
Madhavi Travels,Volvo A/C Semi Sleeper (2+2),23:30,04:50,05h 20m,999,16 Seats available,4.0,https://www.redbus.in/bus-tickets/kozhikode-to-kottayam,Kozhikode to Kottayam
A1 Travels,A/C Seater / Sleeper (2+1),20:05,03:00,06h 55m,INR 700,17 Seats available,"4.1
18",https://www.redbus.in/bus-tickets/kozhikode-to-kottayam,Kozhikode to Kottayam
Arjun Holidays,A/C Seater Push Back (2+2),21:50,04:05,06h 15m,INR 749,15 Seats available,3.7,https://www.redbus.in/bus-tickets/kozhikode-to-kottayam,Kozhikode to Kottayam
KSRTC (Kerala) - 475,Super Express Non AC Seater Air Bus (2+2),18:45,00:35,05h 50m,INR 494,24 Seats available,3.3,https://www.redbus.in/bus-tickets/kottayam-to-kozhikode,Kottayam to Kozhikode
KSRTC (Kerala) - 559,Super Express Non AC Seater Air Bus (2+2),19:46,02:10,06h 24m,INR 381,12 Seats available,3.3,https://www.redbus.in/bus-tickets/kottayam-to-kozhikode,Kottayam to Kozhikode
KSRTC (Kerala) - 1028,Super Fast Non AC Seater (2+3),20:10,03:30,07h 20m,INR 355,29 Seats available,3.3,https://www.redbus.in/bus-tickets/kottayam-to-kozhikode,Kottayam to Kozhikode
KSRTC (Kerala) - 2071,Super Express Non AC Seater Air Bus (2+2),20:30,02:30,06h 00m,INR 350,13 Seats available,3.3,https://www.redbus.in/bus-tickets/kottayam-to-kozhikode,Kottayam to Kozhikode
KSRTC (Kerala) - 1842,Low Floor AC Seater 2+2,20:55,03:10,06h 15m,INR 475,12 Seats available,3.3,https://www.redbus.in/bus-tickets/kottayam-to-kozhikode,Kottayam to Kozhikode
KSRTC (Kerala) - 852,Super Fast Non AC Seater (2+3),21:00,03:30,06h 30m,INR 332,46 Seats available,3.3,https://www.redbus.in/bus-tickets/kottayam-to-kozhikode,Kottayam to Kozhikode
KSRTC (Kerala) - 377,AC MULTI AXLE,21:14,02:49,05h 35m,INR 606,19 Seats available,"2.6
4",https://www.redbus.in/bus-tickets/kottayam-to-kozhikode,Kottayam to Kozhikode
KSRTC (Kerala) - 847,Super Fast Non AC Seater (2+3),21:15,03:45,06h 30m,INR 332,49 Seats available,3.3,https://www.redbus.in/bus-tickets/kottayam-to-kozhikode,Kottayam to Kozhikode
KSRTC (Kerala) - 523,Super Express Non AC Seater Air Bus (2+2),21:30,02:20,04h 50m,INR 381,12 Seats available,"3.4
5",https://www.redbus.in/bus-tickets/kottayam-to-kozhikode,Kottayam to Kozhikode
KSRTC (Kerala) - 91,Swift Deluxe Non AC Air Bus (2+2),21:35,03:25,05h 50m,INR 494,10 Seats available,3.3,https://www.redbus.in/bus-tickets/kottayam-to-kozhikode,Kottayam to Kozhikode
KSRTC (Kerala) - 672,Super Fast Non AC Seater (2+3),21:50,04:15,06h 25m,INR 332,36 Seats available,"3.1
6",https://www.redbus.in/bus-tickets/kottayam-to-kozhikode,Kottayam to Kozhikode
KSRTC (Kerala) - 49,Swift Deluxe Non AC Air Bus (2+2),22:20,04:20,06h 00m,INR 381,3 Seats available,"3.5
6",https://www.redbus.in/bus-tickets/kottayam-to-kozhikode,Kottayam to Kozhikode
KSRTC (Kerala) - 2364,Low Floor AC Seater 2+2,22:40,05:10,06h 30m,INR 475,9 Seats available,3.3,https://www.redbus.in/bus-tickets/kottayam-to-kozhikode,Kottayam to Kozhikode
KSRTC (Kerala) - 507,Super Express Non AC Seater Air Bus (2+2),22:50,03:35,04h 45m,INR 381,4 Seats available,3.3,https://www.redbus.in/bus-tickets/kottayam-to-kozhikode,Kottayam to Kozhikode
KSRTC (Kerala) - 2690,Super Fast Non AC Seater (2+3),23:06,05:30,06h 24m,INR 332,40 Seats available,3.3,https://www.redbus.in/bus-tickets/kottayam-to-kozhikode,Kottayam to Kozhikode
Sonia Travels,A/C Semi Sleeper (2+2),18:30,02:30,08h 00m,INR 700,14 Seats available,3.8,https://www.redbus.in/bus-tickets/kottayam-to-kozhikode,Kottayam to Kozhikode
Ubc travels,A/C Semi Sleeper (2+2),17:50,01:00,07h 10m,INR 800,6 Seats available,3.8,https://www.redbus.in/bus-tickets/kottayam-to-kozhikode,Kottayam to Kozhikode
Ubc travels,A/C Seater/Sleeper (2+1),18:00,03:00,09h 00m,INR 1100,18 Seats available,3.8,https://www.redbus.in/bus-tickets/kottayam-to-kozhikode,Kottayam to Kozhikode
Kallada Travels (Suresh Kallada),A/C Sleeper (2+1),18:15,01:25,07h 10m,INR 1300,9 Seats available,3.1,https://www.redbus.in/bus-tickets/kottayam-to-kozhikode,Kottayam to Kozhikode
A1 Travels,A/C Seater / Sleeper (2+1),23:59,07:00,07h 01m,INR 600,24 Seats available,"2.8
14",https://www.redbus.in/bus-tickets/kottayam-to-kozhikode,Kottayam to Kozhikode
KSRTC (Kerala) - 549,Super Express Non AC Seater Air Bus (2+2),19:30,22:15,02h 45m,INR 278,13 Seats available,2.9,https://www.redbus.in/bus-tickets/thrissur-to-kozhikode,Thrissur to Kozhikode
KSRTC (Kerala) - 2517,Swift Deluxe Non AC Air Bus (2+2),20:26,23:16,02h 50m,INR 278,21 Seats available,2.9,https://www.redbus.in/bus-tickets/thrissur-to-kozhikode,Thrissur to Kozhikode
KSRTC (Kerala) - 2569,Super Fast Non AC Seater (2+3),20:35,00:35,04h 00m,INR 174,40 Seats available,2.9,https://www.redbus.in/bus-tickets/thrissur-to-kozhikode,Thrissur to Kozhikode
KSRTC (Kerala) - 2723,Super Fast Non AC Seater (2+3),21:45,01:10,03h 25m,INR 174,31 Seats available,2.9,https://www.redbus.in/bus-tickets/thrissur-to-kozhikode,Thrissur to Kozhikode
KSRTC (Kerala) - 594,Super Express Non AC Seater Air Bus (2+2),21:55,01:25,03h 30m,INR 201,8 Seats available,2.9,https://www.redbus.in/bus-tickets/thrissur-to-kozhikode,Thrissur to Kozhikode
KSRTC (Kerala) - 561,Super Express Non AC Seater Air Bus (2+2),22:10,01:55,03h 45m,INR 258,8 Seats available,2.9,https://www.redbus.in/bus-tickets/thrissur-to-kozhikode,Thrissur to Kozhikode
KSRTC (Kerala) - 2131,Super Express Non AC Seater Air Bus (2+2),22:35,01:50,03h 15m,INR 201,15 Seats available,2.9,https://www.redbus.in/bus-tickets/thrissur-to-kozhikode,Thrissur to Kozhikode
KSRTC (Kerala) - 811,Super Fast Non AC Seater (2+3),23:00,02:20,03h 20m,INR 181,45 Seats available,2.9,https://www.redbus.in/bus-tickets/thrissur-to-kozhikode,Thrissur to Kozhikode
KSRTC (Kerala) - 515,Super Express Non AC Seater Air Bus (2+2),23:00,01:30,02h 30m,INR 216,1 Seat available,2.9,https://www.redbus.in/bus-tickets/thrissur-to-kozhikode,Thrissur to Kozhikode
KSRTC (Kerala) - 559,Super Express Non AC Seater Air Bus (2+2),23:10,02:10,03h 00m,INR 216,9 Seats available,2.9,https://www.redbus.in/bus-tickets/thrissur-to-kozhikode,Thrissur to Kozhikode
KSRTC (Kerala) - 585,Super Express Non AC Seater Air Bus (2+2),23:30,02:55,03h 25m,INR 201,7 Seats available,2.9,https://www.redbus.in/bus-tickets/thrissur-to-kozhikode,Thrissur to Kozhikode
KSRTC (Kerala) - 352,Super Fast Non AC Seater (2+3),23:45,03:10,03h 25m,INR 181,32 Seats available,2.9,https://www.redbus.in/bus-tickets/thrissur-to-kozhikode,Thrissur to Kozhikode
Murahara Travels,Volvo Multi-Axle I-Shift B11R Semi Sleeper (2+2),19:55,23:45,03h 50m,760,20 Seats available,3.8,https://www.redbus.in/bus-tickets/thrissur-to-kozhikode,Thrissur to Kozhikode
Kallada Travels (Suresh Kallada),A/C Sleeper (2+1),22:30,01:25,02h 55m,INR 1300,9 Seats available,3.1,https://www.redbus.in/bus-tickets/thrissur-to-kozhikode,Thrissur to Kozhikode
Ubc travels,A/C Semi Sleeper (2+2),22:30,01:00,02h 30m,INR 800,7 Seats available,3.8,https://www.redbus.in/bus-tickets/thrissur-to-kozhikode,Thrissur to Kozhikode
Adrin Travels,A/C Seater/Sleeper (2+1),23:05,02:00,02h 55m,INR 1100,12 Seats available,3.9,https://www.redbus.in/bus-tickets/thrissur-to-kozhikode,Thrissur to Kozhikode
Madhavi Travels,A/C Semi Sleeper (2+2),23:20,02:15,02h 55m,649,4 Seats available,4.0,https://www.redbus.in/bus-tickets/thrissur-to-kozhikode,Thrissur to Kozhikode
KSRTC (Kerala) - 1130,Super Express Non AC Seater Air Bus (2+2),20:45,22:45,02h 00m,INR 894,13 Seats available,4.1,https://www.redbus.in/bus-tickets/kozhikode-to-kalpetta,Kozhikode to Kalpetta (kerala)
KSRTC (Kerala) - 1314,Super Express Non AC Seater Air Bus (2+2),21:15,23:00,01h 45m,INR 894,26 Seats available,4.1,https://www.redbus.in/bus-tickets/kozhikode-to-kalpetta,Kozhikode to Kalpetta (kerala)
KSRTC (Kerala) - 549,Super Express Non AC Seater Air Bus (2+2),22:15,00:50,02h 35m,INR 186,3 Seats available,4.1,https://www.redbus.in/bus-tickets/kozhikode-to-kalpetta,Kozhikode to Kalpetta (kerala)
KSRTC (Kerala) - 719,Super Fast Non AC Seater (2+3),23:00,01:00,02h 00m,INR 111,8 Seats available,"5.0
4",https://www.redbus.in/bus-tickets/kozhikode-to-kalpetta,Kozhikode to Kalpetta (kerala)
KP Travels,A/C Sleeper (2+1),21:10,22:45,01h 35m,INR 1111,13 Seats available,3.0,https://www.redbus.in/bus-tickets/kozhikode-to-kalpetta,Kozhikode to Kalpetta (kerala)
KP Travels,A/C Semi Sleeper (2+2),21:40,00:35,02h 55m,INR 899,27 Seats available, ,https://www.redbus.in/bus-tickets/kozhikode-to-kalpetta,Kozhikode to Kalpetta (kerala)
KSRTC (Kerala) - 42,Swift Deluxe Non AC Air Bus (2+2),18:55,21:25,02h 30m,INR 145,22 Seats available,3.6,https://www.redbus.in/bus-tickets/kalpetta-to-kozhikode,Kalpetta (kerala) to Kozhikode
KSRTC (Kerala) - 815,Super Fast Non AC Seater (2+3),19:20,21:10,01h 50m,INR 111,35 Seats available,3.6,https://www.redbus.in/bus-tickets/kalpetta-to-kozhikode,Kalpetta (kerala) to Kozhikode
KSRTC (Kerala) - 44,Swift Deluxe Non AC Air Bus (2+2),20:05,21:50,01h 45m,INR 145,16 Seats available,3.6,https://www.redbus.in/bus-tickets/kalpetta-to-kozhikode,Kalpetta (kerala) to Kozhikode
KSRTC (Kerala) - 781,Super Fast Non AC Seater (2+3),20:20,22:45,02h 25m,INR 111,38 Seats available,3.6,https://www.redbus.in/bus-tickets/kalpetta-to-kozhikode,Kalpetta (kerala) to Kozhikode
KSRTC (Kerala) - 582,Super Express Non AC Seater Air Bus (2+2),20:30,22:40,02h 10m,INR 129,6 Seats available,3.6,https://www.redbus.in/bus-tickets/kalpetta-to-kozhikode,Kalpetta (kerala) to Kozhikode
KSRTC (Kerala) - 409,Super Express Non AC Seater Air Bus (2+2),20:30,22:15,01h 45m,INR 145,28 Seats available,3.6,https://www.redbus.in/bus-tickets/kalpetta-to-kozhikode,Kalpetta (kerala) to Kozhikode
KSRTC (Kerala) - 560,Super Express Non AC Seater Air Bus (2+2),20:35,22:10,01h 35m,INR 134,18 Seats available,3.6,https://www.redbus.in/bus-tickets/kalpetta-to-kozhikode,Kalpetta (kerala) to Kozhikode
KSRTC (Kerala) - 1200,Super Express Non AC Seater Air Bus (2+2),20:41,22:35,01h 54m,INR 134,12 Seats available,3.6,https://www.redbus.in/bus-tickets/kalpetta-to-kozhikode,Kalpetta (kerala) to Kozhikode
KSRTC (Kerala) - 673,Super Fast Non AC Seater (2+3),21:10,23:25,02h 15m,INR 111,33 Seats available,3.6,https://www.redbus.in/bus-tickets/kalpetta-to-kozhikode,Kalpetta (kerala) to Kozhikode
KSRTC (Kerala) - 586,Super Express Non AC Seater Air Bus (2+2),21:15,22:50,01h 35m,INR 129,28 Seats available,3.6,https://www.redbus.in/bus-tickets/kalpetta-to-kozhikode,Kalpetta (kerala) to Kozhikode
KSRTC (Kerala) - 345,Super Fast Non AC Seater (2+3),21:51,23:55,02h 04m,INR 108,24 Seats available,3.6,https://www.redbus.in/bus-tickets/kalpetta-to-kozhikode,Kalpetta (kerala) to Kozhikode
KSRTC (Kerala) - 407,Super Express Non AC Seater Air Bus (2+2),22:00,23:25,01h 25m,INR 145,4 Seats available,3.6,https://www.redbus.in/bus-tickets/kalpetta-to-kozhikode,Kalpetta (kerala) to Kozhikode
KSRTC (Kerala) - 793,Super Fast Non AC Seater (2+3),22:05,00:00,01h 55m,INR 111,45 Seats available,3.6,https://www.redbus.in/bus-tickets/kalpetta-to-kozhikode,Kalpetta (kerala) to Kozhikode
KSRTC (Kerala) - 505,Super Express Non AC Seater Air Bus (2+2),22:25,23:59,01h 34m,INR 145,10 Seats available,"3.9
5",https://www.redbus.in/bus-tickets/kalpetta-to-kozhikode,Kalpetta (kerala) to Kozhikode
KSRTC (Kerala) - 2072,Super Express Non AC Seater Air Bus (2+2),22:55,00:30,01h 35m,INR 145,7 Seats available,3.6,https://www.redbus.in/bus-tickets/kalpetta-to-kozhikode,Kalpetta (kerala) to Kozhikode
Cochin Express,Volvo Multi-Axle B9R A/c Semi Sleeper (2+2),22:25,23:59,01h 34m,INR 700,2 Seats available,4.1,https://www.redbus.in/bus-tickets/kalpetta-to-kozhikode,Kalpetta (kerala) to Kozhikode
Cochin Express,Volvo Multi-Axle B9R A/c Semi Sleeper (2+2),22:25,23:59,01h 34m,INR 700,2 Seats available,4.1,https://www.redbus.in/bus-tickets/kalpetta-to-kozhikode,Kalpetta (kerala) to Kozhikode
Sonia Travels,A/C Seater/Sleeper (2+1),19:30,23:29,03h 59m,INR 450,11 Seats available,3.8,https://www.redbus.in/bus-tickets/kalpetta-to-kozhikode,Kalpetta (kerala) to Kozhikode
Sonia Travels,A/C Semi Sleeper (2+2),20:45,23:40,02h 55m,INR 300,22 Seats available,3.8,https://www.redbus.in/bus-tickets/kalpetta-to-kozhikode,Kalpetta (kerala) to Kozhikode
Sonia Travels,A/C Semi Sleeper (2+2),21:30,23:40,02h 10m,INR 300,22 Seats available,3.8,https://www.redbus.in/bus-tickets/kalpetta-to-kozhikode,Kalpetta (kerala) to Kozhikode
