Bus_name,Bus_type,Start_time,End_time,Total_duration,Price,Seats_Available,Ratings,Route_link,Route_name
UPSRTC - KSB0092,Shatabdi AC Seater 2+2,15:01,21:01,06h 00m,INR 598,33 Seats available,3.3,https://www.redbus.in/bus-tickets/bareilly-to-delhi,Bareilly to Delhi
UPSRTC - RKD0148,Janrath AC Seater 2+2,15:31,21:00,05h 29m,INR 598,34 Seats available,3.3,https://www.redbus.in/bus-tickets/bareilly-to-delhi,Bareilly to Delhi
UPSRTC - RKD0089,Ordinary Non AC Seater 2+3,16:01,23:59,07h 58m,INR 476,52 Seats available,3.3,https://www.redbus.in/bus-tickets/bareilly-to-delhi,Bareilly to Delhi
UPSRTC - RKD0119,Shatabdi AC Seater 2+2,16:16,21:16,05h 00m,INR 598,35 Seats available,"2.8
17",https://www.redbus.in/bus-tickets/bareilly-to-delhi,Bareilly to Delhi
UPSRTC - KSB0086,Volvo AC Seater 2+2,17:01,22:31,05h 30m,INR 844,36 Seats available,3.3,https://www.redbus.in/bus-tickets/bareilly-to-delhi,Bareilly to Delhi
UPSRTC - RKD0130,Janrath AC Seater 2+3,17:31,22:31,05h 00m,INR 520,46 Seats available,"3.1
11",https://www.redbus.in/bus-tickets/bareilly-to-delhi,Bareilly to Delhi
UPSRTC - SRG0099,Ordinary Non AC Seater 2+3,17:50,00:49,06h 59m,INR 418,52 Seats available,3.3,https://www.redbus.in/bus-tickets/bareilly-to-delhi,Bareilly to Delhi
UPSRTC - BLY0111,Janrath AC Seater 2+2,19:01,23:45,04h 44m,INR 598,36 Seats available,"2.1
5",https://www.redbus.in/bus-tickets/bareilly-to-delhi,Bareilly to Delhi
UPSRTC - HDD0063,Ordinary Non AC Seater 2+3,19:39,01:03,05h 24m,INR 415,52 Seats available,3.3,https://www.redbus.in/bus-tickets/bareilly-to-delhi,Bareilly to Delhi
UPSRTC - RKD0128,Janrath AC Seater 2+2,20:01,01:01,05h 00m,INR 598,33 Seats available,"4.3
12",https://www.redbus.in/bus-tickets/bareilly-to-delhi,Bareilly to Delhi
UPSRTC - BRT0007,Ordinary Non AC Seater 2+3,21:25,04:00,06h 35m,INR 448,52 Seats available,3.3,https://www.redbus.in/bus-tickets/bareilly-to-delhi,Bareilly to Delhi
UPSRTC - STD0354,Ordinary Non AC Seater 2+3,21:27,03:42,06h 15m,INR 448,52 Seats available,3.3,https://www.redbus.in/bus-tickets/bareilly-to-delhi,Bareilly to Delhi
UPSRTC - BLY0139,Janrath AC Seater 2+2,21:31,03:30,05h 59m,INR 598,32 Seats available,"3.1
5",https://www.redbus.in/bus-tickets/bareilly-to-delhi,Bareilly to Delhi
UPSRTC - LNI0017,Rajdhani Non AC Seater 2+3,21:31,03:00,05h 29m,INR 418,51 Seats available,3.3,https://www.redbus.in/bus-tickets/bareilly-to-delhi,Bareilly to Delhi
UPSRTC - RKD0121,Shatabdi AC Seater 2+2,22:01,03:01,05h 00m,INR 598,31 Seats available,"3.4
9",https://www.redbus.in/bus-tickets/bareilly-to-delhi,Bareilly to Delhi
R S YADAV SMART BUS PRIVATE LIMITED,VE A/C Sleeper (2+1),23:59,06:35,06h 36m,INR 899,20 Seats available,"4.0
34",https://www.redbus.in/bus-tickets/bareilly-to-delhi,Bareilly to Delhi
Vijay Tour and Travels,A/C Seater / Sleeper (2+1),19:00,01:10,06h 10m,INR 749,22 Seats available,"3.6
46",https://www.redbus.in/bus-tickets/bareilly-to-delhi,Bareilly to Delhi
New Khaira Transport,A/C Seater / Sleeper (2+1),23:45,05:00,05h 15m,INR 850,1 Seat available,"3.9
29",https://www.redbus.in/bus-tickets/bareilly-to-delhi,Bareilly to Delhi
Vijay Tour and Travels,A/C Seater / Sleeper (2+1),17:00,23:20,06h 20m,600,24 Seats available,"2.8
89",https://www.redbus.in/bus-tickets/bareilly-to-delhi,Bareilly to Delhi
New Khaira Transport,A/C Seater / Sleeper (2+2),23:50,06:50,07h 00m,INR 900,3 Seats available,"1.9
19",https://www.redbus.in/bus-tickets/bareilly-to-delhi,Bareilly to Delhi
UPSRTC - BLY0109,Janrath AC Seater 2+2,15:02,19:45,04h 43m,INR 598,36 Seats available,"2.5
14",https://www.redbus.in/bus-tickets/delhi-to-bareilly,Delhi to Bareilly
UPSRTC - KSB0083,Shatabdi AC Seater 2+2,15:46,21:46,06h 00m,INR 598,36 Seats available,3.3,https://www.redbus.in/bus-tickets/delhi-to-bareilly,Delhi to Bareilly
UPSRTC - STD0147,Ordinary Non AC Seater 2+3,16:00,23:15,07h 15m,INR 448,52 Seats available,3.3,https://www.redbus.in/bus-tickets/delhi-to-bareilly,Delhi to Bareilly
UPSRTC - HDD0085,Ordinary Non AC Seater 2+3,16:06,00:25,08h 19m,INR 444,52 Seats available,3.3,https://www.redbus.in/bus-tickets/delhi-to-bareilly,Delhi to Bareilly
UPSRTC - RKD0109,Janrath AC Seater 2+2,16:31,22:00,05h 29m,INR 598,36 Seats available,"2.4
6",https://www.redbus.in/bus-tickets/delhi-to-bareilly,Delhi to Bareilly
UPSRTC - BRT0036,Ordinary Non AC Seater 2+3,17:00,00:10,07h 10m,INR 449,52 Seats available,3.3,https://www.redbus.in/bus-tickets/delhi-to-bareilly,Delhi to Bareilly
UPSRTC - BLY0148,Rajdhani Non AC Seater 2+3,17:00,22:00,05h 00m,INR 448,52 Seats available,3.3,https://www.redbus.in/bus-tickets/delhi-to-bareilly,Delhi to Bareilly
UPSRTC - BLY0107,Janrath AC Seater 2+2,17:02,21:45,04h 43m,INR 598,36 Seats available,"2.1
10",https://www.redbus.in/bus-tickets/delhi-to-bareilly,Delhi to Bareilly
UPSRTC - HDD0090,Ordinary Non AC Seater 2+3,17:04,02:50,09h 46m,INR 444,52 Seats available,3.3,https://www.redbus.in/bus-tickets/delhi-to-bareilly,Delhi to Bareilly
UPSRTC - KSB0070,Shatabdi AC Seater 2+2,17:32,23:00,05h 28m,INR 598,37 Seats available,3.3,https://www.redbus.in/bus-tickets/delhi-to-bareilly,Delhi to Bareilly
UPSRTC - HDD0082,Ordinary Non AC Seater 2+3,18:02,23:15,05h 13m,INR 444,52 Seats available,3.3,https://www.redbus.in/bus-tickets/delhi-to-bareilly,Delhi to Bareilly
UPSRTC - RKD0137,Shatabdi AC Seater 2+2,18:05,23:05,05h 00m,INR 598,37 Seats available,"2.6
6",https://www.redbus.in/bus-tickets/delhi-to-bareilly,Delhi to Bareilly
UPSRTC - HDD0092,Ordinary Non AC Seater 2+3,18:20,00:02,05h 42m,INR 415,52 Seats available,3.3,https://www.redbus.in/bus-tickets/delhi-to-bareilly,Delhi to Bareilly
UPSRTC - HDD0006,Janrath AC Seater 2+2,18:30,01:00,06h 30m,INR 602,36 Seats available,3.3,https://www.redbus.in/bus-tickets/delhi-to-bareilly,Delhi to Bareilly
UPSRTC - SBD0030,Pink Express AC Seater 2+2,19:00,01:00,06h 00m,INR 598,41 Seats available,3.3,https://www.redbus.in/bus-tickets/delhi-to-bareilly,Delhi to Bareilly
UPSRTC - RKD0113,Janrath AC Seater 2+2,19:01,00:31,05h 30m,INR 598,36 Seats available,"1.6
6",https://www.redbus.in/bus-tickets/delhi-to-bareilly,Delhi to Bareilly
UPSRTC - SBD0110,Pink Express AC Seater 2+2,19:01,01:00,05h 59m,INR 598,41 Seats available,3.3,https://www.redbus.in/bus-tickets/delhi-to-bareilly,Delhi to Bareilly
UPSRTC - PLB0056,Rajdhani Non AC Seater 2+3,19:01,01:00,05h 59m,INR 454,51 Seats available,"3.3
4",https://www.redbus.in/bus-tickets/delhi-to-bareilly,Delhi to Bareilly
UPSRTC - HDD0095,Ordinary Non AC Seater 2+3,19:02,02:45,07h 43m,INR 444,52 Seats available,3.3,https://www.redbus.in/bus-tickets/delhi-to-bareilly,Delhi to Bareilly
UPSRTC - HDD0069,Ordinary Non AC Seater 2+3,19:29,23:40,04h 11m,INR 450,52 Seats available,3.3,https://www.redbus.in/bus-tickets/delhi-to-bareilly,Delhi to Bareilly
R S YADAV SMART BUS PRIVATE LIMITED,A/C Seater / Sleeper (2+1),22:15,04:15,06h 00m,INR 799,32 Seats available,"4.3
53",https://www.redbus.in/bus-tickets/delhi-to-bareilly,Delhi to Bareilly
New Khaira Transport,A/C Seater / Sleeper (2+2),21:00,03:30,06h 30m,INR 450,32 Seats available,"1.8
45",https://www.redbus.in/bus-tickets/delhi-to-bareilly,Delhi to Bareilly
New Khaira Transport,A/C Seater / Sleeper (2+2),21:30,04:30,07h 00m,INR 500,37 Seats available,"2.8
7",https://www.redbus.in/bus-tickets/delhi-to-bareilly,Delhi to Bareilly
SHRI RAM TRAVELS,A/C Seater (2+2),23:59,05:15,05h 16m,INR 740,18 Seats available,"3.9
22",https://www.redbus.in/bus-tickets/delhi-to-bareilly,Delhi to Bareilly
New Khaira TPT,AC Sleeper (2+1),20:30,02:50,06h 20m,INR 749,18 Seats available,"3.3
14",https://www.redbus.in/bus-tickets/delhi-to-bareilly,Delhi to Bareilly
UPSRTC - KSN0054,Janrath AC Seater 2+3,14:45,18:19,03h 34m,INR 291,48 Seats available,3.3,https://www.redbus.in/bus-tickets/delhi-to-aligarh-uttar-pradesh,Delhi to Aligarh (uttar pradesh)
UPSRTC - BDV0107,Ordinary Non AC Seater 2+3,15:50,19:10,03h 20m,INR 203,52 Seats available,3.3,https://www.redbus.in/bus-tickets/delhi-to-aligarh-uttar-pradesh,Delhi to Aligarh (uttar pradesh)
UPSRTC - ALI0004,Janrath AC Seater 2+3,16:00,20:00,04h 00m,INR 263,48 Seats available,"2.2
14",https://www.redbus.in/bus-tickets/delhi-to-aligarh-uttar-pradesh,Delhi to Aligarh (uttar pradesh)
UPSRTC - BDV0085,Ordinary Non AC Seater 2+3,16:28,19:48,03h 20m,INR 203,52 Seats available,3.3,https://www.redbus.in/bus-tickets/delhi-to-aligarh-uttar-pradesh,Delhi to Aligarh (uttar pradesh)
UPSRTC - ALI0176,Janrath AC Seater 2+2,16:29,19:30,03h 01m,INR 304,35 Seats available,3.3,https://www.redbus.in/bus-tickets/delhi-to-aligarh-uttar-pradesh,Delhi to Aligarh (uttar pradesh)
UPSRTC - BDV0099,Ordinary Non AC Seater 2+3,16:30,19:50,03h 20m,INR 203,52 Seats available,3.3,https://www.redbus.in/bus-tickets/delhi-to-aligarh-uttar-pradesh,Delhi to Aligarh (uttar pradesh)
UPSRTC - HDD0023,Ordinary Non AC Seater 2+3,16:35,21:50,05h 15m,INR 252,52 Seats available,3.3,https://www.redbus.in/bus-tickets/delhi-to-aligarh-uttar-pradesh,Delhi to Aligarh (uttar pradesh)
UPSRTC - HDD0074,Ordinary Non AC Seater 2+3,17:05,18:50,01h 45m,INR 255,52 Seats available,3.3,https://www.redbus.in/bus-tickets/delhi-to-aligarh-uttar-pradesh,Delhi to Aligarh (uttar pradesh)
UPSRTC - BDV0175,Janrath AC Seater 2+2,17:29,20:29,03h 00m,INR 304,36 Seats available,"2.9
4",https://www.redbus.in/bus-tickets/delhi-to-aligarh-uttar-pradesh,Delhi to Aligarh (uttar pradesh)
UPSRTC - HDD0079,Ordinary Non AC Seater 2+3,18:05,20:50,02h 45m,INR 255,52 Seats available,3.3,https://www.redbus.in/bus-tickets/delhi-to-aligarh-uttar-pradesh,Delhi to Aligarh (uttar pradesh)
UPSRTC - ALI0011,Janrath AC Seater 2+2,18:31,21:30,02h 59m,INR 304,36 Seats available,"2.4
15",https://www.redbus.in/bus-tickets/delhi-to-aligarh-uttar-pradesh,Delhi to Aligarh (uttar pradesh)
UPSRTC - HDD0035,Ordinary Non AC Seater 2+3,18:32,20:50,02h 18m,INR 255,52 Seats available,3.3,https://www.redbus.in/bus-tickets/delhi-to-aligarh-uttar-pradesh,Delhi to Aligarh (uttar pradesh)
UPSRTC - HDD0038,Ordinary Non AC Seater 2+3,18:33,21:30,02h 57m,INR 252,52 Seats available,3.3,https://www.redbus.in/bus-tickets/delhi-to-aligarh-uttar-pradesh,Delhi to Aligarh (uttar pradesh)
UPSRTC - HDD0025,Ordinary Non AC Seater 2+3,19:00,00:40,05h 40m,INR 252,52 Seats available,3.3,https://www.redbus.in/bus-tickets/delhi-to-aligarh-uttar-pradesh,Delhi to Aligarh (uttar pradesh)
UPSRTC - BDV0089,Ordinary Non AC Seater 2+3,19:28,22:48,03h 20m,INR 203,52 Seats available,3.3,https://www.redbus.in/bus-tickets/delhi-to-aligarh-uttar-pradesh,Delhi to Aligarh (uttar pradesh)
UPSRTC - BDV0103,Ordinary Non AC Seater 2+3,19:30,22:50,03h 20m,INR 203,52 Seats available,3.3,https://www.redbus.in/bus-tickets/delhi-to-aligarh-uttar-pradesh,Delhi to Aligarh (uttar pradesh)
UPSRTC - BDV0471,Janrath AC Seater 2+2,19:31,22:31,03h 00m,INR 304,36 Seats available,3.3,https://www.redbus.in/bus-tickets/delhi-to-aligarh-uttar-pradesh,Delhi to Aligarh (uttar pradesh)
UPSRTC - BDV0111,Ordinary Non AC Seater 2+3,20:29,23:49,03h 20m,INR 203,52 Seats available,3.3,https://www.redbus.in/bus-tickets/delhi-to-aligarh-uttar-pradesh,Delhi to Aligarh (uttar pradesh)
UPSRTC - ETH0075,Ordinary Non AC Seater 2+3,20:31,00:05,03h 34m,INR 255,52 Seats available,3.3,https://www.redbus.in/bus-tickets/delhi-to-aligarh-uttar-pradesh,Delhi to Aligarh (uttar pradesh)
Chaturvedi Bus Service,NON A/C Seater/ Sleeper (2+1),22:00,01:30,03h 30m,INR 670,51 Seats available,2.4,https://www.redbus.in/bus-tickets/delhi-to-aligarh-uttar-pradesh,Delhi to Aligarh (uttar pradesh)
Chaturvedi Bus Service,NON AC Seater / Sleeper 2+1,21:00,00:30,03h 30m,INR 670,45 Seats available,2.4,https://www.redbus.in/bus-tickets/delhi-to-aligarh-uttar-pradesh,Delhi to Aligarh (uttar pradesh)
Chaturvedi Bus Service,NON A/C Seater/ Sleeper (2+1),19:30,01:30,06h 00m,INR 520,51 Seats available,2.4,https://www.redbus.in/bus-tickets/delhi-to-aligarh-uttar-pradesh,Delhi to Aligarh (uttar pradesh)
Chaturvedi Bus Service,A/C Seater / Sleeper (2+1),20:40,02:30,05h 50m,INR 600,47 Seats available,2.4,https://www.redbus.in/bus-tickets/delhi-to-aligarh-uttar-pradesh,Delhi to Aligarh (uttar pradesh)
UPSRTC - BSR0059,Ordinary Non AC Seater 2+3,18:32,02:00,07h 28m,INR 485,52 Seats available,3.3,https://www.redbus.in/bus-tickets/farrukhabad-up-to-delhi,Farrukhabad (Uttar Pradesh) to Delhi
UPSRTC - FKP0027,Janrath AC Seater 2+2,20:00,04:55,08h 55m,INR 710,36 Seats available,"2.1
9",https://www.redbus.in/bus-tickets/farrukhabad-up-to-delhi,Farrukhabad (Uttar Pradesh) to Delhi
UPSRTC - FKP0029,Janrath AC Seater 2+2,21:00,05:55,08h 55m,INR 710,26 Seats available,"3.1
13",https://www.redbus.in/bus-tickets/farrukhabad-up-to-delhi,Farrukhabad (Uttar Pradesh) to Delhi
KVS Holidays,Non A/C Seater / Sleeper (2+1),20:30,05:30,09h 00m,INR 699,29 Seats available,"1.0
8",https://www.redbus.in/bus-tickets/farrukhabad-up-to-delhi,Farrukhabad (Uttar Pradesh) to Delhi
Chaturvedi Bus Service,NON A/C Seater/ Sleeper (2+1),20:00,05:15,09h 15m,INR 600,51 Seats available,"3.5
12",https://www.redbus.in/bus-tickets/farrukhabad-up-to-delhi,Farrukhabad (Uttar Pradesh) to Delhi
Chaturvedi Bus Service,A/C Seater / Sleeper (2+1),19:30,05:00,09h 30m,INR 570,48 Seats available,"1.2
10",https://www.redbus.in/bus-tickets/farrukhabad-up-to-delhi,Farrukhabad (Uttar Pradesh) to Delhi
Abhay Travels (I.R.T.C),Non A/C Seater / Sleeper (2+1),18:00,06:00,12h 00m,INR 1200,26 Seats available,New,https://www.redbus.in/bus-tickets/farrukhabad-up-to-delhi,Farrukhabad (Uttar Pradesh) to Delhi
Yuvraj Travels,NON AC Seater / Sleeper 2+1,18:45,05:00,10h 15m,INR 550,40 Seats available,4.1,https://www.redbus.in/bus-tickets/farrukhabad-up-to-delhi,Farrukhabad (Uttar Pradesh) to Delhi
Yuvraj Travels,NON AC Seater / Sleeper 2+1,19:00,05:00,10h 00m,INR 550,40 Seats available,4.1,https://www.redbus.in/bus-tickets/farrukhabad-up-to-delhi,Farrukhabad (Uttar Pradesh) to Delhi
Yuvraj Travels,NON AC Seater / Sleeper 2+1,18:30,06:00,11h 30m,INR 550,40 Seats available,4.1,https://www.redbus.in/bus-tickets/farrukhabad-up-to-delhi,Farrukhabad (Uttar Pradesh) to Delhi
Chaturvedi Bus Service,NON A/C Seater/ Sleeper (2+1),16:30,03:30,11h 00m,INR 570,51 Seats available,2.5,https://www.redbus.in/bus-tickets/farrukhabad-up-to-delhi,Farrukhabad (Uttar Pradesh) to Delhi
Chaturvedi Bus Service,NON AC Seater / Sleeper 2+1,16:00,02:30,10h 30m,INR 620,45 Seats available,2.5,https://www.redbus.in/bus-tickets/farrukhabad-up-to-delhi,Farrukhabad (Uttar Pradesh) to Delhi
Shree Krishna Shtabadi Travels,NON AC Seater / Sleeper 2+1,18:30,05:20,10h 50m,INR 600,44 Seats available,1.4,https://www.redbus.in/bus-tickets/farrukhabad-up-to-delhi,Farrukhabad (Uttar Pradesh) to Delhi
UPSRTC - MZP0003,Rajdhani Non AC Seater 2+3,16:20,21:31,05h 11m,INR 310,50 Seats available,3.3,https://www.redbus.in/bus-tickets/lucknow-to-allahabad,Lucknow to Allahabad
UPSRTC - RBL0010,Ordinary Non AC Seater 2+3,19:00,00:00,05h 00m,INR 310,52 Seats available,3.3,https://www.redbus.in/bus-tickets/lucknow-to-allahabad,Lucknow to Allahabad
UPSRTC - RBL0014,Ordinary Non AC Seater 2+3,19:40,00:40,05h 00m,INR 310,52 Seats available,3.3,https://www.redbus.in/bus-tickets/lucknow-to-allahabad,Lucknow to Allahabad
UPSRTC - MZP0014,Ordinary Non AC Seater 2+3,20:00,01:28,05h 28m,INR 310,52 Seats available,3.3,https://www.redbus.in/bus-tickets/lucknow-to-allahabad,Lucknow to Allahabad
UPSRTC - RBL0018,Ordinary Non AC Seater 2+3,20:40,01:40,05h 00m,INR 310,52 Seats available,3.3,https://www.redbus.in/bus-tickets/lucknow-to-allahabad,Lucknow to Allahabad
UPSRTC - AWD0035,Janrath AC Seater 2+3,21:00,02:00,05h 00m,INR 396,47 Seats available,"1.0
5",https://www.redbus.in/bus-tickets/lucknow-to-allahabad,Lucknow to Allahabad
UPSRTC - RBL0022,Ordinary Non AC Seater 2+3,21:20,02:20,05h 00m,INR 310,52 Seats available,3.3,https://www.redbus.in/bus-tickets/lucknow-to-allahabad,Lucknow to Allahabad
UPSRTC - CBG0022,Shatabdi AC Seater 2+2,21:30,02:30,05h 00m,INR 458,37 Seats available,"2.8
4",https://www.redbus.in/bus-tickets/lucknow-to-allahabad,Lucknow to Allahabad
UPSRTC - RBL0026,Ordinary Non AC Seater 2+3,22:00,03:00,05h 00m,INR 310,52 Seats available,3.3,https://www.redbus.in/bus-tickets/lucknow-to-allahabad,Lucknow to Allahabad
UPSRTC - RBL0030,Ordinary Non AC Seater 2+3,22:40,03:40,05h 00m,INR 310,52 Seats available,"3.2
4",https://www.redbus.in/bus-tickets/lucknow-to-allahabad,Lucknow to Allahabad
UPSRTC - AWD0201,Janrath AC Seater 2+3,23:00,04:15,05h 15m,INR 396,48 Seats available,"1.8
10",https://www.redbus.in/bus-tickets/lucknow-to-allahabad,Lucknow to Allahabad
UPSRTC - RBL0034,Ordinary Non AC Seater 2+3,23:20,04:20,05h 00m,INR 310,52 Seats available,"2.0
4",https://www.redbus.in/bus-tickets/lucknow-to-allahabad,Lucknow to Allahabad
ARORA TRAVELS,Volvo AC Seater (2+2),17:15,22:00,04h 45m,INR 703,20 Seats available,4.6,https://www.redbus.in/bus-tickets/lucknow-to-allahabad,Lucknow to Allahabad
ARORA TRAVELS,Volvo AC Seater (2+2),22:00,02:45,04h 45m,INR 703,23 Seats available,4.6,https://www.redbus.in/bus-tickets/lucknow-to-allahabad,Lucknow to Allahabad
Mahalaxmi Travels,Bharat Benz A/C Seater /Sleeper (2+1),23:15,03:45,04h 30m,INR 399,20 Seats available,"2.5
35",https://www.redbus.in/bus-tickets/lucknow-to-allahabad,Lucknow to Allahabad
Goyal Travels,A/C Seater / Sleeper (2+1),23:49,03:55,04h 06m,INR 500,26 Seats available,"1.6
32",https://www.redbus.in/bus-tickets/lucknow-to-allahabad,Lucknow to Allahabad
UPSRTC - STD0022,Janrath AC Seater 2+2,17:00,01:20,08h 20m,INR 690,36 Seats available,3.3,https://www.redbus.in/bus-tickets/lucknow-to-varanasi,Lucknow to Varanasi
UPSRTC - CNT0037,Ordinary Non AC Seater 2+3,18:30,01:30,07h 00m,INR 475,51 Seats available,3.3,https://www.redbus.in/bus-tickets/lucknow-to-varanasi,Lucknow to Varanasi
UPSRTC - CHL0019,Ordinary Non AC Seater 2+3,19:00,01:45,06h 45m,INR 475,52 Seats available,3.3,https://www.redbus.in/bus-tickets/lucknow-to-varanasi,Lucknow to Varanasi
UPSRTC - CNT0039,Ordinary Non AC Seater 2+3,19:30,02:30,07h 00m,INR 475,51 Seats available,3.3,https://www.redbus.in/bus-tickets/lucknow-to-varanasi,Lucknow to Varanasi
UPSRTC - CNT0043,Ordinary Non AC Seater 2+3,20:00,03:00,07h 00m,INR 475,51 Seats available,3.3,https://www.redbus.in/bus-tickets/lucknow-to-varanasi,Lucknow to Varanasi
UPSRTC - JNP0013,Ordinary Non AC Seater 2+3,20:20,03:00,06h 40m,INR 475,52 Seats available,3.3,https://www.redbus.in/bus-tickets/lucknow-to-varanasi,Lucknow to Varanasi
UPSRTC - CNT0041,Ordinary Non AC Seater 2+3,20:30,03:30,07h 00m,INR 475,51 Seats available,3.3,https://www.redbus.in/bus-tickets/lucknow-to-varanasi,Lucknow to Varanasi
UPSRTC - JNP0012,Ordinary Non AC Seater 2+3,20:30,04:00,07h 30m,INR 475,52 Seats available,3.3,https://www.redbus.in/bus-tickets/lucknow-to-varanasi,Lucknow to Varanasi
UPSRTC - CNT0047,Ordinary Non AC Seater 2+3,21:00,04:00,07h 00m,INR 475,51 Seats available,3.3,https://www.redbus.in/bus-tickets/lucknow-to-varanasi,Lucknow to Varanasi
UPSRTC - CNT0029,Ordinary Non AC Seater 2+3,21:25,04:59,07h 34m,INR 475,51 Seats available,3.3,https://www.redbus.in/bus-tickets/lucknow-to-varanasi,Lucknow to Varanasi
UPSRTC - CBG0022,Shatabdi AC Seater 2+2,21:30,05:00,07h 30m,INR 724,37 Seats available,"2.1
5",https://www.redbus.in/bus-tickets/lucknow-to-varanasi,Lucknow to Varanasi
UPSRTC - CNT0057,Ordinary Non AC Seater 2+3,22:30,05:30,07h 00m,INR 475,52 Seats available,3.3,https://www.redbus.in/bus-tickets/lucknow-to-varanasi,Lucknow to Varanasi
UPSRTC - CNT0031,Ordinary Non AC Seater 2+3,23:00,05:30,06h 30m,INR 475,51 Seats available,3.3,https://www.redbus.in/bus-tickets/lucknow-to-varanasi,Lucknow to Varanasi
UPSRTC - GLA0137,Janrath AC Seater 2+2,23:05,05:31,06h 26m,INR 698,36 Seats available,3.3,https://www.redbus.in/bus-tickets/lucknow-to-varanasi,Lucknow to Varanasi
UPSRTC - CNT0035,Ordinary Non AC Seater 2+3,23:30,06:30,07h 00m,INR 475,51 Seats available,3.3,https://www.redbus.in/bus-tickets/lucknow-to-varanasi,Lucknow to Varanasi
PTC-SKYBUS,A/C Seater/Sleeper (2+1),22:30,05:30,07h 00m,INR 399,24 Seats available,"4.5
166",https://www.redbus.in/bus-tickets/lucknow-to-varanasi,Lucknow to Varanasi
Mahalaxmi Travels,Bharat Benz A/C Seater /Sleeper (2+1),23:15,05:45,06h 30m,INR 399,18 Seats available,"3.6
412",https://www.redbus.in/bus-tickets/lucknow-to-varanasi,Lucknow to Varanasi
Yolo Bus,A/C Sleeper (2+1),22:19,05:43,07h 24m,INR 549,20 Seats available,"3.8
250",https://www.redbus.in/bus-tickets/lucknow-to-varanasi,Lucknow to Varanasi
Goyal Travels,A/C Seater / Sleeper (2+1),23:49,06:20,06h 31m,INR 500,27 Seats available,"1.7
162",https://www.redbus.in/bus-tickets/lucknow-to-varanasi,Lucknow to Varanasi
Avadh Express,Bharat Benz A/C Seater (2+2),23:00,05:00,06h 00m,INR 1199,26 Seats available,3.7,https://www.redbus.in/bus-tickets/lucknow-to-varanasi,Lucknow to Varanasi
UPSRTC - AWD0002,Pink Express AC Seater 2+2,14:50,19:50,05h 00m,INR 458,41 Seats available,3.3,https://www.redbus.in/bus-tickets/allahabad-to-lucknow,Allahabad to Lucknow
UPSRTC - AWD0006,Janrath AC Seater 2+2,15:30,20:00,04h 30m,INR 458,36 Seats available,3.3,https://www.redbus.in/bus-tickets/allahabad-to-lucknow,Allahabad to Lucknow
UPSRTC - AWD0271,Janrath AC Seater 2+2,15:50,21:30,05h 40m,INR 458,36 Seats available,3.3,https://www.redbus.in/bus-tickets/allahabad-to-lucknow,Allahabad to Lucknow
UPSRTC - AWD0193,Janrath AC Seater 2+2,16:11,21:10,04h 59m,INR 458,36 Seats available,3.3,https://www.redbus.in/bus-tickets/allahabad-to-lucknow,Allahabad to Lucknow
UPSRTC - VND0059,Rajdhani Non AC Seater 2+3,16:45,21:45,05h 00m,INR 310,51 Seats available,3.3,https://www.redbus.in/bus-tickets/allahabad-to-lucknow,Allahabad to Lucknow
UPSRTC - AWD0028,Janrath AC Seater 2+2,17:15,22:15,05h 00m,INR 458,36 Seats available,3.3,https://www.redbus.in/bus-tickets/allahabad-to-lucknow,Allahabad to Lucknow
UPSRTC - AWD0034,Janrath AC Seater 2+2,17:35,22:35,05h 00m,INR 458,36 Seats available,3.3,https://www.redbus.in/bus-tickets/allahabad-to-lucknow,Allahabad to Lucknow
UPSRTC - AWD0008,Janrath AC Seater 2+2,18:00,22:30,04h 30m,INR 458,36 Seats available,3.3,https://www.redbus.in/bus-tickets/allahabad-to-lucknow,Allahabad to Lucknow
Sethi Yatra Company,A/C Seater / Sleeper (2+1),18:30,23:50,05h 20m,648,20 Seats available,3.0,https://www.redbus.in/bus-tickets/allahabad-to-lucknow,Allahabad to Lucknow
ARORA TRAVELS,Volvo AC Seater (2+2),21:01,01:41,04h 40m,INR 703,25 Seats available,4.4,https://www.redbus.in/bus-tickets/allahabad-to-lucknow,Allahabad to Lucknow
ARORA TRAVELS,Volvo AC Seater (2+2),22:31,03:11,04h 40m,INR 703,24 Seats available,4.4,https://www.redbus.in/bus-tickets/allahabad-to-lucknow,Allahabad to Lucknow
Goyal Travels,A/C Seater / Sleeper (2+1),18:35,23:25,04h 50m,INR 500,12 Seats available,"2.6
5",https://www.redbus.in/bus-tickets/allahabad-to-lucknow,Allahabad to Lucknow
Mahalaxmi Travels,Bharat Benz A/C Seater /Sleeper (2+1),19:30,23:45,04h 15m,INR 1099,16 Seats available,"2.6
18",https://www.redbus.in/bus-tickets/allahabad-to-lucknow,Allahabad to Lucknow
Mahalaxmi Travels,Bharat Benz A/C Seater /Sleeper (2+1),21:15,01:30,04h 15m,INR 1299,17 Seats available,"2.8
13",https://www.redbus.in/bus-tickets/allahabad-to-lucknow,Allahabad to Lucknow
UPSRTC - STD0245,Ordinary Non AC Seater 2+3,15:25,03:26,12h 01m,INR 697,52 Seats available,3.3,https://www.redbus.in/bus-tickets/sitapur-to-delhi,Sitapur (Uttar Pradesh) to Delhi
UPSRTC - BRT0007,Ordinary Non AC Seater 2+3,17:10,04:00,10h 50m,INR 697,52 Seats available,3.3,https://www.redbus.in/bus-tickets/sitapur-to-delhi,Sitapur (Uttar Pradesh) to Delhi
UPSRTC - STD0354,Ordinary Non AC Seater 2+3,17:12,03:42,10h 30m,INR 697,52 Seats available,3.3,https://www.redbus.in/bus-tickets/sitapur-to-delhi,Sitapur (Uttar Pradesh) to Delhi
UPSRTC - STD0163,Ordinary Non AC Seater 2+3,17:31,05:25,11h 54m,INR 697,52 Seats available,3.3,https://www.redbus.in/bus-tickets/sitapur-to-delhi,Sitapur (Uttar Pradesh) to Delhi
UPSRTC - STD0368,Ordinary Non AC Seater 2+3,17:34,04:40,11h 06m,INR 697,52 Seats available,3.3,https://www.redbus.in/bus-tickets/sitapur-to-delhi,Sitapur (Uttar Pradesh) to Delhi
UPSRTC - LNI0017,Rajdhani Non AC Seater 2+3,18:01,03:00,08h 59m,INR 666,51 Seats available,3.3,https://www.redbus.in/bus-tickets/sitapur-to-delhi,Sitapur (Uttar Pradesh) to Delhi
UPSRTC - STD0296,Ordinary Non AC Seater 2+3,18:30,06:31,12h 01m,INR 697,52 Seats available,3.3,https://www.redbus.in/bus-tickets/sitapur-to-delhi,Sitapur (Uttar Pradesh) to Delhi
UPSRTC - STD0356,Ordinary Non AC Seater 2+3,18:46,06:03,11h 17m,INR 697,52 Seats available,3.3,https://www.redbus.in/bus-tickets/sitapur-to-delhi,Sitapur (Uttar Pradesh) to Delhi
UPSRTC - STD0144,Ordinary Non AC Seater 2+3,19:00,06:30,11h 30m,INR 697,52 Seats available,3.3,https://www.redbus.in/bus-tickets/sitapur-to-delhi,Sitapur (Uttar Pradesh) to Delhi
UPSRTC - STD0072,Janrath AC Seater 2+2,20:30,05:45,09h 15m,INR 955,31 Seats available,"2.4
39",https://www.redbus.in/bus-tickets/sitapur-to-delhi,Sitapur (Uttar Pradesh) to Delhi
UPSRTC - SBD0047,Pink Express AC Seater 2+2,21:00,06:00,09h 00m,INR 955,35 Seats available,"2.4
58",https://www.redbus.in/bus-tickets/sitapur-to-delhi,Sitapur (Uttar Pradesh) to Delhi
UPSRTC - BRT0037,Ordinary Non AC Seater 2+3,21:10,08:00,10h 50m,INR 698,52 Seats available,3.3,https://www.redbus.in/bus-tickets/sitapur-to-delhi,Sitapur (Uttar Pradesh) to Delhi
UPSRTC - AWD0116,Janrath AC Seater 2+3,21:30,07:30,10h 00m,INR 827,48 Seats available,"3.0
15",https://www.redbus.in/bus-tickets/sitapur-to-delhi,Sitapur (Uttar Pradesh) to Delhi
UPSRTC - BRT0066,Ordinary Non AC Seater 2+3,21:40,08:35,10h 55m,INR 697,52 Seats available,3.3,https://www.redbus.in/bus-tickets/sitapur-to-delhi,Sitapur (Uttar Pradesh) to Delhi
UPSRTC - SBD0093,Janrath AC Seater 2+2,22:40,07:00,08h 20m,INR 955,34 Seats available,"2.0
26",https://www.redbus.in/bus-tickets/sitapur-to-delhi,Sitapur (Uttar Pradesh) to Delhi
R S YADAV SMART BUS PRIVATE LIMITED,VE A/C Sleeper (2+1),20:45,06:35,09h 50m,INR 899,19 Seats available,"4.5
149",https://www.redbus.in/bus-tickets/sitapur-to-delhi,Sitapur (Uttar Pradesh) to Delhi
UPSRTC - STD0054,Ordinary Non AC Seater 2+3,16:00,22:34,06h 34m,INR 501,52 Seats available,"3.7
5",https://www.redbus.in/bus-tickets/delhi-to-farrukhabad-up,Delhi to Farrukhabad (Uttar Pradesh)
UPSRTC - HDD0074,Ordinary Non AC Seater 2+3,17:05,21:36,04h 31m,INR 512,52 Seats available,3.3,https://www.redbus.in/bus-tickets/delhi-to-farrukhabad-up,Delhi to Farrukhabad (Uttar Pradesh)
UPSRTC - HDD0079,Ordinary Non AC Seater 2+3,18:05,23:30,05h 25m,INR 512,52 Seats available,3.3,https://www.redbus.in/bus-tickets/delhi-to-farrukhabad-up,Delhi to Farrukhabad (Uttar Pradesh)
UPSRTC - HDD0035,Ordinary Non AC Seater 2+3,18:32,02:35,08h 03m,INR 512,52 Seats available,3.3,https://www.redbus.in/bus-tickets/delhi-to-farrukhabad-up,Delhi to Farrukhabad (Uttar Pradesh)
UPSRTC - SBD0107,Janrath AC Seater 2+2,20:31,05:00,08h 29m,INR 710,33 Seats available,"3.1
31",https://www.redbus.in/bus-tickets/delhi-to-farrukhabad-up,Delhi to Farrukhabad (Uttar Pradesh)
UPSRTC - KSB0072,Janrath AC Seater 2+3,22:02,06:02,08h 00m,INR 612,46 Seats available,"3.6
46",https://www.redbus.in/bus-tickets/delhi-to-farrukhabad-up,Delhi to Farrukhabad (Uttar Pradesh)
KVS Holidays,Non A/C Seater / Sleeper (2+1),21:30,06:30,09h 00m,INR 999,31 Seats available,"1.1
15",https://www.redbus.in/bus-tickets/delhi-to-farrukhabad-up,Delhi to Farrukhabad (Uttar Pradesh)
Yuvraj Travels,NON AC Seater / Sleeper 2+1,22:00,06:00,08h 00m,INR 550,40 Seats available,"4.1
4",https://www.redbus.in/bus-tickets/delhi-to-farrukhabad-up,Delhi to Farrukhabad (Uttar Pradesh)
Chaturvedi Bus Service,NON A/C Seater/ Sleeper (2+1),19:30,06:30,11h 00m,INR 520,51 Seats available,"2.0
10",https://www.redbus.in/bus-tickets/delhi-to-farrukhabad-up,Delhi to Farrukhabad (Uttar Pradesh)
Abhay Travels (I.R.T.C),Non A/C Seater / Sleeper (2+1),20:30,06:00,09h 30m,INR 1300,30 Seats available,New,https://www.redbus.in/bus-tickets/delhi-to-farrukhabad-up,Delhi to Farrukhabad (Uttar Pradesh)
Chaturvedi Bus Service,A/C Seater / Sleeper (2+1),20:40,07:30,10h 50m,INR 600,48 Seats available,"2.1
8",https://www.redbus.in/bus-tickets/delhi-to-farrukhabad-up,Delhi to Farrukhabad (Uttar Pradesh)
Shree Krishna Shtabadi Travels,NON AC Seater / Sleeper 2+1,21:00,06:00,09h 00m,INR 600,44 Seats available,"1.4
21",https://www.redbus.in/bus-tickets/delhi-to-farrukhabad-up,Delhi to Farrukhabad (Uttar Pradesh)
Yuvraj Travels,NON AC Seater / Sleeper 2+1,20:00,06:00,10h 00m,INR 550,40 Seats available,4.1,https://www.redbus.in/bus-tickets/delhi-to-farrukhabad-up,Delhi to Farrukhabad (Uttar Pradesh)
Yuvraj Travels,NON AC Seater / Sleeper 2+1,21:30,06:00,08h 30m,INR 550,40 Seats available,4.1,https://www.redbus.in/bus-tickets/delhi-to-farrukhabad-up,Delhi to Farrukhabad (Uttar Pradesh)
Chaturvedi Bus Service,NON A/C Seater/ Sleeper (2+1),22:00,07:10,09h 10m,INR 670,51 Seats available,2.0,https://www.redbus.in/bus-tickets/delhi-to-farrukhabad-up,Delhi to Farrukhabad (Uttar Pradesh)
Chaturvedi Bus Service,NON AC Seater / Sleeper 2+1,21:00,06:10,09h 10m,INR 670,45 Seats available,2.0,https://www.redbus.in/bus-tickets/delhi-to-farrukhabad-up,Delhi to Farrukhabad (Uttar Pradesh)
Shree Krishna Shtabadi Travels,NON A/C Sleeper (2+1),21:00,06:30,09h 30m,INR 1200,32 Seats available,1.4,https://www.redbus.in/bus-tickets/delhi-to-farrukhabad-up,Delhi to Farrukhabad (Uttar Pradesh)
Shivendra Travels,A/C Sleeper (2+1),21:00,06:00,09h 00m,INR 3500,1 Seat available, ,https://www.redbus.in/bus-tickets/delhi-to-farrukhabad-up,Delhi to Farrukhabad (Uttar Pradesh)
UPSRTC - MDD0003,Janrath AC Seater 2+2,15:15,19:15,04h 00m,INR 382,31 Seats available,"3.4
18",https://www.redbus.in/bus-tickets/moradabad-to-delhi,Moradabad to Delhi
UPSRTC - MDD0033,Ordinary Non AC Seater 2+3,15:30,19:00,03h 30m,INR 298,52 Seats available,3.3,https://www.redbus.in/bus-tickets/moradabad-to-delhi,Moradabad to Delhi
UPSRTC - MDD0009,Janrath AC Seater 2+2,16:15,20:15,04h 00m,INR 382,34 Seats available,"4.0
12",https://www.redbus.in/bus-tickets/moradabad-to-delhi,Moradabad to Delhi
UPSRTC - MDD0037,Ordinary Non AC Seater 2+3,16:30,19:30,03h 00m,INR 298,52 Seats available,3.3,https://www.redbus.in/bus-tickets/moradabad-to-delhi,Moradabad to Delhi
UPSRTC - MDD0015,Janrath AC Seater 2+2,17:15,21:15,04h 00m,INR 382,36 Seats available,"2.1
6",https://www.redbus.in/bus-tickets/moradabad-to-delhi,Moradabad to Delhi
UPSRTC - MDD0021,Janrath AC Seater 2+2,18:15,22:15,04h 00m,INR 382,36 Seats available,"3.3
11",https://www.redbus.in/bus-tickets/moradabad-to-delhi,Moradabad to Delhi
UPSRTC - MDD0064,Janrath AC Seater 2+2,19:15,23:15,04h 00m,INR 382,36 Seats available,3.3,https://www.redbus.in/bus-tickets/moradabad-to-delhi,Moradabad to Delhi
UPSRTC - LNI0017,Rajdhani Non AC Seater 2+3,23:35,03:00,03h 25m,INR 262,51 Seats available,3.3,https://www.redbus.in/bus-tickets/moradabad-to-delhi,Moradabad to Delhi
UPSRTC - BRT0007,Ordinary Non AC Seater 2+3,23:50,04:00,04h 10m,INR 293,52 Seats available,3.3,https://www.redbus.in/bus-tickets/moradabad-to-delhi,Moradabad to Delhi
India Tours & Travels (GetBookCab),A/C Seater / Sleeper (2+2),18:15,21:45,03h 30m,INR 674,3 Seats available,"3.9
45",https://www.redbus.in/bus-tickets/moradabad-to-delhi,Moradabad to Delhi
Vijay Tour and Travels,A/C Seater / Sleeper (2+1),21:30,01:10,03h 40m,600,22 Seats available,"4.7
8",https://www.redbus.in/bus-tickets/moradabad-to-delhi,Moradabad to Delhi
Rinku Travels,A/C Seater / Sleeper (2+1),21:45,02:30,04h 45m,INR 500,26 Seats available,3.3,https://www.redbus.in/bus-tickets/moradabad-to-delhi,Moradabad to Delhi
Vijay Tour and Travels,Bharat Benz A/C Seater /Sleeper (2+1),22:00,01:30,03h 30m,462,17 Seats available,3.3,https://www.redbus.in/bus-tickets/moradabad-to-delhi,Moradabad to Delhi
SHRI KRISHNA TRAVELS (JAI SHREE GANESH YATRA CO.),VE A/C Seater / Sleeper (2+1),22:20,02:50,04h 30m,INR 699,12 Seats available,3.7,https://www.redbus.in/bus-tickets/moradabad-to-delhi,Moradabad to Delhi
UPSRTC - SRG0111,Ordinary Non AC Seater 2+3,15:00,20:30,05h 30m,INR 416,52 Seats available,3.3,https://www.redbus.in/bus-tickets/delhi-to-haridwar,Delhi to Haridwar
UPSRTC - NDD0279,Ordinary Non AC Seater 2+3,16:31,22:50,06h 19m,INR 384,52 Seats available,3.3,https://www.redbus.in/bus-tickets/delhi-to-haridwar,Delhi to Haridwar
UPSRTC - NDD0163,Ordinary Non AC Seater 2+3,18:28,23:58,05h 30m,INR 384,52 Seats available,3.3,https://www.redbus.in/bus-tickets/delhi-to-haridwar,Delhi to Haridwar
UPSRTC - SRG0136,Ordinary Non AC Seater 2+3,23:00,04:30,05h 30m,INR 416,52 Seats available,"2.2
30",https://www.redbus.in/bus-tickets/delhi-to-haridwar,Delhi to Haridwar
NueGo,Electric A/C Seater (2+2),14:00,19:45,05h 45m,INR 438,1 Seat available,"3.8
94",https://www.redbus.in/bus-tickets/delhi-to-haridwar,Delhi to Haridwar
Zingbus Plus,Bharat Benz A/C Seater (2+2),14:55,19:35,04h 40m,310,5 Seats available,"4.4
372",https://www.redbus.in/bus-tickets/delhi-to-haridwar,Delhi to Haridwar
Laxmi holidays,Bharat Benz A/C Sleeper (2+1),15:00,19:30,04h 30m,INR 400,25 Seats available,"4.1
295",https://www.redbus.in/bus-tickets/delhi-to-haridwar,Delhi to Haridwar
NueGo,Electric A/C Seater (2+2),16:00,21:45,05h 45m,332,15 Seats available,"4.1
122",https://www.redbus.in/bus-tickets/delhi-to-haridwar,Delhi to Haridwar
Zingbus Plus,Bharat Benz A/C Seater (2+2),17:45,22:40,04h 55m,268,35 Seats available,"4.6
214",https://www.redbus.in/bus-tickets/delhi-to-haridwar,Delhi to Haridwar
NueGo,Electric A/C Seater (2+2),18:00,00:05,06h 05m,306,39 Seats available,"3.8
132",https://www.redbus.in/bus-tickets/delhi-to-haridwar,Delhi to Haridwar
NueGo,Electric A/C Seater (2+2),21:00,02:45,05h 45m,INR 314,40 Seats available,"3.9
100",https://www.redbus.in/bus-tickets/delhi-to-haridwar,Delhi to Haridwar
Zingbus Plus,Bharat Benz A/C Seater (2+2),23:50,04:25,04h 35m,312,37 Seats available,"4.5
40",https://www.redbus.in/bus-tickets/delhi-to-haridwar,Delhi to Haridwar
IntrCity SmartBus,Bharat Benz A/C Seater /Sleeper (2+1),21:25,02:55,05h 30m,INR 299,25 Seats available,"4.0
128",https://www.redbus.in/bus-tickets/delhi-to-haridwar,Delhi to Haridwar
IntrCity SmartBus,Bharat Benz A/C Seater /Sleeper (2+1),22:00,03:25,05h 25m,INR 285,33 Seats available,"4.7
29",https://www.redbus.in/bus-tickets/delhi-to-haridwar,Delhi to Haridwar
UPSRTC - STD0054,Ordinary Non AC Seater 2+3,16:00,02:45,10h 45m,INR 724,52 Seats available,3.3,https://www.redbus.in/bus-tickets/delhi-to-sitapur,Delhi to Sitapur (Uttar Pradesh)
UPSRTC - STD0147,Ordinary Non AC Seater 2+3,16:00,03:51,11h 51m,INR 697,52 Seats available,3.3,https://www.redbus.in/bus-tickets/delhi-to-sitapur,Delhi to Sitapur (Uttar Pradesh)
UPSRTC - BRT0036,Ordinary Non AC Seater 2+3,17:00,04:15,11h 15m,INR 698,52 Seats available,3.3,https://www.redbus.in/bus-tickets/delhi-to-sitapur,Delhi to Sitapur (Uttar Pradesh)
UPSRTC - SBD0030,Pink Express AC Seater 2+2,19:00,05:00,10h 00m,INR 955,41 Seats available,"3.0
30",https://www.redbus.in/bus-tickets/delhi-to-sitapur,Delhi to Sitapur (Uttar Pradesh)
UPSRTC - SBD0110,Pink Express AC Seater 2+2,19:01,04:45,09h 44m,INR 955,41 Seats available,3.3,https://www.redbus.in/bus-tickets/delhi-to-sitapur,Delhi to Sitapur (Uttar Pradesh)
UPSRTC - AWD0240,Janrath AC Seater 2+3,20:02,05:30,09h 28m,INR 827,47 Seats available,"3.5
5",https://www.redbus.in/bus-tickets/delhi-to-sitapur,Delhi to Sitapur (Uttar Pradesh)
UPSRTC - SBD0032,Pink Express AC Seater 2+2,21:30,07:15,09h 45m,INR 955,41 Seats available,"2.8
36",https://www.redbus.in/bus-tickets/delhi-to-sitapur,Delhi to Sitapur (Uttar Pradesh)
UPSRTC - SBD0111,Pink Express AC Seater 2+2,21:31,06:45,09h 14m,INR 955,41 Seats available,3.3,https://www.redbus.in/bus-tickets/delhi-to-sitapur,Delhi to Sitapur (Uttar Pradesh)
UPSRTC - SBD0092,Janrath AC Seater 2+2,22:30,06:45,08h 15m,INR 955,36 Seats available,"3.5
37",https://www.redbus.in/bus-tickets/delhi-to-sitapur,Delhi to Sitapur (Uttar Pradesh)
R S YADAV SMART BUS PRIVATE LIMITED,A/C Seater / Sleeper (2+1),22:15,06:30,08h 15m,INR 799,31 Seats available,"4.4
125",https://www.redbus.in/bus-tickets/delhi-to-sitapur,Delhi to Sitapur (Uttar Pradesh)
UPSRTC - JHD0033,Ordinary Non AC Seater 2+3,22:15,03:45,05h 30m,INR 381,52 Seats available,3.3,https://www.redbus.in/bus-tickets/kanpur-to-jhansi,Kanpur (Uttar Pradesh) to Jhansi
UPSRTC - AWD0119,Janrath AC Seater 2+3,22:30,03:50,05h 20m,INR 477,46 Seats available,"2.9
23",https://www.redbus.in/bus-tickets/kanpur-to-jhansi,Kanpur (Uttar Pradesh) to Jhansi
UPSRTC - JHD0019,Ordinary Non AC Seater 2+3,22:55,04:30,05h 35m,INR 381,52 Seats available,"3.4
4",https://www.redbus.in/bus-tickets/kanpur-to-jhansi,Kanpur (Uttar Pradesh) to Jhansi
UPSRTC - JHD0021,Ordinary Non AC Seater 2+3,23:35,04:30,04h 55m,INR 381,52 Seats available,3.3,https://www.redbus.in/bus-tickets/kanpur-to-jhansi,Kanpur (Uttar Pradesh) to Jhansi
UPSRTC - JHD0024,Ordinary Non AC Seater 2+3,23:59,05:15,05h 16m,INR 381,52 Seats available,"1.9
6",https://www.redbus.in/bus-tickets/kanpur-to-jhansi,Kanpur (Uttar Pradesh) to Jhansi
Raj Kalpana Travels Pvt.Ltd,A/C Sleeper (2+1),18:15,23:30,05h 15m,850,12 Seats available,"5.0
4",https://www.redbus.in/bus-tickets/kanpur-to-jhansi,Kanpur (Uttar Pradesh) to Jhansi
Samay Shatabdi Travels Pvt Ltd,NON A/C Sleeper (2+1),18:30,23:50,05h 20m,INR 900,14 Seats available,4.1,https://www.redbus.in/bus-tickets/kanpur-to-jhansi,Kanpur (Uttar Pradesh) to Jhansi
Hans Travels (I) Private Limited,NON A/C Sleeper (2+1),19:00,22:40,03h 40m,INR 1000,24 Seats available,3.2,https://www.redbus.in/bus-tickets/kanpur-to-jhansi,Kanpur (Uttar Pradesh) to Jhansi
Samay Shatabdi Travels Pvt Ltd,AC Sleeper (2+1),19:00,23:57,04h 57m,INR 1000,30 Seats available,4.1,https://www.redbus.in/bus-tickets/kanpur-to-jhansi,Kanpur (Uttar Pradesh) to Jhansi
Dhariwal Travels,A/C Sleeper (2+1),19:10,23:40,04h 30m,INR 1300,36 Seats available,3.1,https://www.redbus.in/bus-tickets/kanpur-to-jhansi,Kanpur (Uttar Pradesh) to Jhansi
Hans Travels (I) Private Limited,NON A/C Sleeper (2+1),19:30,00:30,05h 00m,INR 1000,22 Seats available,3.2,https://www.redbus.in/bus-tickets/kanpur-to-jhansi,Kanpur (Uttar Pradesh) to Jhansi
Hans Travels (I) Private Limited,A/C Sleeper (2+1),20:00,23:50,03h 50m,INR 1300,24 Seats available,3.2,https://www.redbus.in/bus-tickets/kanpur-to-jhansi,Kanpur (Uttar Pradesh) to Jhansi
Samay Shatabdi Travels Pvt Ltd,Bharat Benz A/C Sleeper (2+1),20:10,01:07,04h 57m,INR 699,25 Seats available,"4.4
18",https://www.redbus.in/bus-tickets/kanpur-to-jhansi,Kanpur (Uttar Pradesh) to Jhansi
Jai Shrinath Ji Ki ® Travels,Bharat Benz A/C Sleeper (2+1),21:10,01:30,04h 20m,INR 500,22 Seats available,"3.9
7",https://www.redbus.in/bus-tickets/kanpur-to-jhansi,Kanpur (Uttar Pradesh) to Jhansi
Samreen Travels,AC Sleeper (2+1),21:30,01:55,04h 25m,INR 1000,14 Seats available,3.7,https://www.redbus.in/bus-tickets/kanpur-to-jhansi,Kanpur (Uttar Pradesh) to Jhansi
Samay Shatabdi Travels Pvt Ltd,AC Sleeper (2+1),21:30,02:19,04h 49m,INR 699,17 Seats available,"3.9
20",https://www.redbus.in/bus-tickets/kanpur-to-jhansi,Kanpur (Uttar Pradesh) to Jhansi
Samay Shatabdi Travels Pvt Ltd,AC Sleeper (2+1),21:30,01:50,04h 20m,INR 549,10 Seats available,4.1,https://www.redbus.in/bus-tickets/kanpur-to-jhansi,Kanpur (Uttar Pradesh) to Jhansi
Babu Travels,Bharat Benz A/C Seater /Sleeper (2+1),21:30,01:45,04h 15m,INR 650,9 Seats available,"3.3
10",https://www.redbus.in/bus-tickets/kanpur-to-jhansi,Kanpur (Uttar Pradesh) to Jhansi
Samay Shatabdi Travels Pvt Ltd,AC Sleeper (2+1),22:00,02:20,04h 20m,INR 699,9 Seats available,"4.1
19",https://www.redbus.in/bus-tickets/kanpur-to-jhansi,Kanpur (Uttar Pradesh) to Jhansi
Shatabdi Travels,Bharat Benz A/C Sleeper (2+1),22:00,02:00,04h 00m,INR 699,19 Seats available,"3.0
5",https://www.redbus.in/bus-tickets/kanpur-to-jhansi,Kanpur (Uttar Pradesh) to Jhansi
UPSRTC - TAJ0001,Janrath AC Seater 2+2,15:00,20:45,05h 45m,INR 760,36 Seats available,"4.1
10",https://www.redbus.in/bus-tickets/lucknow-to-agra,Lucknow to Agra
UPSRTC - TAJ0004,Janrath AC Seater 2+2,16:01,21:51,05h 50m,INR 760,35 Seats available,"2.2
5",https://www.redbus.in/bus-tickets/lucknow-to-agra,Lucknow to Agra
UPSRTC - TAJ0006,Pink Express AC Seater 2+2,17:00,22:51,05h 51m,INR 760,41 Seats available,"2.4
6",https://www.redbus.in/bus-tickets/lucknow-to-agra,Lucknow to Agra
UPSRTC - AWD0011,Janrath AC Seater 2+2,18:00,00:15,06h 15m,INR 760,36 Seats available,"4.4
6",https://www.redbus.in/bus-tickets/lucknow-to-agra,Lucknow to Agra
UPSRTC - AWD0059,Janrath AC Seater 2+2,20:00,02:43,06h 43m,INR 760,35 Seats available,3.3,https://www.redbus.in/bus-tickets/lucknow-to-agra,Lucknow to Agra
UPSRTC - TAJ0008,Janrath AC Seater 2+2,20:30,02:00,05h 30m,INR 760,36 Seats available,3.3,https://www.redbus.in/bus-tickets/lucknow-to-agra,Lucknow to Agra
UPSRTC - AWD0206,Pink Express AC Seater 2+2,21:45,04:00,06h 15m,INR 760,35 Seats available,"2.2
6",https://www.redbus.in/bus-tickets/lucknow-to-agra,Lucknow to Agra
UPSRTC - BDV0465,Ordinary Non AC Seater 2+3,23:00,06:31,07h 31m,INR 527,52 Seats available,3.3,https://www.redbus.in/bus-tickets/lucknow-to-agra,Lucknow to Agra
UPSRTC - AWD0056,Janrath AC Seater 2+2,23:15,05:27,06h 12m,INR 760,24 Seats available,"4.1
22",https://www.redbus.in/bus-tickets/lucknow-to-agra,Lucknow to Agra
UPSRTC - TAJ0010,Pink Express AC Seater 2+2,23:45,05:31,05h 46m,INR 760,38 Seats available,"3.3
39",https://www.redbus.in/bus-tickets/lucknow-to-agra,Lucknow to Agra
IntrCity SmartBus,A/C Seater / Sleeper (2+1),23:00,03:45,04h 45m,INR 1153,18 Seats available,"4.8
58",https://www.redbus.in/bus-tickets/lucknow-to-agra,Lucknow to Agra
IntrCity SmartBus,Bharat Benz A/C Seater /Sleeper (2+1),22:45,03:35,04h 50m,INR 960,27 Seats available,"4.8
20",https://www.redbus.in/bus-tickets/lucknow-to-agra,Lucknow to Agra
IntrCity SmartBus,A/C Seater / Sleeper (2+1),21:45,02:45,05h 00m,INR 955,24 Seats available,"4.3
30",https://www.redbus.in/bus-tickets/lucknow-to-agra,Lucknow to Agra
IntrCity SmartBus,Bharat Benz A/C Seater /Sleeper (2+1),23:30,04:30,05h 00m,INR 1087,24 Seats available,"4.4
25",https://www.redbus.in/bus-tickets/lucknow-to-agra,Lucknow to Agra
Mahalaxmi Travels,Bharat Benz A/C Seater /Sleeper (2+1),23:45,04:00,04h 15m,INR 1099,16 Seats available,"3.5
45",https://www.redbus.in/bus-tickets/lucknow-to-agra,Lucknow to Agra
UPSRTC - GLA0138,Janrath AC Seater 2+2,15:05,23:30,08h 25m,INR 698,35 Seats available,3.3,https://www.redbus.in/bus-tickets/varanasi-to-lucknow,Varanasi to Lucknow
UPSRTC - AWD0090,Janrath AC Seater 2+2,17:00,23:59,06h 59m,INR 690,36 Seats available,"2.3
7",https://www.redbus.in/bus-tickets/varanasi-to-lucknow,Varanasi to Lucknow
UPSRTC - VND0057,Ordinary Non AC Seater 2+3,17:00,01:00,08h 00m,INR 475,52 Seats available,3.3,https://www.redbus.in/bus-tickets/varanasi-to-lucknow,Varanasi to Lucknow
UPSRTC - KSH0015,Ordinary Non AC Seater 2+3,17:30,01:37,08h 07m,INR 475,52 Seats available,3.3,https://www.redbus.in/bus-tickets/varanasi-to-lucknow,Varanasi to Lucknow
UPSRTC - SLP0050,Ordinary Non AC Seater 2+3,18:00,01:45,07h 45m,INR 475,52 Seats available,3.3,https://www.redbus.in/bus-tickets/varanasi-to-lucknow,Varanasi to Lucknow
UPSRTC - KSH0001,Janrath AC Seater 2+2,18:00,02:15,08h 15m,INR 690,36 Seats available,3.3,https://www.redbus.in/bus-tickets/varanasi-to-lucknow,Varanasi to Lucknow
UPSRTC - KSH0023,Ordinary Non AC Seater 2+3,18:30,02:47,08h 17m,INR 475,52 Seats available,3.3,https://www.redbus.in/bus-tickets/varanasi-to-lucknow,Varanasi to Lucknow
UPSRTC - AWD0091,Janrath AC Seater 2+2,19:00,02:00,07h 00m,INR 690,36 Seats available,"2.0
4",https://www.redbus.in/bus-tickets/varanasi-to-lucknow,Varanasi to Lucknow
UPSRTC - AWD0093,Janrath AC Seater 2+2,20:30,03:30,07h 00m,INR 690,36 Seats available,3.3,https://www.redbus.in/bus-tickets/varanasi-to-lucknow,Varanasi to Lucknow
UPSRTC - AWD0092,Janrath AC Seater 2+2,21:30,04:30,07h 00m,INR 690,35 Seats available,3.3,https://www.redbus.in/bus-tickets/varanasi-to-lucknow,Varanasi to Lucknow
UPSRTC - CHL0016,Ordinary Non AC Seater 2+3,22:30,05:00,06h 30m,INR 475,52 Seats available,3.3,https://www.redbus.in/bus-tickets/varanasi-to-lucknow,Varanasi to Lucknow
UPSRTC - AWD0095,Pink Express AC Seater 2+2,23:00,06:00,07h 00m,INR 690,39 Seats available,"3.1
22",https://www.redbus.in/bus-tickets/varanasi-to-lucknow,Varanasi to Lucknow
UPSRTC - HDD0002,Janrath AC Seater 2+2,23:30,06:30,07h 00m,INR 690,36 Seats available,"3.4
9",https://www.redbus.in/bus-tickets/varanasi-to-lucknow,Varanasi to Lucknow
UPSRTC - TAJ0042,Janrath AC Seater 2+2,23:54,06:10,06h 16m,INR 690,36 Seats available,"3.6
19",https://www.redbus.in/bus-tickets/varanasi-to-lucknow,Varanasi to Lucknow
PTC-SKYBUS,A/C Seater/Sleeper (2+1),22:30,05:30,07h 00m,INR 550,15 Seats available,"4.7
131",https://www.redbus.in/bus-tickets/varanasi-to-lucknow,Varanasi to Lucknow
Mahalaxmi Travels,Bharat Benz A/C Seater /Sleeper (2+1),22:30,06:00,07h 30m,INR 599,12 Seats available,"3.9
448",https://www.redbus.in/bus-tickets/varanasi-to-lucknow,Varanasi to Lucknow
Raj Kalpana Travels Pvt.Ltd,A/C Seater/Sleeper (2+1),20:00,01:45,05h 45m,1430,10 Seats available,"4.7
35",https://www.redbus.in/bus-tickets/varanasi-to-lucknow,Varanasi to Lucknow
Mahalaxmi Travels,Bharat Benz A/C Seater /Sleeper (2+1),17:00,23:45,06h 45m,INR 1099,16 Seats available,"3.8
54",https://www.redbus.in/bus-tickets/varanasi-to-lucknow,Varanasi to Lucknow
Sethi Yatra Company,A/C Seater / Sleeper (2+1),16:05,23:50,07h 45m,648,20 Seats available,"3.0
22",https://www.redbus.in/bus-tickets/varanasi-to-lucknow,Varanasi to Lucknow
UPSRTC - HDD0085,Ordinary Non AC Seater 2+3,16:06,02:41,10h 35m,INR 580,52 Seats available,3.3,https://www.redbus.in/bus-tickets/delhi-to-shahjahanpur,Delhi to Shahjahanpur (Uttar Pradesh)
UPSRTC - SJP0284,Ordinary Non AC Seater 2+3,16:20,23:40,07h 20m,INR 584,52 Seats available,3.3,https://www.redbus.in/bus-tickets/delhi-to-shahjahanpur,Delhi to Shahjahanpur (Uttar Pradesh)
UPSRTC - HDD0090,Ordinary Non AC Seater 2+3,17:04,05:56,12h 52m,INR 580,52 Seats available,3.3,https://www.redbus.in/bus-tickets/delhi-to-shahjahanpur,Delhi to Shahjahanpur (Uttar Pradesh)
UPSRTC - SJP0290,Ordinary Non AC Seater 2+3,18:00,01:20,07h 20m,INR 584,52 Seats available,3.3,https://www.redbus.in/bus-tickets/delhi-to-shahjahanpur,Delhi to Shahjahanpur (Uttar Pradesh)
UPSRTC - HDD0082,Ordinary Non AC Seater 2+3,18:02,02:22,08h 20m,INR 564,52 Seats available,3.3,https://www.redbus.in/bus-tickets/delhi-to-shahjahanpur,Delhi to Shahjahanpur (Uttar Pradesh)
UPSRTC - HDD0092,Ordinary Non AC Seater 2+3,18:20,01:58,07h 38m,INR 535,52 Seats available,3.3,https://www.redbus.in/bus-tickets/delhi-to-shahjahanpur,Delhi to Shahjahanpur (Uttar Pradesh)
UPSRTC - HDD0006,Janrath AC Seater 2+2,18:30,03:40,09h 10m,INR 789,36 Seats available,3.3,https://www.redbus.in/bus-tickets/delhi-to-shahjahanpur,Delhi to Shahjahanpur (Uttar Pradesh)
UPSRTC - HDD0095,Ordinary Non AC Seater 2+3,19:02,04:55,09h 53m,INR 580,52 Seats available,3.3,https://www.redbus.in/bus-tickets/delhi-to-shahjahanpur,Delhi to Shahjahanpur (Uttar Pradesh)
UPSRTC - HDD0069,Ordinary Non AC Seater 2+3,19:29,04:12,08h 43m,INR 580,52 Seats available,3.3,https://www.redbus.in/bus-tickets/delhi-to-shahjahanpur,Delhi to Shahjahanpur (Uttar Pradesh)
UPSRTC - SJP0202,Ordinary Non AC Seater 2+3,19:40,03:01,07h 21m,INR 584,52 Seats available,3.3,https://www.redbus.in/bus-tickets/delhi-to-shahjahanpur,Delhi to Shahjahanpur (Uttar Pradesh)
UPSRTC - HDD0031,Ordinary Non AC Seater 2+3,19:45,05:00,09h 15m,INR 580,52 Seats available,3.3,https://www.redbus.in/bus-tickets/delhi-to-shahjahanpur,Delhi to Shahjahanpur (Uttar Pradesh)
UPSRTC - SJP0206,Ordinary Non AC Seater 2+3,19:47,03:07,07h 20m,INR 584,52 Seats available,3.3,https://www.redbus.in/bus-tickets/delhi-to-shahjahanpur,Delhi to Shahjahanpur (Uttar Pradesh)
UPSRTC - AWD0240,Janrath AC Seater 2+3,20:02,03:50,07h 48m,INR 661,48 Seats available,"1.5
4",https://www.redbus.in/bus-tickets/delhi-to-shahjahanpur,Delhi to Shahjahanpur (Uttar Pradesh)
UPSRTC - LKM0400,Shatabdi AC Seater 2+2,20:02,03:30,07h 28m,INR 791,37 Seats available,3.3,https://www.redbus.in/bus-tickets/delhi-to-shahjahanpur,Delhi to Shahjahanpur (Uttar Pradesh)
UPSRTC - SJP0213,Ordinary Non AC Seater 2+3,20:42,04:02,07h 20m,INR 584,52 Seats available,3.3,https://www.redbus.in/bus-tickets/delhi-to-shahjahanpur,Delhi to Shahjahanpur (Uttar Pradesh)
UPSRTC - KSB0039,Janrath AC Seater 2+2,20:45,03:10,06h 25m,INR 768,36 Seats available,"1.6
19",https://www.redbus.in/bus-tickets/delhi-to-shahjahanpur,Delhi to Shahjahanpur (Uttar Pradesh)
UPSRTC - SJP0215,Ordinary Non AC Seater 2+3,20:57,04:17,07h 20m,INR 584,52 Seats available,3.3,https://www.redbus.in/bus-tickets/delhi-to-shahjahanpur,Delhi to Shahjahanpur (Uttar Pradesh)
UPSRTC - SJP0210,Ordinary Non AC Seater 2+3,21:12,04:32,07h 20m,INR 584,52 Seats available,3.3,https://www.redbus.in/bus-tickets/delhi-to-shahjahanpur,Delhi to Shahjahanpur (Uttar Pradesh)
UPSRTC - GLA0142,Janrath AC Seater 2+2,21:19,04:05,06h 46m,INR 791,36 Seats available,3.3,https://www.redbus.in/bus-tickets/delhi-to-shahjahanpur,Delhi to Shahjahanpur (Uttar Pradesh)
UPSRTC - SJP0220,Ordinary Non AC Seater 2+3,21:22,04:42,07h 20m,INR 584,52 Seats available,3.3,https://www.redbus.in/bus-tickets/delhi-to-shahjahanpur,Delhi to Shahjahanpur (Uttar Pradesh)
R S YADAV SMART BUS PRIVATE LIMITED,A/C Seater / Sleeper (2+1),22:15,05:15,07h 00m,INR 799,33 Seats available,"4.4
54",https://www.redbus.in/bus-tickets/delhi-to-shahjahanpur,Delhi to Shahjahanpur (Uttar Pradesh)
UPSRTC - GNA0055,Ordinary Non AC Seater 2+3,15:00,19:00,04h 00m,INR 345,52 Seats available,3.3,https://www.redbus.in/bus-tickets/agra-to-delhi,Agra to Delhi
UPSRTC - KSB0016,Janrath AC Seater 2+2,16:00,21:00,05h 00m,INR 534,32 Seats available,"1.7
6",https://www.redbus.in/bus-tickets/agra-to-delhi,Agra to Delhi
UPSRTC - BRT0002,Ordinary Non AC Seater 2+3,19:00,00:30,05h 30m,INR 394,52 Seats available,3.3,https://www.redbus.in/bus-tickets/agra-to-delhi,Agra to Delhi
NueGo,Electric A/C Seater (2+2),14:00,18:45,04h 45m,INR 600,1 Seat available,"3.7
275",https://www.redbus.in/bus-tickets/agra-to-delhi,Agra to Delhi
FlixBus,A/C Seater (2+2),14:20,18:40,04h 20m,INR 524,1 Seat available,4.0,https://www.redbus.in/bus-tickets/agra-to-delhi,Agra to Delhi
NueGo,Electric A/C Seater (2+2),15:00,19:45,04h 45m,INR 599,2 Seats available,"3.5
214",https://www.redbus.in/bus-tickets/agra-to-delhi,Agra to Delhi
Raj Kalpana Travels Pvt.ltd.,A/C Seater/Sleeper (2+1),15:25,18:30,03h 05m,INR 1099,3 Seats available,3.6,https://www.redbus.in/bus-tickets/agra-to-delhi,Agra to Delhi
FlixBus,A/C Seater (2+2),15:35,20:10,04h 35m,INR 845,1 Seat available,"3.3
15",https://www.redbus.in/bus-tickets/agra-to-delhi,Agra to Delhi
NueGo,Electric A/C Seater (2+2),16:00,20:40,04h 40m,INR 700,3 Seats available,"3.9
254",https://www.redbus.in/bus-tickets/agra-to-delhi,Agra to Delhi
Falcon Tour And Travels,Volvo AC Seater (2+2),16:40,01:00,08h 20m,INR 699,39 Seats available,3.0,https://www.redbus.in/bus-tickets/agra-to-delhi,Agra to Delhi
NueGo,Electric A/C Seater (2+2),17:00,21:35,04h 35m,309,8 Seats available,"4.0
254",https://www.redbus.in/bus-tickets/agra-to-delhi,Agra to Delhi
FlixBus,A/C Seater (2+2),17:00,22:15,05h 15m,INR 424,3 Seats available,"3.9
40",https://www.redbus.in/bus-tickets/agra-to-delhi,Agra to Delhi
NueGo,Electric A/C Seater (2+2),17:30,22:10,04h 40m,284,16 Seats available,"3.8
52",https://www.redbus.in/bus-tickets/agra-to-delhi,Agra to Delhi
NueGo,Electric A/C Seater (2+2),18:00,22:45,04h 45m,401,15 Seats available,"4.1
182",https://www.redbus.in/bus-tickets/agra-to-delhi,Agra to Delhi
Gola Bus Service,VE A/C Seater / Sleeper (2+1),18:00,20:30,02h 30m,INR 499,9 Seats available,"3.3
15",https://www.redbus.in/bus-tickets/agra-to-delhi,Agra to Delhi
NueGo,Electric A/C Seater (2+2),19:00,23:45,04h 45m,284,19 Seats available,"3.9
213",https://www.redbus.in/bus-tickets/agra-to-delhi,Agra to Delhi
NueGo,Electric A/C Seater (2+2),21:00,01:45,04h 45m,291,33 Seats available,"4.0
84",https://www.redbus.in/bus-tickets/agra-to-delhi,Agra to Delhi
NueGo,Electric A/C Seater (2+2),22:00,02:45,04h 45m,284,36 Seats available,"4.3
121",https://www.redbus.in/bus-tickets/agra-to-delhi,Agra to Delhi
UPSRTC - BUI0026,Janrath AC Seater 2+2,18:30,03:40,09h 10m,INR 895,36 Seats available,3.3,https://www.redbus.in/bus-tickets/lucknow-to-ballia,Lucknow to Ballia
UPSRTC - BUI0013,Ordinary Non AC Seater 2+3,22:45,06:30,07h 45m,INR 575,52 Seats available,3.3,https://www.redbus.in/bus-tickets/lucknow-to-ballia,Lucknow to Ballia
UPSRTC - GLA0144,Janrath AC Seater 2+2,22:55,06:20,07h 25m,INR 895,36 Seats available,3.3,https://www.redbus.in/bus-tickets/lucknow-to-ballia,Lucknow to Ballia
KANAHAIYA TOUR & TRAVELS,A/C Seater (2+3),23:00,06:30,07h 30m,INR 3000,36 Seats available, ,https://www.redbus.in/bus-tickets/lucknow-to-ballia,Lucknow to Ballia
UPSRTC - FZG0007,Ordinary Non AC Seater 2+3,16:30,00:30,08h 00m,INR 409,52 Seats available,3.3,https://www.redbus.in/bus-tickets/kanpur-to-bareilly,Kanpur (Uttar Pradesh) to Bareilly
UPSRTC - VKS0005,Janrath AC Seater 2+3,20:00,04:00,08h 00m,INR 506,43 Seats available,"3.1
6",https://www.redbus.in/bus-tickets/kanpur-to-bareilly,Kanpur (Uttar Pradesh) to Bareilly
UPSRTC - BLY0094,Janrath AC Seater 2+2,22:01,05:01,07h 00m,INR 589,35 Seats available,"3.3
16",https://www.redbus.in/bus-tickets/kanpur-to-bareilly,Kanpur (Uttar Pradesh) to Bareilly
UPSRTC - PLB0044,Ordinary Non AC Seater 2+3,22:45,05:00,06h 15m,INR 402,52 Seats available,3.3,https://www.redbus.in/bus-tickets/kanpur-to-bareilly,Kanpur (Uttar Pradesh) to Bareilly
UPSRTC - BLY0096,Janrath AC Seater 2+2,23:03,06:01,06h 58m,INR 589,33 Seats available,"3.1
33",https://www.redbus.in/bus-tickets/kanpur-to-bareilly,Kanpur (Uttar Pradesh) to Bareilly
Samay Shatabdi Travels Pvt Ltd,Bharat Benz A/C Sleeper (2+1),20:00,02:45,06h 45m,INR 749,6 Seats available,"4.4
104",https://www.redbus.in/bus-tickets/kanpur-to-bareilly,Kanpur (Uttar Pradesh) to Bareilly
Mahalaxmi Travels,Bharat Benz A/C Seater /Sleeper (2+1),19:30,03:50,08h 20m,INR 599,16 Seats available,"3.4
37",https://www.redbus.in/bus-tickets/kanpur-to-bareilly,Kanpur (Uttar Pradesh) to Bareilly
UPSRTC - AWD0266,Janrath AC Seater 2+3,15:00,17:30,02h 30m,INR 288,48 Seats available,3.3,https://www.redbus.in/bus-tickets/lucknow-to-ayodhya,Lucknow to Ayodhya
UPSRTC - GKD0137,Shatabdi AC Seater 2+2,15:32,18:41,03h 09m,INR 383,37 Seats available,3.3,https://www.redbus.in/bus-tickets/lucknow-to-ayodhya,Lucknow to Ayodhya
UPSRTC - AWD0267,Janrath AC Seater 2+3,16:00,18:30,02h 30m,INR 288,44 Seats available,3.3,https://www.redbus.in/bus-tickets/lucknow-to-ayodhya,Lucknow to Ayodhya
UPSRTC - AYD0030,Ordinary Non AC Seater 2+3,16:02,19:00,02h 58m,INR 197,52 Seats available,3.3,https://www.redbus.in/bus-tickets/lucknow-to-ayodhya,Lucknow to Ayodhya
UPSRTC - GKD0139,Shatabdi AC Seater 2+2,17:02,20:33,03h 31m,INR 383,37 Seats available,"3.5
4",https://www.redbus.in/bus-tickets/lucknow-to-ayodhya,Lucknow to Ayodhya
UPSRTC - AYD0041,Ordinary Non AC Seater 2+3,17:02,20:30,03h 28m,INR 233,52 Seats available,3.3,https://www.redbus.in/bus-tickets/lucknow-to-ayodhya,Lucknow to Ayodhya
UPSRTC - DOR0016,Janrath AC Seater 2+2,18:45,21:36,02h 51m,INR 288,36 Seats available,3.3,https://www.redbus.in/bus-tickets/lucknow-to-ayodhya,Lucknow to Ayodhya
UPSRTC - DOR0004,Rajdhani Non AC Seater 2+3,20:40,23:36,02h 56m,INR 233,51 Seats available,3.3,https://www.redbus.in/bus-tickets/lucknow-to-ayodhya,Lucknow to Ayodhya
UPSRTC - AKP0189,Ordinary Non AC Seater 2+3,21:46,23:22,01h 36m,INR 196,52 Seats available,3.3,https://www.redbus.in/bus-tickets/lucknow-to-ayodhya,Lucknow to Ayodhya
UPSRTC - BTR0027,Ordinary Non AC Seater 2+3,22:10,02:10,04h 00m,INR 230,52 Seats available,3.3,https://www.redbus.in/bus-tickets/lucknow-to-ayodhya,Lucknow to Ayodhya
UPSRTC - STD0374,Ordinary Non AC Seater 2+3,22:15,01:39,03h 24m,INR 213,52 Seats available,3.3,https://www.redbus.in/bus-tickets/lucknow-to-ayodhya,Lucknow to Ayodhya
UPSRTC - VKS0007,Janrath AC Seater 2+3,23:00,02:00,03h 00m,INR 300,48 Seats available,3.3,https://www.redbus.in/bus-tickets/lucknow-to-ayodhya,Lucknow to Ayodhya
UPSRTC - AYD0060,Ordinary Non AC Seater 2+3,23:02,02:30,03h 28m,INR 233,52 Seats available,3.3,https://www.redbus.in/bus-tickets/lucknow-to-ayodhya,Lucknow to Ayodhya
UPSRTC - AKP0218,Ordinary Non AC Seater 2+3,23:41,03:02,03h 21m,INR 200,52 Seats available,3.3,https://www.redbus.in/bus-tickets/lucknow-to-ayodhya,Lucknow to Ayodhya
Samay Shatabdi Travels Pvt Ltd,NON A/C Sleeper (2+1),23:45,02:30,02h 45m,INR 499,25 Seats available,3.8,https://www.redbus.in/bus-tickets/lucknow-to-ayodhya,Lucknow to Ayodhya
Anshi Raj Shree Travels,Bharat Benz A/C Seater /Sleeper (2+1),23:59,02:55,02h 56m,INR 500,8 Seats available,4.0,https://www.redbus.in/bus-tickets/lucknow-to-ayodhya,Lucknow to Ayodhya
Shatabdi Travels Gorakhpur,AC Sleeper (2+1),23:46,03:31,03h 45m,INR 649,17 Seats available,3.9,https://www.redbus.in/bus-tickets/lucknow-to-ayodhya,Lucknow to Ayodhya
Panwar Travels,A/C Seater / Sleeper (2+1),21:30,01:30,04h 00m,INR 2500,32 Seats available,2.8,https://www.redbus.in/bus-tickets/lucknow-to-ayodhya,Lucknow to Ayodhya
Shree Balajee Travels And Cargo,A/C Seater / Sleeper (2+1),23:30,03:00,03h 30m,INR 1499,47 Seats available,1.2,https://www.redbus.in/bus-tickets/lucknow-to-ayodhya,Lucknow to Ayodhya
UPSRTC - FZG0017,Ordinary Non AC Seater 2+3,15:30,18:00,02h 30m,INR 146,52 Seats available,3.3,https://www.redbus.in/bus-tickets/lucknow-to-kanpur,Lucknow to Kanpur (Uttar Pradesh)
UPSRTC - MHB0030,Ordinary Non AC Seater 2+3,15:40,17:30,01h 50m,INR 142,52 Seats available,3.3,https://www.redbus.in/bus-tickets/lucknow-to-kanpur,Lucknow to Kanpur (Uttar Pradesh)
UPSRTC - BLP0044,Ordinary Non AC Seater 2+3,16:00,19:00,03h 00m,INR 146,52 Seats available,3.3,https://www.redbus.in/bus-tickets/lucknow-to-kanpur,Lucknow to Kanpur (Uttar Pradesh)
UPSRTC - BLP0042,Ordinary Non AC Seater 2+3,16:05,19:00,02h 55m,INR 146,52 Seats available,3.3,https://www.redbus.in/bus-tickets/lucknow-to-kanpur,Lucknow to Kanpur (Uttar Pradesh)
UPSRTC - BRH0019,Ordinary Non AC Seater 2+3,16:15,18:20,02h 05m,INR 146,52 Seats available,3.3,https://www.redbus.in/bus-tickets/lucknow-to-kanpur,Lucknow to Kanpur (Uttar Pradesh)
UPSRTC - FZG0022,Ordinary Non AC Seater 2+3,16:30,19:00,02h 30m,INR 146,52 Seats available,3.3,https://www.redbus.in/bus-tickets/lucknow-to-kanpur,Lucknow to Kanpur (Uttar Pradesh)
UPSRTC - AKP0196,Ordinary Non AC Seater 2+3,17:00,20:15,03h 15m,INR 181,52 Seats available,3.3,https://www.redbus.in/bus-tickets/lucknow-to-kanpur,Lucknow to Kanpur (Uttar Pradesh)
UPSRTC - MHB0048,Ordinary Non AC Seater 2+3,17:00,19:30,02h 30m,INR 146,52 Seats available,3.3,https://www.redbus.in/bus-tickets/lucknow-to-kanpur,Lucknow to Kanpur (Uttar Pradesh)
UPSRTC - AYD0056,Ordinary Non AC Seater 2+3,17:22,20:00,02h 38m,INR 181,52 Seats available,3.3,https://www.redbus.in/bus-tickets/lucknow-to-kanpur,Lucknow to Kanpur (Uttar Pradesh)
UPSRTC - FZG0019,Ordinary Non AC Seater 2+3,18:00,20:30,02h 30m,INR 146,52 Seats available,3.3,https://www.redbus.in/bus-tickets/lucknow-to-kanpur,Lucknow to Kanpur (Uttar Pradesh)
UPSRTC - MHB0050,Ordinary Non AC Seater 2+3,18:00,20:30,02h 30m,INR 146,52 Seats available,3.3,https://www.redbus.in/bus-tickets/lucknow-to-kanpur,Lucknow to Kanpur (Uttar Pradesh)
UPSRTC - BLP0046,Ordinary Non AC Seater 2+3,18:02,21:00,02h 58m,INR 146,52 Seats available,3.3,https://www.redbus.in/bus-tickets/lucknow-to-kanpur,Lucknow to Kanpur (Uttar Pradesh)
UPSRTC - SLP0047,Rajdhani Non AC Seater 2+3,18:30,20:30,02h 00m,INR 142,51 Seats available,3.3,https://www.redbus.in/bus-tickets/lucknow-to-kanpur,Lucknow to Kanpur (Uttar Pradesh)
UPSRTC - JHD0033,Ordinary Non AC Seater 2+3,19:15,21:30,02h 15m,INR 142,52 Seats available,3.3,https://www.redbus.in/bus-tickets/lucknow-to-kanpur,Lucknow to Kanpur (Uttar Pradesh)
UPSRTC - JHD0021,Ordinary Non AC Seater 2+3,19:30,22:50,03h 20m,INR 146,52 Seats available,3.3,https://www.redbus.in/bus-tickets/lucknow-to-kanpur,Lucknow to Kanpur (Uttar Pradesh)
UPSRTC - MHB0052,Ordinary Non AC Seater 2+3,19:30,21:49,02h 19m,INR 146,52 Seats available,3.3,https://www.redbus.in/bus-tickets/lucknow-to-kanpur,Lucknow to Kanpur (Uttar Pradesh)
UPSRTC - JHD0019,Ordinary Non AC Seater 2+3,19:50,22:15,02h 25m,INR 142,52 Seats available,3.3,https://www.redbus.in/bus-tickets/lucknow-to-kanpur,Lucknow to Kanpur (Uttar Pradesh)
UPSRTC - JHD0024,Ordinary Non AC Seater 2+3,20:30,23:30,03h 00m,INR 146,52 Seats available,3.3,https://www.redbus.in/bus-tickets/lucknow-to-kanpur,Lucknow to Kanpur (Uttar Pradesh)
UPSRTC - AKP0065,Ordinary Non AC Seater 2+3,21:15,23:15,02h 00m,INR 142,52 Seats available,3.3,https://www.redbus.in/bus-tickets/lucknow-to-kanpur,Lucknow to Kanpur (Uttar Pradesh)
UPSRTC - JHD0026,Ordinary Non AC Seater 2+3,21:30,01:01,03h 31m,INR 146,52 Seats available,3.3,https://www.redbus.in/bus-tickets/lucknow-to-kanpur,Lucknow to Kanpur (Uttar Pradesh)
UPSRTC - BLP0097,Ordinary Non AC Seater 2+3,23:30,02:30,03h 00m,INR 146,52 Seats available,3.3,https://www.redbus.in/bus-tickets/lucknow-to-kanpur,Lucknow to Kanpur (Uttar Pradesh)
UPSRTC - AKP0219,Ordinary Non AC Seater 2+3,23:59,02:47,02h 48m,INR 183,52 Seats available,3.3,https://www.redbus.in/bus-tickets/lucknow-to-kanpur,Lucknow to Kanpur (Uttar Pradesh)
RSRTC - 193674,Express Non AC Seater 2+3,19:40,22:00,02h 20m,INR 130,42 Seats available,3.6,https://www.redbus.in/bus-tickets/lucknow-to-kanpur,Lucknow to Kanpur (Uttar Pradesh)
Jai Shrinath Ji Ki ® Travels,Bharat Benz A/C Sleeper (2+1),18:30,21:05,02h 35m,INR 300,24 Seats available,"3.4
6",https://www.redbus.in/bus-tickets/lucknow-to-kanpur,Lucknow to Kanpur (Uttar Pradesh)
Babu Travels,Bharat Benz A/C Seater /Sleeper (2+1),18:45,21:15,02h 30m,INR 700,22 Seats available,4.0,https://www.redbus.in/bus-tickets/lucknow-to-kanpur,Lucknow to Kanpur (Uttar Pradesh)
Anshi Raj Shree Travels,Bharat Benz A/C Seater /Sleeper (2+1),21:30,23:55,02h 25m,648,16 Seats available,4.0,https://www.redbus.in/bus-tickets/lucknow-to-kanpur,Lucknow to Kanpur (Uttar Pradesh)
Samay Shatabdi Travels Pvt Ltd,AC Sleeper (2+1),18:30,21:30,03h 00m,INR 699,19 Seats available,2.9,https://www.redbus.in/bus-tickets/lucknow-to-kanpur,Lucknow to Kanpur (Uttar Pradesh)
UPSRTC - UNO0030,Ordinary Non AC Seater 2+3,15:40,19:55,04h 15m,INR 371,52 Seats available,3.3,https://www.redbus.in/bus-tickets/delhi-to-etah-up,Delhi to Etah (Uttar Pradesh)
UPSRTC - UNO0004,Ordinary Non AC Seater 2+3,16:00,20:35,04h 35m,INR 371,52 Seats available,3.3,https://www.redbus.in/bus-tickets/delhi-to-etah-up,Delhi to Etah (Uttar Pradesh)
UPSRTC - HDD0023,Ordinary Non AC Seater 2+3,16:35,23:37,07h 02m,INR 356,52 Seats available,3.3,https://www.redbus.in/bus-tickets/delhi-to-etah-up,Delhi to Etah (Uttar Pradesh)
UPSRTC - HDD0074,Ordinary Non AC Seater 2+3,17:05,19:20,02h 15m,INR 371,52 Seats available,3.3,https://www.redbus.in/bus-tickets/delhi-to-etah-up,Delhi to Etah (Uttar Pradesh)
UPSRTC - UNO0005,Ordinary Non AC Seater 2+3,17:30,21:40,04h 10m,INR 371,52 Seats available,"1.0
6",https://www.redbus.in/bus-tickets/delhi-to-etah-up,Delhi to Etah (Uttar Pradesh)
UPSRTC - HDD0079,Ordinary Non AC Seater 2+3,18:05,21:40,03h 35m,INR 371,52 Seats available,3.3,https://www.redbus.in/bus-tickets/delhi-to-etah-up,Delhi to Etah (Uttar Pradesh)
UPSRTC - HDD0035,Ordinary Non AC Seater 2+3,18:32,23:40,05h 08m,INR 371,52 Seats available,3.3,https://www.redbus.in/bus-tickets/delhi-to-etah-up,Delhi to Etah (Uttar Pradesh)
UPSRTC - HDD0038,Ordinary Non AC Seater 2+3,18:33,22:26,03h 53m,INR 356,52 Seats available,3.3,https://www.redbus.in/bus-tickets/delhi-to-etah-up,Delhi to Etah (Uttar Pradesh)
UPSRTC - HDD0025,Ordinary Non AC Seater 2+3,19:00,02:30,07h 30m,INR 356,52 Seats available,3.3,https://www.redbus.in/bus-tickets/delhi-to-etah-up,Delhi to Etah (Uttar Pradesh)
UPSRTC - ETH0045,Ordinary Non AC Seater 2+3,20:30,01:40,05h 10m,INR 371,52 Seats available,3.3,https://www.redbus.in/bus-tickets/delhi-to-etah-up,Delhi to Etah (Uttar Pradesh)
UPSRTC - SBD0107,Janrath AC Seater 2+2,20:31,01:50,05h 19m,INR 501,35 Seats available,"4.7
5",https://www.redbus.in/bus-tickets/delhi-to-etah-up,Delhi to Etah (Uttar Pradesh)
UPSRTC - ETH0075,Ordinary Non AC Seater 2+3,20:31,01:40,05h 09m,INR 371,52 Seats available,3.3,https://www.redbus.in/bus-tickets/delhi-to-etah-up,Delhi to Etah (Uttar Pradesh)
UPSRTC - KSB0072,Janrath AC Seater 2+3,22:02,03:00,04h 58m,INR 435,46 Seats available,"4.2
14",https://www.redbus.in/bus-tickets/delhi-to-etah-up,Delhi to Etah (Uttar Pradesh)
Chaturvedi Bus Service,NON A/C Seater/ Sleeper (2+1),22:00,03:30,05h 30m,INR 670,51 Seats available,2.4,https://www.redbus.in/bus-tickets/delhi-to-etah-up,Delhi to Etah (Uttar Pradesh)
Chaturvedi Bus Service,NON AC Seater / Sleeper 2+1,21:00,02:30,05h 30m,INR 670,45 Seats available,2.4,https://www.redbus.in/bus-tickets/delhi-to-etah-up,Delhi to Etah (Uttar Pradesh)
Chaturvedi Bus Service,A/C Seater / Sleeper (2+1),20:40,04:00,07h 20m,INR 600,48 Seats available,2.4,https://www.redbus.in/bus-tickets/delhi-to-etah-up,Delhi to Etah (Uttar Pradesh)
UPSRTC - NJB0115,Ordinary Non AC Seater 2+3,16:05,22:35,06h 30m,INR 379,52 Seats available,3.3,https://www.redbus.in/bus-tickets/delhi-to-kotdwar,Delhi to Kotdwar (Uttarakhand)
UPSRTC - HPR0042,Ordinary Non AC Seater 2+3,17:00,23:00,06h 00m,INR 379,52 Seats available,3.3,https://www.redbus.in/bus-tickets/delhi-to-kotdwar,Delhi to Kotdwar (Uttarakhand)
UPSRTC - NJB0111,Ordinary Non AC Seater 2+3,18:01,00:50,06h 49m,INR 379,52 Seats available,3.3,https://www.redbus.in/bus-tickets/delhi-to-kotdwar,Delhi to Kotdwar (Uttarakhand)
UPSRTC - NJB0121,Ordinary Non AC Seater 2+3,20:20,03:40,07h 20m,INR 379,52 Seats available,3.3,https://www.redbus.in/bus-tickets/delhi-to-kotdwar,Delhi to Kotdwar (Uttarakhand)
UPSRTC - NJB0126,Ordinary Non AC Seater 2+3,21:20,04:40,07h 20m,INR 379,52 Seats available,"2.6
6",https://www.redbus.in/bus-tickets/delhi-to-kotdwar,Delhi to Kotdwar (Uttarakhand)
UPSRTC - NJB0131,Ordinary Non AC Seater 2+3,22:40,05:00,06h 20m,INR 379,52 Seats available,"2.8
6",https://www.redbus.in/bus-tickets/delhi-to-kotdwar,Delhi to Kotdwar (Uttarakhand)
ROYAL SAFARI INDIA TRAVELS,NON AC Seater / Sleeper 2+1,22:30,05:00,06h 30m,INR 499,29 Seats available,2.4,https://www.redbus.in/bus-tickets/delhi-to-kotdwar,Delhi to Kotdwar (Uttarakhand)
UPSRTC - MDD0006,Janrath AC Seater 2+2,15:15,19:15,04h 00m,INR 382,34 Seats available,3.3,https://www.redbus.in/bus-tickets/delhi-to-moradabad,Delhi to Moradabad
UPSRTC - HDD0085,Ordinary Non AC Seater 2+3,16:06,22:00,05h 54m,INR 294,52 Seats available,3.3,https://www.redbus.in/bus-tickets/delhi-to-moradabad,Delhi to Moradabad
UPSRTC - MDD0012,Janrath AC Seater 2+2,16:15,20:15,04h 00m,INR 382,36 Seats available,"2.7
7",https://www.redbus.in/bus-tickets/delhi-to-moradabad,Delhi to Moradabad
UPSRTC - BRT0036,Ordinary Non AC Seater 2+3,17:00,21:40,04h 40m,INR 294,52 Seats available,3.3,https://www.redbus.in/bus-tickets/delhi-to-moradabad,Delhi to Moradabad
UPSRTC - HDD0090,Ordinary Non AC Seater 2+3,17:04,22:09,05h 05m,INR 294,52 Seats available,3.3,https://www.redbus.in/bus-tickets/delhi-to-moradabad,Delhi to Moradabad
UPSRTC - MDD0018,Janrath AC Seater 2+2,17:15,21:15,04h 00m,INR 382,36 Seats available,"2.0
9",https://www.redbus.in/bus-tickets/delhi-to-moradabad,Delhi to Moradabad
UPSRTC - MDD0057,Rajdhani Non AC Seater 2+3,17:30,21:00,03h 30m,INR 298,52 Seats available,3.3,https://www.redbus.in/bus-tickets/delhi-to-moradabad,Delhi to Moradabad
UPSRTC - HDD0082,Ordinary Non AC Seater 2+3,18:02,21:40,03h 38m,INR 294,52 Seats available,3.3,https://www.redbus.in/bus-tickets/delhi-to-moradabad,Delhi to Moradabad
UPSRTC - MDD0024,Janrath AC Seater 2+2,18:15,22:15,04h 00m,INR 382,36 Seats available,"2.0
5",https://www.redbus.in/bus-tickets/delhi-to-moradabad,Delhi to Moradabad
UPSRTC - HDD0092,Ordinary Non AC Seater 2+3,18:20,22:00,03h 40m,INR 265,52 Seats available,3.3,https://www.redbus.in/bus-tickets/delhi-to-moradabad,Delhi to Moradabad
UPSRTC - MDD0061,Rajdhani Non AC Seater 2+3,18:30,22:00,03h 30m,INR 298,52 Seats available,3.3,https://www.redbus.in/bus-tickets/delhi-to-moradabad,Delhi to Moradabad
UPSRTC - HDD0006,Janrath AC Seater 2+2,18:30,22:50,04h 20m,INR 386,36 Seats available,"3.4
5",https://www.redbus.in/bus-tickets/delhi-to-moradabad,Delhi to Moradabad
UPSRTC - HDD0095,Ordinary Non AC Seater 2+3,19:02,23:00,03h 58m,INR 294,52 Seats available,3.3,https://www.redbus.in/bus-tickets/delhi-to-moradabad,Delhi to Moradabad
UPSRTC - HDD0069,Ordinary Non AC Seater 2+3,19:29,22:02,02h 33m,INR 294,52 Seats available,3.3,https://www.redbus.in/bus-tickets/delhi-to-moradabad,Delhi to Moradabad
UPSRTC - MDD0034,Ordinary Non AC Seater 2+3,19:30,23:00,03h 30m,INR 298,52 Seats available,3.3,https://www.redbus.in/bus-tickets/delhi-to-moradabad,Delhi to Moradabad
UPSRTC - HDD0031,Ordinary Non AC Seater 2+3,19:45,01:00,05h 15m,INR 294,52 Seats available,3.3,https://www.redbus.in/bus-tickets/delhi-to-moradabad,Delhi to Moradabad
UPSRTC - MDD0038,Ordinary Non AC Seater 2+3,20:00,23:30,03h 30m,INR 298,52 Seats available,3.3,https://www.redbus.in/bus-tickets/delhi-to-moradabad,Delhi to Moradabad
UPSRTC - AWD0240,Janrath AC Seater 2+3,20:02,23:35,03h 33m,INR 333,48 Seats available,3.3,https://www.redbus.in/bus-tickets/delhi-to-moradabad,Delhi to Moradabad
R S YADAV SMART BUS PRIVATE LIMITED,A/C Seater / Sleeper (2+1),22:00,02:25,04h 25m,INR 499,31 Seats available,4.3,https://www.redbus.in/bus-tickets/delhi-to-moradabad,Delhi to Moradabad
International Tourist Centre,VE A/C Seater / Sleeper (2+1),22:15,02:40,04h 25m,INR 599,33 Seats available,4.8,https://www.redbus.in/bus-tickets/delhi-to-moradabad,Delhi to Moradabad
R S YADAV SMART BUS PRIVATE LIMITED,VE A/C Sleeper (2+1),22:15,02:15,04h 00m,INR 799,33 Seats available,4.3,https://www.redbus.in/bus-tickets/delhi-to-moradabad,Delhi to Moradabad
International Tourist Centre,VE A/C Seater / Sleeper (2+1),22:25,02:45,04h 20m,INR 549,38 Seats available,"4.8
8",https://www.redbus.in/bus-tickets/delhi-to-moradabad,Delhi to Moradabad
Fasttrack Travels,VE A/C Seater / Sleeper (2+2),22:30,01:50,03h 20m,449,26 Seats available,4.8,https://www.redbus.in/bus-tickets/delhi-to-moradabad,Delhi to Moradabad
UPSRTC - VKS0026,Janrath AC Seater 2+2,19:50,22:30,02h 40m,INR 296,36 Seats available,"2.4
4",https://www.redbus.in/bus-tickets/varanasi-to-allahabad,Varanasi to Allahabad
UPSRTC - KDN0028,Janrath AC Seater 2+2,23:01,02:00,02h 59m,INR 296,36 Seats available,"2.2
4",https://www.redbus.in/bus-tickets/varanasi-to-allahabad,Varanasi to Allahabad
FlixBus,A/C Sleeper (2+1),19:30,22:00,02h 30m,INR 450,5 Seats available,4.0,https://www.redbus.in/bus-tickets/varanasi-to-allahabad,Varanasi to Allahabad
Comfort Tour and Travels,NON A/C Seater Push Back (2+2),15:00,18:00,03h 00m,INR 499,26 Seats available,2.2,https://www.redbus.in/bus-tickets/varanasi-to-allahabad,Varanasi to Allahabad
Vanshika Tour and Travels,NON A/C Seater (2+2),16:55,21:00,04h 05m,INR 200,43 Seats available,New,https://www.redbus.in/bus-tickets/varanasi-to-allahabad,Varanasi to Allahabad
Hans Travels (I) Private Limited,A/C Sleeper (2+1),15:30,18:45,03h 15m,INR 2500,18 Seats available,3.2,https://www.redbus.in/bus-tickets/varanasi-to-allahabad,Varanasi to Allahabad
Sanjay Travels,AC Sleeper (2+1),15:30,18:45,03h 15m,2200,15 Seats available,3.8,https://www.redbus.in/bus-tickets/varanasi-to-allahabad,Varanasi to Allahabad
Goyal Travels,A/C Seater / Sleeper (2+1),16:00,18:35,02h 35m,INR 999,20 Seats available,3.3,https://www.redbus.in/bus-tickets/varanasi-to-allahabad,Varanasi to Allahabad
Laxmi holidays,Bharat Benz A/C Seater /Sleeper (2+1),16:00,19:15,03h 15m,INR 1200,25 Seats available,4.0,https://www.redbus.in/bus-tickets/varanasi-to-allahabad,Varanasi to Allahabad
Shri mahavir tour and travels,AC Sleeper (2+1),16:05,18:35,02h 30m,INR 1300,20 Seats available,4.2,https://www.redbus.in/bus-tickets/varanasi-to-allahabad,Varanasi to Allahabad
Sethi Yatra Company,A/C Seater / Sleeper (2+1),16:05,19:00,02h 55m,925,27 Seats available,3.8,https://www.redbus.in/bus-tickets/varanasi-to-allahabad,Varanasi to Allahabad
Laxmi holidays,Bharat Benz A/C Seater /Sleeper (2+1),17:00,20:15,03h 15m,1140,28 Seats available,4.0,https://www.redbus.in/bus-tickets/varanasi-to-allahabad,Varanasi to Allahabad
Dhariwal Travels,A/C Sleeper (2+1),17:00,19:30,02h 30m,INR 1710,36 Seats available,3.1,https://www.redbus.in/bus-tickets/varanasi-to-allahabad,Varanasi to Allahabad
BSS COOL COOL TRAVELS,A/C Seater / Sleeper (2+1),17:00,21:15,04h 15m,INR 1045,43 Seats available,4.1,https://www.redbus.in/bus-tickets/varanasi-to-allahabad,Varanasi to Allahabad
HIGHWAY STAR TRAVEL & CARGO,A/C Seater/Sleeper (2+1),17:30,19:45,02h 15m,INR 1299,28 Seats available,3.1,https://www.redbus.in/bus-tickets/varanasi-to-allahabad,Varanasi to Allahabad
Gola Bus Service,Bharat Benz A/C Seater /Sleeper (2+1),17:40,20:10,02h 30m,INR 1399,21 Seats available,4.4,https://www.redbus.in/bus-tickets/varanasi-to-allahabad,Varanasi to Allahabad
Laxmi holidays,Bharat Benz A/C Seater /Sleeper (2+1),18:00,21:15,03h 15m,INR 1200,34 Seats available,"4.0
6",https://www.redbus.in/bus-tickets/varanasi-to-allahabad,Varanasi to Allahabad
UPSRTC - STD0022,Janrath AC Seater 2+2,17:00,23:37,06h 37m,INR 554,36 Seats available,3.3,https://www.redbus.in/bus-tickets/lucknow-to-jaunpur,Lucknow to Jaunpur
UPSRTC - CNT0037,Ordinary Non AC Seater 2+3,18:30,00:00,05h 30m,INR 379,51 Seats available,3.3,https://www.redbus.in/bus-tickets/lucknow-to-jaunpur,Lucknow to Jaunpur
UPSRTC - CNT0039,Ordinary Non AC Seater 2+3,19:30,01:00,05h 30m,INR 379,51 Seats available,3.3,https://www.redbus.in/bus-tickets/lucknow-to-jaunpur,Lucknow to Jaunpur
UPSRTC - CNT0043,Ordinary Non AC Seater 2+3,20:00,01:30,05h 30m,INR 379,51 Seats available,3.3,https://www.redbus.in/bus-tickets/lucknow-to-jaunpur,Lucknow to Jaunpur
UPSRTC - JNP0013,Ordinary Non AC Seater 2+3,20:20,02:00,05h 40m,INR 379,52 Seats available,3.3,https://www.redbus.in/bus-tickets/lucknow-to-jaunpur,Lucknow to Jaunpur
UPSRTC - CNT0041,Ordinary Non AC Seater 2+3,20:30,02:00,05h 30m,INR 379,51 Seats available,3.3,https://www.redbus.in/bus-tickets/lucknow-to-jaunpur,Lucknow to Jaunpur
UPSRTC - JNP0012,Ordinary Non AC Seater 2+3,20:30,02:30,06h 00m,INR 379,52 Seats available,3.3,https://www.redbus.in/bus-tickets/lucknow-to-jaunpur,Lucknow to Jaunpur
UPSRTC - CNT0047,Ordinary Non AC Seater 2+3,21:00,02:30,05h 30m,INR 379,51 Seats available,3.3,https://www.redbus.in/bus-tickets/lucknow-to-jaunpur,Lucknow to Jaunpur
UPSRTC - CNT0057,Ordinary Non AC Seater 2+3,22:30,04:00,05h 30m,INR 379,52 Seats available,3.3,https://www.redbus.in/bus-tickets/lucknow-to-jaunpur,Lucknow to Jaunpur
UPSRTC - GLA0137,Janrath AC Seater 2+2,23:05,04:15,05h 10m,INR 562,36 Seats available,3.3,https://www.redbus.in/bus-tickets/lucknow-to-jaunpur,Lucknow to Jaunpur
Yolo Bus,A/C Sleeper (2+1),22:19,04:04,05h 45m,INR 549,20 Seats available,"4.2
16",https://www.redbus.in/bus-tickets/lucknow-to-jaunpur,Lucknow to Jaunpur
UPSRTC - TAJ0047,Pink Express AC Seater 2+2,21:55,04:14,06h 19m,INR 739,33 Seats available,"3.7
14",https://www.redbus.in/bus-tickets/aligarh-to-haridwar,Aligarh (uttar pradesh) to Haridwar
UPSRTC - TAJ0051,Janrath AC Seater 2+3,23:00,05:30,06h 30m,INR 606,47 Seats available,"2.0
13",https://www.redbus.in/bus-tickets/aligarh-to-haridwar,Aligarh (uttar pradesh) to Haridwar
SHRI KRISHNA TRAVELS (JAI SHREE GANESH YATRA CO.),Bharat Benz A/C Seater /Sleeper (2+1),23:59,04:30,04h 31m,INR 699,17 Seats available,"2.7
16",https://www.redbus.in/bus-tickets/aligarh-to-haridwar,Aligarh (uttar pradesh) to Haridwar
UPSRTC - SJP0271,Ordinary Non AC Seater 2+3,16:01,23:21,07h 20m,INR 584,52 Seats available,3.3,https://www.redbus.in/bus-tickets/shahjahanpur-to-delhi,Shahjahanpur (Uttar Pradesh) to Delhi
UPSRTC - SJP0032,Ordinary Non AC Seater 2+3,16:30,00:30,08h 00m,INR 584,52 Seats available,3.3,https://www.redbus.in/bus-tickets/shahjahanpur-to-delhi,Shahjahanpur (Uttar Pradesh) to Delhi
UPSRTC - SJP0278,Ordinary Non AC Seater 2+3,17:31,00:51,07h 20m,INR 584,52 Seats available,3.3,https://www.redbus.in/bus-tickets/shahjahanpur-to-delhi,Shahjahanpur (Uttar Pradesh) to Delhi
UPSRTC - HDD0063,Ordinary Non AC Seater 2+3,18:00,01:03,07h 03m,INR 550,52 Seats available,3.3,https://www.redbus.in/bus-tickets/shahjahanpur-to-delhi,Shahjahanpur (Uttar Pradesh) to Delhi
UPSRTC - BRT0007,Ordinary Non AC Seater 2+3,19:40,04:00,08h 20m,INR 567,52 Seats available,3.3,https://www.redbus.in/bus-tickets/shahjahanpur-to-delhi,Shahjahanpur (Uttar Pradesh) to Delhi
UPSRTC - SJP0281,Ordinary Non AC Seater 2+3,19:45,03:05,07h 20m,INR 584,52 Seats available,3.3,https://www.redbus.in/bus-tickets/shahjahanpur-to-delhi,Shahjahanpur (Uttar Pradesh) to Delhi
UPSRTC - STD0163,Ordinary Non AC Seater 2+3,19:58,05:16,09h 18m,INR 532,52 Seats available,3.3,https://www.redbus.in/bus-tickets/shahjahanpur-to-delhi,Shahjahanpur (Uttar Pradesh) to Delhi
UPSRTC - STD0368,Ordinary Non AC Seater 2+3,20:01,04:40,08h 39m,INR 563,52 Seats available,3.3,https://www.redbus.in/bus-tickets/shahjahanpur-to-delhi,Shahjahanpur (Uttar Pradesh) to Delhi
UPSRTC - SJP0286,Ordinary Non AC Seater 2+3,21:00,04:20,07h 20m,INR 584,52 Seats available,3.3,https://www.redbus.in/bus-tickets/shahjahanpur-to-delhi,Shahjahanpur (Uttar Pradesh) to Delhi
UPSRTC - STD0144,Ordinary Non AC Seater 2+3,21:28,06:30,09h 02m,INR 563,52 Seats available,3.3,https://www.redbus.in/bus-tickets/shahjahanpur-to-delhi,Shahjahanpur (Uttar Pradesh) to Delhi
UPSRTC - GLA0141,Janrath AC Seater 2+2,21:35,05:05,07h 30m,INR 791,32 Seats available,3.3,https://www.redbus.in/bus-tickets/shahjahanpur-to-delhi,Shahjahanpur (Uttar Pradesh) to Delhi
UPSRTC - SJP0288,Ordinary Non AC Seater 2+3,21:45,05:05,07h 20m,INR 584,52 Seats available,3.3,https://www.redbus.in/bus-tickets/shahjahanpur-to-delhi,Shahjahanpur (Uttar Pradesh) to Delhi
UPSRTC - LKM0399,Shatabdi AC Seater 2+2,22:15,05:14,06h 59m,INR 768,31 Seats available,3.3,https://www.redbus.in/bus-tickets/shahjahanpur-to-delhi,Shahjahanpur (Uttar Pradesh) to Delhi
UPSRTC - STD0072,Janrath AC Seater 2+2,22:40,05:45,07h 05m,INR 768,34 Seats available,"2.6
10",https://www.redbus.in/bus-tickets/shahjahanpur-to-delhi,Shahjahanpur (Uttar Pradesh) to Delhi
UPSRTC - KSB0044,Janrath AC Seater 2+2,23:05,05:30,06h 25m,INR 768,22 Seats available,"1.5
14",https://www.redbus.in/bus-tickets/shahjahanpur-to-delhi,Shahjahanpur (Uttar Pradesh) to Delhi
UPSRTC - LKM0401,Shatabdi AC Seater 2+2,23:15,06:14,06h 59m,INR 768,26 Seats available,3.3,https://www.redbus.in/bus-tickets/shahjahanpur-to-delhi,Shahjahanpur (Uttar Pradesh) to Delhi
R S YADAV SMART BUS PRIVATE LIMITED,VE A/C Sleeper (2+1),22:45,06:35,07h 50m,INR 899,19 Seats available,"4.2
64",https://www.redbus.in/bus-tickets/shahjahanpur-to-delhi,Shahjahanpur (Uttar Pradesh) to Delhi
UPSRTC - CBG0070,Ordinary Non AC Seater 2+3,15:15,20:30,05h 15m,INR 421,52 Seats available,3.3,https://www.redbus.in/bus-tickets/lucknow-to-azamgarh,Lucknow to Azamgarh
UPSRTC - BTR0028,Ordinary Non AC Seater 2+3,15:51,01:03,09h 12m,INR 408,52 Seats available,3.3,https://www.redbus.in/bus-tickets/lucknow-to-azamgarh,Lucknow to Azamgarh
UPSRTC - AZR0023,Ordinary Non AC Seater 2+3,16:00,20:50,04h 50m,INR 457,52 Seats available,3.3,https://www.redbus.in/bus-tickets/lucknow-to-azamgarh,Lucknow to Azamgarh
UPSRTC - AZS0019,Ordinary Non AC Seater 2+3,16:00,21:00,05h 00m,INR 457,52 Seats available,3.3,https://www.redbus.in/bus-tickets/lucknow-to-azamgarh,Lucknow to Azamgarh
UPSRTC - AZR0018,Ordinary Non AC Seater 2+3,16:30,21:30,05h 00m,INR 457,52 Seats available,3.3,https://www.redbus.in/bus-tickets/lucknow-to-azamgarh,Lucknow to Azamgarh
UPSRTC - DRG0005,Rajdhani Non AC Seater 2+3,18:00,23:45,05h 45m,INR 457,51 Seats available,3.3,https://www.redbus.in/bus-tickets/lucknow-to-azamgarh,Lucknow to Azamgarh
UPSRTC - AZR0025,Ordinary Non AC Seater 2+3,18:00,23:00,05h 00m,INR 457,52 Seats available,3.3,https://www.redbus.in/bus-tickets/lucknow-to-azamgarh,Lucknow to Azamgarh
UPSRTC - BTR0025,Ordinary Non AC Seater 2+3,18:29,01:02,06h 33m,INR 421,52 Seats available,3.3,https://www.redbus.in/bus-tickets/lucknow-to-azamgarh,Lucknow to Azamgarh
UPSRTC - BUI0026,Janrath AC Seater 2+2,18:30,23:50,05h 20m,INR 666,36 Seats available,3.3,https://www.redbus.in/bus-tickets/lucknow-to-azamgarh,Lucknow to Azamgarh
UPSRTC - AZR0021,Ordinary Non AC Seater 2+3,19:00,03:50,08h 50m,INR 411,52 Seats available,3.3,https://www.redbus.in/bus-tickets/lucknow-to-azamgarh,Lucknow to Azamgarh
UPSRTC - AZR0027,Ordinary Non AC Seater 2+3,19:41,00:05,04h 24m,INR 421,52 Seats available,3.3,https://www.redbus.in/bus-tickets/lucknow-to-azamgarh,Lucknow to Azamgarh
UPSRTC - AZS0023,Ordinary Non AC Seater 2+3,20:00,01:00,05h 00m,INR 457,52 Seats available,3.3,https://www.redbus.in/bus-tickets/lucknow-to-azamgarh,Lucknow to Azamgarh
UPSRTC - GZP0018,Ordinary Non AC Seater 2+3,20:30,03:07,06h 37m,INR 411,52 Seats available,3.3,https://www.redbus.in/bus-tickets/lucknow-to-azamgarh,Lucknow to Azamgarh
UPSRTC - AZS0021,Ordinary Non AC Seater 2+3,20:30,01:30,05h 00m,INR 457,52 Seats available,3.3,https://www.redbus.in/bus-tickets/lucknow-to-azamgarh,Lucknow to Azamgarh
UPSRTC - AZS0025,Ordinary Non AC Seater 2+3,21:00,02:00,05h 00m,INR 457,52 Seats available,3.3,https://www.redbus.in/bus-tickets/lucknow-to-azamgarh,Lucknow to Azamgarh
UPSRTC - AZS0031,Janrath AC Seater 2+2,21:50,03:10,05h 20m,INR 666,36 Seats available,3.3,https://www.redbus.in/bus-tickets/lucknow-to-azamgarh,Lucknow to Azamgarh
UPSRTC - BTR0027,Ordinary Non AC Seater 2+3,22:10,06:31,08h 21m,INR 441,52 Seats available,3.3,https://www.redbus.in/bus-tickets/lucknow-to-azamgarh,Lucknow to Azamgarh
UPSRTC - AZS0033,Janrath AC Seater 2+2,22:30,03:50,05h 20m,INR 666,36 Seats available,3.3,https://www.redbus.in/bus-tickets/lucknow-to-azamgarh,Lucknow to Azamgarh
UPSRTC - BUI0013,Ordinary Non AC Seater 2+3,22:45,03:30,04h 45m,INR 421,52 Seats available,3.3,https://www.redbus.in/bus-tickets/lucknow-to-azamgarh,Lucknow to Azamgarh
UPSRTC - GLA0144,Janrath AC Seater 2+2,22:55,04:14,05h 19m,INR 666,36 Seats available,3.3,https://www.redbus.in/bus-tickets/lucknow-to-azamgarh,Lucknow to Azamgarh
Ashok Tour And Travels,AC Seater (2+2),16:00,19:30,03h 30m,INR 549,28 Seats available,"4.3
32",https://www.redbus.in/bus-tickets/lucknow-to-azamgarh,Lucknow to Azamgarh
Ashok Tour And Travels,AC Seater (2+2),17:30,20:45,03h 15m,INR 549,24 Seats available,"3.9
6",https://www.redbus.in/bus-tickets/lucknow-to-azamgarh,Lucknow to Azamgarh
Aarohi Travels,AC Seater (2+2),15:00,18:30,03h 30m,INR 500,37 Seats available,"2.9
9",https://www.redbus.in/bus-tickets/lucknow-to-azamgarh,Lucknow to Azamgarh
Ashok Tour And Travels,A/C Seater (2+1),19:30,22:45,03h 15m,INR 549,16 Seats available,"2.4
8",https://www.redbus.in/bus-tickets/lucknow-to-azamgarh,Lucknow to Azamgarh
Aarohi Travels,Non AC Seater (2+2),17:00,21:00,04h 00m,INR 400,40 Seats available,2.9,https://www.redbus.in/bus-tickets/lucknow-to-azamgarh,Lucknow to Azamgarh
UPSRTC - GLA0138,Janrath AC Seater 2+2,17:01,23:30,06h 29m,INR 562,35 Seats available,3.3,https://www.redbus.in/bus-tickets/jaunpur-to-lucknow,Jaunpur to Lucknow
UPSRTC - KSH0001,Janrath AC Seater 2+2,19:55,02:15,06h 20m,INR 554,36 Seats available,3.3,https://www.redbus.in/bus-tickets/jaunpur-to-lucknow,Jaunpur to Lucknow
UPSRTC - KSH0023,Ordinary Non AC Seater 2+3,20:07,02:47,06h 40m,INR 379,51 Seats available,3.3,https://www.redbus.in/bus-tickets/jaunpur-to-lucknow,Jaunpur to Lucknow
Raj Kalpana Travels Pvt.Ltd,A/C Seater/Sleeper (2+1),21:30,01:45,04h 15m,1489,9 Seats available,"4.8
5",https://www.redbus.in/bus-tickets/jaunpur-to-lucknow,Jaunpur to Lucknow
R S YADAV SMART BUS PRIVATE LIMITED,A/C Seater / Sleeper (2+2),18:35,01:21,06h 46m,INR 1299,18 Seats available,4.3,https://www.redbus.in/bus-tickets/jaunpur-to-lucknow,Jaunpur to Lucknow
Vinay Travels,A/C Seater / Sleeper (2+2),23:00,02:00,03h 00m,INR 1341,24 Seats available,2.9,https://www.redbus.in/bus-tickets/jaunpur-to-lucknow,Jaunpur to Lucknow
UPSRTC - MHB0049,Ordinary Non AC Seater 2+3,15:15,17:24,02h 09m,INR 142,52 Seats available,3.3,https://www.redbus.in/bus-tickets/kanpur-to-lucknow,Kanpur (Uttar Pradesh) to Lucknow
UPSRTC - JHD0020,Ordinary Non AC Seater 2+3,15:30,18:00,02h 30m,INR 146,52 Seats available,3.3,https://www.redbus.in/bus-tickets/kanpur-to-lucknow,Kanpur (Uttar Pradesh) to Lucknow
UPSRTC - BTR0030,Ordinary Non AC Seater 2+3,15:30,16:50,01h 20m,INR 146,52 Seats available,3.3,https://www.redbus.in/bus-tickets/kanpur-to-lucknow,Kanpur (Uttar Pradesh) to Lucknow
UPSRTC - GZP0018,Ordinary Non AC Seater 2+3,15:45,18:45,03h 00m,INR 138,52 Seats available,3.3,https://www.redbus.in/bus-tickets/kanpur-to-lucknow,Kanpur (Uttar Pradesh) to Lucknow
UPSRTC - MHB0051,Ordinary Non AC Seater 2+3,15:45,17:54,02h 09m,INR 142,52 Seats available,3.3,https://www.redbus.in/bus-tickets/kanpur-to-lucknow,Kanpur (Uttar Pradesh) to Lucknow
UPSRTC - BTR0025,Ordinary Non AC Seater 2+3,16:30,18:02,01h 32m,INR 142,52 Seats available,3.3,https://www.redbus.in/bus-tickets/kanpur-to-lucknow,Kanpur (Uttar Pradesh) to Lucknow
UPSRTC - BLP0039,Ordinary Non AC Seater 2+3,16:30,20:00,03h 30m,INR 167,52 Seats available,3.3,https://www.redbus.in/bus-tickets/kanpur-to-lucknow,Kanpur (Uttar Pradesh) to Lucknow
UPSRTC - HDD0061,Rajdhani Non AC Seater 2+3,16:30,20:03,03h 33m,INR 150,52 Seats available,3.3,https://www.redbus.in/bus-tickets/kanpur-to-lucknow,Kanpur (Uttar Pradesh) to Lucknow
UPSRTC - JHD0023,Ordinary Non AC Seater 2+3,16:45,19:00,02h 15m,INR 146,52 Seats available,3.3,https://www.redbus.in/bus-tickets/kanpur-to-lucknow,Kanpur (Uttar Pradesh) to Lucknow
UPSRTC - JHD0025,Ordinary Non AC Seater 2+3,17:15,19:30,02h 15m,INR 146,52 Seats available,3.3,https://www.redbus.in/bus-tickets/kanpur-to-lucknow,Kanpur (Uttar Pradesh) to Lucknow
UPSRTC - BLP0096,Ordinary Non AC Seater 2+3,17:30,20:20,02h 50m,INR 150,52 Seats available,3.3,https://www.redbus.in/bus-tickets/kanpur-to-lucknow,Kanpur (Uttar Pradesh) to Lucknow
UPSRTC - BUI0013,Ordinary Non AC Seater 2+3,18:30,21:30,03h 00m,INR 142,52 Seats available,3.3,https://www.redbus.in/bus-tickets/kanpur-to-lucknow,Kanpur (Uttar Pradesh) to Lucknow
UPSRTC - BRH0018,Ordinary Non AC Seater 2+3,19:00,21:10,02h 10m,INR 150,52 Seats available,3.3,https://www.redbus.in/bus-tickets/kanpur-to-lucknow,Kanpur (Uttar Pradesh) to Lucknow
UPSRTC - BLP0100,Ordinary Non AC Seater 2+3,19:00,20:55,01h 55m,INR 142,52 Seats available,3.3,https://www.redbus.in/bus-tickets/kanpur-to-lucknow,Kanpur (Uttar Pradesh) to Lucknow
UPSRTC - BUI0004,Ordinary Non AC Seater 2+3,19:30,21:00,01h 30m,INR 142,51 Seats available,3.3,https://www.redbus.in/bus-tickets/kanpur-to-lucknow,Kanpur (Uttar Pradesh) to Lucknow
UPSRTC - BRH0022,Ordinary Non AC Seater 2+3,19:30,21:40,02h 10m,INR 150,52 Seats available,3.3,https://www.redbus.in/bus-tickets/kanpur-to-lucknow,Kanpur (Uttar Pradesh) to Lucknow
UPSRTC - BLP0092,Ordinary Non AC Seater 2+3,20:00,22:10,02h 10m,INR 150,52 Seats available,3.3,https://www.redbus.in/bus-tickets/kanpur-to-lucknow,Kanpur (Uttar Pradesh) to Lucknow
UPSRTC - VKS0007,Janrath AC Seater 2+3,20:00,22:30,02h 30m,INR 188,44 Seats available,"1.9
8",https://www.redbus.in/bus-tickets/kanpur-to-lucknow,Kanpur (Uttar Pradesh) to Lucknow
UPSRTC - MHB0007,Janrath AC Seater 2+2,20:30,22:12,01h 42m,INR 216,36 Seats available,"1.4
7",https://www.redbus.in/bus-tickets/kanpur-to-lucknow,Kanpur (Uttar Pradesh) to Lucknow
UPSRTC - BLP0089,Ordinary Non AC Seater 2+3,20:30,23:15,02h 45m,INR 150,52 Seats available,3.3,https://www.redbus.in/bus-tickets/kanpur-to-lucknow,Kanpur (Uttar Pradesh) to Lucknow
UPSRTC - BRH0039,Ordinary Non AC Seater 2+3,21:00,23:00,02h 00m,INR 150,52 Seats available,3.3,https://www.redbus.in/bus-tickets/kanpur-to-lucknow,Kanpur (Uttar Pradesh) to Lucknow
UPSRTC - AYD0060,Ordinary Non AC Seater 2+3,21:00,23:00,02h 00m,INR 142,52 Seats available,3.3,https://www.redbus.in/bus-tickets/kanpur-to-lucknow,Kanpur (Uttar Pradesh) to Lucknow
UPSRTC - AKP0218,Ordinary Non AC Seater 2+3,21:02,23:35,02h 33m,INR 180,52 Seats available,3.3,https://www.redbus.in/bus-tickets/kanpur-to-lucknow,Kanpur (Uttar Pradesh) to Lucknow
UPSRTC - BRH0028,Ordinary Non AC Seater 2+3,21:30,23:40,02h 10m,INR 150,52 Seats available,3.3,https://www.redbus.in/bus-tickets/kanpur-to-lucknow,Kanpur (Uttar Pradesh) to Lucknow
UPSRTC - BLP0041,Ordinary Non AC Seater 2+3,21:30,00:20,02h 50m,INR 167,52 Seats available,3.3,https://www.redbus.in/bus-tickets/kanpur-to-lucknow,Kanpur (Uttar Pradesh) to Lucknow
Samay Shatabdi Travels Pvt Ltd,AC Sleeper (2+1),17:30,21:00,03h 30m,INR 500,16 Seats available,"3.8
11",https://www.redbus.in/bus-tickets/kanpur-to-lucknow,Kanpur (Uttar Pradesh) to Lucknow
Samay Shatabdi Travels Pvt Ltd,Bharat Benz A/C Sleeper (2+1),20:00,22:00,02h 00m,INR 500,8 Seats available,3.8,https://www.redbus.in/bus-tickets/kanpur-to-lucknow,Kanpur (Uttar Pradesh) to Lucknow
Shatabdi Travels Gorakhpur,AC Sleeper (2+1),21:01,23:31,02h 30m,INR 649,15 Seats available,3.9,https://www.redbus.in/bus-tickets/kanpur-to-lucknow,Kanpur (Uttar Pradesh) to Lucknow
Mahalaxmi Travels,Bharat Benz A/C Seater /Sleeper (2+1),19:30,22:45,03h 15m,INR 599,31 Seats available,"1.5
4",https://www.redbus.in/bus-tickets/kanpur-to-lucknow,Kanpur (Uttar Pradesh) to Lucknow
Panwar Travels,A/C Seater / Sleeper (2+1),18:00,21:30,03h 30m,INR 2500,38 Seats available,2.8,https://www.redbus.in/bus-tickets/kanpur-to-lucknow,Kanpur (Uttar Pradesh) to Lucknow
UPSRTC - TAJ0047,Pink Express AC Seater 2+2,19:01,04:14,09h 13m,INR 927,37 Seats available,"4.8
8",https://www.redbus.in/bus-tickets/agra-to-haridwar,Agra to Haridwar
UPSRTC - TAJ0051,Janrath AC Seater 2+3,20:31,05:30,08h 59m,INR 766,47 Seats available,"2.4
17",https://www.redbus.in/bus-tickets/agra-to-haridwar,Agra to Haridwar
Baba Travels Mathura,VE A/C Sleeper (2+1),20:00,06:00,10h 00m,INR 899,15 Seats available,"4.6
74",https://www.redbus.in/bus-tickets/agra-to-haridwar,Agra to Haridwar
PTC-SKYBUS,VE A/C Seater / Sleeper (2+1),22:50,05:50,07h 00m,INR 799,10 Seats available,"4.8
9",https://www.redbus.in/bus-tickets/agra-to-haridwar,Agra to Haridwar
SHRI KRISHNA TRAVELS (JAI SHREE GANESH YATRA CO.),VE A/C Seater / Sleeper (2+1),21:20,06:30,09h 10m,INR 799,16 Seats available,"4.1
17",https://www.redbus.in/bus-tickets/agra-to-haridwar,Agra to Haridwar
SHRI KRISHNA TRAVELS (JAI SHREE GANESH YATRA CO.),Bharat Benz A/C Seater /Sleeper (2+1),20:00,04:30,08h 30m,INR 699,17 Seats available,"3.6
115",https://www.redbus.in/bus-tickets/agra-to-haridwar,Agra to Haridwar
Shatabdi Travels,Bharat Benz A/C Sleeper (2+1),23:30,06:20,06h 50m,INR 999,15 Seats available,"2.4
4",https://www.redbus.in/bus-tickets/agra-to-haridwar,Agra to Haridwar
Mahalaxmi Travels,A/C Sleeper (2+1),22:15,06:30,08h 15m,INR 999,9 Seats available,"2.7
5",https://www.redbus.in/bus-tickets/agra-to-haridwar,Agra to Haridwar
Samay Shatabdi Travels Pvt Ltd,Bharat Benz A/C Sleeper (2+1),23:30,06:35,07h 05m,INR 849,11 Seats available,3.8,https://www.redbus.in/bus-tickets/agra-to-haridwar,Agra to Haridwar
SHRI KRISHNA TRAVELS (JAI SHREE GANESH YATRA CO.),VE A/C Seater / Sleeper (2+1),23:59,07:30,07h 31m,INR 699,19 Seats available,"3.7
35",https://www.redbus.in/bus-tickets/agra-to-haridwar,Agra to Haridwar
Shrinath Travels Gwalior,NON A/C Sleeper (2+1),23:30,08:00,08h 30m,INR 700,16 Seats available,"3.9
19",https://www.redbus.in/bus-tickets/agra-to-haridwar,Agra to Haridwar
Kalpana Travel Gwalior,A/C Sleeper (2+1),23:30,08:30,09h 00m,854,14 Seats available,"2.3
8",https://www.redbus.in/bus-tickets/agra-to-haridwar,Agra to Haridwar
UPSRTC - AWD0267,Janrath AC Seater 2+3,15:30,22:30,07h 00m,INR 552,46 Seats available,3.3,https://www.redbus.in/bus-tickets/lucknow-to-gorakhpur,Lucknow to Gorakhpur (uttar pradesh)
UPSRTC - GKD0137,Shatabdi AC Seater 2+2,15:32,21:30,05h 58m,INR 670,37 Seats available,3.3,https://www.redbus.in/bus-tickets/lucknow-to-gorakhpur,Lucknow to Gorakhpur (uttar pradesh)
UPSRTC - AWD0023,Janrath AC Seater 2+3,16:00,22:01,06h 01m,INR 552,48 Seats available,3.3,https://www.redbus.in/bus-tickets/lucknow-to-gorakhpur,Lucknow to Gorakhpur (uttar pradesh)
UPSRTC - GKD0139,Shatabdi AC Seater 2+2,17:02,23:00,05h 58m,INR 670,37 Seats available,3.3,https://www.redbus.in/bus-tickets/lucknow-to-gorakhpur,Lucknow to Gorakhpur (uttar pradesh)
UPSRTC - DOR0016,Janrath AC Seater 2+2,18:00,00:30,06h 30m,INR 670,36 Seats available,3.3,https://www.redbus.in/bus-tickets/lucknow-to-gorakhpur,Lucknow to Gorakhpur (uttar pradesh)
UPSRTC - PAD0004,Rajdhani Non AC Seater 2+3,21:00,03:30,06h 30m,INR 451,50 Seats available,3.3,https://www.redbus.in/bus-tickets/lucknow-to-gorakhpur,Lucknow to Gorakhpur (uttar pradesh)
UPSRTC - DOR0004,Rajdhani Non AC Seater 2+3,21:14,02:57,05h 43m,INR 425,51 Seats available,3.3,https://www.redbus.in/bus-tickets/lucknow-to-gorakhpur,Lucknow to Gorakhpur (uttar pradesh)
UPSRTC - PAD0006,Rajdhani Non AC Seater 2+3,22:00,04:30,06h 30m,INR 451,51 Seats available,"2.8
5",https://www.redbus.in/bus-tickets/lucknow-to-gorakhpur,Lucknow to Gorakhpur (uttar pradesh)
UPSRTC - STD0374,Ordinary Non AC Seater 2+3,22:35,06:04,07h 29m,INR 425,52 Seats available,3.3,https://www.redbus.in/bus-tickets/lucknow-to-gorakhpur,Lucknow to Gorakhpur (uttar pradesh)
UPSRTC - VKS0007,Janrath AC Seater 2+3,23:00,05:30,06h 30m,INR 578,48 Seats available,"1.0
6",https://www.redbus.in/bus-tickets/lucknow-to-gorakhpur,Lucknow to Gorakhpur (uttar pradesh)
Anshi Raj Shree Travels,Bharat Benz A/C Seater /Sleeper (2+1),23:59,05:45,05h 46m,INR 500,8 Seats available,"4.1
72",https://www.redbus.in/bus-tickets/lucknow-to-gorakhpur,Lucknow to Gorakhpur (uttar pradesh)
Shatabdi Travels Gorakhpur,AC Sleeper (2+1),23:46,05:48,06h 02m,INR 649,16 Seats available,"3.3
22",https://www.redbus.in/bus-tickets/lucknow-to-gorakhpur,Lucknow to Gorakhpur (uttar pradesh)
Samay Shatabdi Travels Pvt Ltd,NON A/C Sleeper (2+1),23:45,05:00,05h 15m,INR 499,27 Seats available,"2.5
21",https://www.redbus.in/bus-tickets/lucknow-to-gorakhpur,Lucknow to Gorakhpur (uttar pradesh)
Samay Shatabdi Travels Pvt Ltd,AC Sleeper (2+1),21:00,01:15,04h 15m,INR 799,15 Seats available,"2.5
5",https://www.redbus.in/bus-tickets/lucknow-to-gorakhpur,Lucknow to Gorakhpur (uttar pradesh)
Gorakhdham Express Bus Service,A/C Seater / Sleeper (2+2),23:55,04:30,04h 35m,INR 765,28 Seats available,2.9,https://www.redbus.in/bus-tickets/lucknow-to-gorakhpur,Lucknow to Gorakhpur (uttar pradesh)
