Bus_name,Bus_type,Start_time,End_time,Total_duration,Price,Seats_Available,Ratings,Route_link,Route_name
RSRTC - 160781,Super Luxury Volvo AC Seater Pushback 2+2,00:00,14:00,14h 00m,INR 460,32 Seats available,"4.6
6",https://www.redbus.in/bus-tickets/jodhpur-to-ajmer,Jodhpur to Ajmer
RSRTC - 144042,Super Luxury Volvo AC Seater Pushback 2+2,00:00,12:20,12h 20m,INR 460,37 Seats available,"3.0
6",https://www.redbus.in/bus-tickets/jodhpur-to-ajmer,Jodhpur to Ajmer
RSRTC - 192566,Semi Deluxe Non AC Seater 2+2,04:45,09:15,04h 30m,INR 250,35 Seats available,3.9,https://www.redbus.in/bus-tickets/jodhpur-to-ajmer,Jodhpur to Ajmer
RSRTC - 146314,Super Luxury Volvo AC Seater Pushback 2+2,06:15,10:15,04h 00m,INR 460,31 Seats available,"3.4
62",https://www.redbus.in/bus-tickets/jodhpur-to-ajmer,Jodhpur to Ajmer
RSRTC - 193343,Semi Deluxe Non AC Seater 2+2,07:15,12:00,04h 45m,INR 250,35 Seats available,3.9,https://www.redbus.in/bus-tickets/jodhpur-to-ajmer,Jodhpur to Ajmer
RSRTC - 185141,Super Luxury Volvo AC Seater Pushback 2+2,07:15,11:15,04h 00m,INR 460,14 Seats available,"4.2
51",https://www.redbus.in/bus-tickets/jodhpur-to-ajmer,Jodhpur to Ajmer
RSRTC - 193585,Express Non AC Seater 2+3,07:40,12:20,04h 40m,INR 227,42 Seats available,3.9,https://www.redbus.in/bus-tickets/jodhpur-to-ajmer,Jodhpur to Ajmer
RSRTC - 192577,Express Non AC Seater 2+3,08:00,12:55,04h 55m,INR 229,46 Seats available,3.9,https://www.redbus.in/bus-tickets/jodhpur-to-ajmer,Jodhpur to Ajmer
RSRTC - 186250,Super Luxury Volvo AC Seater Pushback 2+2,09:16,13:20,04h 04m,INR 460,29 Seats available,"4.7
20",https://www.redbus.in/bus-tickets/jodhpur-to-ajmer,Jodhpur to Ajmer
RSRTC - 174461,Express Non AC Seater 2+3,09:30,14:15,04h 45m,INR 229,42 Seats available,3.9,https://www.redbus.in/bus-tickets/jodhpur-to-ajmer,Jodhpur to Ajmer
RSRTC - 193432,Express Non AC Seater 2+3,10:00,15:45,05h 45m,INR 226,42 Seats available,3.9,https://www.redbus.in/bus-tickets/jodhpur-to-ajmer,Jodhpur to Ajmer
RSRTC - 179321,Express Non AC Seater 2+3,10:00,14:30,04h 30m,INR 229,42 Seats available,3.9,https://www.redbus.in/bus-tickets/jodhpur-to-ajmer,Jodhpur to Ajmer
RSRTC - 179320,Express Non AC Seater 2+3,10:15,14:40,04h 25m,INR 229,42 Seats available,3.9,https://www.redbus.in/bus-tickets/jodhpur-to-ajmer,Jodhpur to Ajmer
RSRTC - 164138,Express Non AC Seater 2+3,10:30,15:00,04h 30m,INR 229,42 Seats available,3.9,https://www.redbus.in/bus-tickets/jodhpur-to-ajmer,Jodhpur to Ajmer
RSRTC - 182944,Express Non AC Seater 2+3,11:15,15:50,04h 35m,INR 229,42 Seats available,3.9,https://www.redbus.in/bus-tickets/jodhpur-to-ajmer,Jodhpur to Ajmer
RSRTC - 187798,Super Luxury Volvo AC Seater Pushback 2+2,11:55,15:50,03h 55m,INR 460,24 Seats available,"4.4
32",https://www.redbus.in/bus-tickets/jodhpur-to-ajmer,Jodhpur to Ajmer
RSRTC - 156405,Express Non AC Seater 2+3,12:00,16:30,04h 30m,INR 229,42 Seats available,3.9,https://www.redbus.in/bus-tickets/jodhpur-to-ajmer,Jodhpur to Ajmer
RSRTC - 190537,Express Non AC Seater 2+3,12:30,17:05,04h 35m,INR 229,42 Seats available,3.9,https://www.redbus.in/bus-tickets/jodhpur-to-ajmer,Jodhpur to Ajmer
RSRTC - 157455,Super Luxury Volvo AC Seater Pushback 2+2,13:00,17:00,04h 00m,INR 460,23 Seats available,"4.2
55",https://www.redbus.in/bus-tickets/jodhpur-to-ajmer,Jodhpur to Ajmer
RSRTC - 190571,Express Non AC Seater 2+3,13:25,18:00,04h 35m,INR 229,42 Seats available,3.9,https://www.redbus.in/bus-tickets/jodhpur-to-ajmer,Jodhpur to Ajmer
RSRTC - 188046,Express Non AC Seater 2+3,14:15,19:00,04h 45m,INR 229,42 Seats available,3.9,https://www.redbus.in/bus-tickets/jodhpur-to-ajmer,Jodhpur to Ajmer
RSRTC - 167049,Express Non AC Seater 2+3,14:30,19:15,04h 45m,INR 229,42 Seats available,3.9,https://www.redbus.in/bus-tickets/jodhpur-to-ajmer,Jodhpur to Ajmer
RSRTC - 146140,Super Luxury Volvo AC Seater Pushback 2+2,14:46,18:48,04h 02m,INR 460,31 Seats available,"3.3
66",https://www.redbus.in/bus-tickets/jodhpur-to-ajmer,Jodhpur to Ajmer
RSRTC - 169078,NON AC Seater / Sleeper 2+1,15:00,19:30,04h 30m,INR 302,35 Seats available,3.9,https://www.redbus.in/bus-tickets/jodhpur-to-ajmer,Jodhpur to Ajmer
RSRTC - 178737,Express Non AC Seater 2+3,15:30,20:05,04h 35m,INR 229,42 Seats available,3.9,https://www.redbus.in/bus-tickets/jodhpur-to-ajmer,Jodhpur to Ajmer
Chouhan Tour and Travel,A/C Seater / Sleeper (2+2),00:40,05:30,04h 50m,INR 700,37 Seats available,3.3,https://www.redbus.in/bus-tickets/jodhpur-to-ajmer,Jodhpur to Ajmer
Chouhan Tour and Travel,A/C Seater / Sleeper (2+2),01:10,06:00,04h 50m,INR 700,7 Seats available,3.3,https://www.redbus.in/bus-tickets/jodhpur-to-ajmer,Jodhpur to Ajmer
Shri Ganesh Travels,A/C Seater / Sleeper (2+1),01:30,05:00,03h 30m,INR 600,12 Seats available,3.8,https://www.redbus.in/bus-tickets/jodhpur-to-ajmer,Jodhpur to Ajmer
Jain travels regd,NON AC Seater / Sleeper 2+1,11:00,15:30,04h 30m,INR 330,35 Seats available,3.1,https://www.redbus.in/bus-tickets/jodhpur-to-ajmer,Jodhpur to Ajmer
Jain travels regd,A/C Seater / Sleeper (2+1),14:00,18:00,04h 00m,INR 430,40 Seats available,"3.1
8",https://www.redbus.in/bus-tickets/jodhpur-to-ajmer,Jodhpur to Ajmer
RSRTC - 189473,NON AC Seater / Sleeper 2+1,00:45,04:30,03h 45m,INR 282,37 Seats available,3.7,https://www.redbus.in/bus-tickets/beawer-to-jaipur,Beawar (Rajasthan) to Jaipur (Rajasthan)
RSRTC - 193312,A/C Seater / Sleeper (2+1),01:15,05:00,03h 45m,INR 413,25 Seats available,3.7,https://www.redbus.in/bus-tickets/beawer-to-jaipur,Beawar (Rajasthan) to Jaipur (Rajasthan)
RSRTC - 192299,Super Luxury Volvo AC Seater Pushback 2+2,01:45,05:30,03h 45m,INR 424,20 Seats available,"4.4
5",https://www.redbus.in/bus-tickets/beawer-to-jaipur,Beawar (Rajasthan) to Jaipur (Rajasthan)
RSRTC - 189583,NON AC Seater / Sleeper 2+1,02:45,06:30,03h 45m,INR 282,37 Seats available,3.7,https://www.redbus.in/bus-tickets/beawer-to-jaipur,Beawar (Rajasthan) to Jaipur (Rajasthan)
RSRTC - 173716,NON AC Seater / Sleeper 2+1,03:45,08:00,04h 15m,INR 282,34 Seats available,3.7,https://www.redbus.in/bus-tickets/beawer-to-jaipur,Beawar (Rajasthan) to Jaipur (Rajasthan)
RSRTC - 166406,Express Non AC Seater 2+3,05:40,09:45,04h 05m,INR 211,42 Seats available,3.7,https://www.redbus.in/bus-tickets/beawer-to-jaipur,Beawar (Rajasthan) to Jaipur (Rajasthan)
RSRTC - 193226,Semi Deluxe Non AC Seater 2+2,06:00,10:10,04h 10m,INR 230,35 Seats available,3.7,https://www.redbus.in/bus-tickets/beawer-to-jaipur,Beawar (Rajasthan) to Jaipur (Rajasthan)
RSRTC - 184744,Express Non AC Seater 2+3,06:25,10:30,04h 05m,INR 211,46 Seats available,3.7,https://www.redbus.in/bus-tickets/beawer-to-jaipur,Beawar (Rajasthan) to Jaipur (Rajasthan)
RSRTC - 166441,Express Non AC Seater 2+3,06:45,10:50,04h 05m,INR 211,46 Seats available,3.7,https://www.redbus.in/bus-tickets/beawer-to-jaipur,Beawar (Rajasthan) to Jaipur (Rajasthan)
RSRTC - 166472,Express Non AC Seater 2+3,07:10,11:15,04h 05m,INR 211,46 Seats available,3.7,https://www.redbus.in/bus-tickets/beawer-to-jaipur,Beawar (Rajasthan) to Jaipur (Rajasthan)
RSRTC - 166414,Express Non AC Seater 2+3,07:30,11:35,04h 05m,INR 211,42 Seats available,3.7,https://www.redbus.in/bus-tickets/beawer-to-jaipur,Beawar (Rajasthan) to Jaipur (Rajasthan)
RSRTC - 166461,Express Non AC Seater 2+3,07:50,11:55,04h 05m,INR 211,46 Seats available,3.7,https://www.redbus.in/bus-tickets/beawer-to-jaipur,Beawar (Rajasthan) to Jaipur (Rajasthan)
RSRTC - 193662,Express Non AC Seater 2+3,07:55,12:20,04h 25m,INR 211,42 Seats available,3.7,https://www.redbus.in/bus-tickets/beawer-to-jaipur,Beawar (Rajasthan) to Jaipur (Rajasthan)
RSRTC - 166423,Express Non AC Seater 2+3,08:10,12:05,03h 55m,INR 211,42 Seats available,3.7,https://www.redbus.in/bus-tickets/beawer-to-jaipur,Beawar (Rajasthan) to Jaipur (Rajasthan)
RSRTC - 168098,Express Non AC Seater 2+3,08:25,12:30,04h 05m,INR 211,46 Seats available,3.7,https://www.redbus.in/bus-tickets/beawer-to-jaipur,Beawar (Rajasthan) to Jaipur (Rajasthan)
RSRTC - 184796,Express Non AC Seater 2+3,08:50,12:55,04h 05m,INR 211,46 Seats available,3.7,https://www.redbus.in/bus-tickets/beawer-to-jaipur,Beawar (Rajasthan) to Jaipur (Rajasthan)
RSRTC - 193667,Express Non AC Seater 2+3,09:05,13:30,04h 25m,INR 211,42 Seats available,3.7,https://www.redbus.in/bus-tickets/beawer-to-jaipur,Beawar (Rajasthan) to Jaipur (Rajasthan)
RSRTC - 146314,Super Luxury Volvo AC Seater Pushback 2+2,09:15,12:30,03h 15m,INR 424,31 Seats available,"3.4
39",https://www.redbus.in/bus-tickets/beawer-to-jaipur,Beawar (Rajasthan) to Jaipur (Rajasthan)
RSRTC - 169914,Express Non AC Seater 2+3,09:25,13:30,04h 05m,INR 211,42 Seats available,3.7,https://www.redbus.in/bus-tickets/beawer-to-jaipur,Beawar (Rajasthan) to Jaipur (Rajasthan)
RSRTC - 192985,Express Non AC Seater 2+3,09:25,13:00,03h 35m,INR 211,42 Seats available,3.7,https://www.redbus.in/bus-tickets/beawer-to-jaipur,Beawar (Rajasthan) to Jaipur (Rajasthan)
RSRTC - 193228,Semi Deluxe Non AC Seater 2+2,09:30,13:50,04h 20m,INR 230,35 Seats available,3.7,https://www.redbus.in/bus-tickets/beawer-to-jaipur,Beawar (Rajasthan) to Jaipur (Rajasthan)
RSRTC - 168094,Express Non AC Seater 2+3,09:40,13:40,04h 00m,INR 211,46 Seats available,3.7,https://www.redbus.in/bus-tickets/beawer-to-jaipur,Beawar (Rajasthan) to Jaipur (Rajasthan)
RSRTC - 166468,Express Non AC Seater 2+3,10:00,14:00,04h 00m,INR 211,46 Seats available,3.7,https://www.redbus.in/bus-tickets/beawer-to-jaipur,Beawar (Rajasthan) to Jaipur (Rajasthan)
RSRTC - 185141,Super Luxury Volvo AC Seater Pushback 2+2,10:15,13:30,03h 15m,INR 424,37 Seats available,"3.4
24",https://www.redbus.in/bus-tickets/beawer-to-jaipur,Beawar (Rajasthan) to Jaipur (Rajasthan)
RSRTC - 190506,Express Non AC Seater 2+3,10:25,14:50,04h 25m,INR 211,42 Seats available,3.7,https://www.redbus.in/bus-tickets/beawer-to-jaipur,Beawar (Rajasthan) to Jaipur (Rajasthan)
RSRTC - 190552,Express Non AC Seater 2+3,10:30,15:25,04h 55m,INR 211,42 Seats available,3.7,https://www.redbus.in/bus-tickets/beawer-to-jaipur,Beawar (Rajasthan) to Jaipur (Rajasthan)
RSRTC - 193343,Semi Deluxe Non AC Seater 2+2,10:45,14:45,04h 00m,INR 230,35 Seats available,3.7,https://www.redbus.in/bus-tickets/beawer-to-jaipur,Beawar (Rajasthan) to Jaipur (Rajasthan)
RSRTC - 172902,Express Non AC Seater 2+3,11:00,15:05,04h 05m,INR 211,41 Seats available,3.7,https://www.redbus.in/bus-tickets/beawer-to-jaipur,Beawar (Rajasthan) to Jaipur (Rajasthan)
RSRTC - 193585,Express Non AC Seater 2+3,11:05,15:45,04h 40m,INR 211,42 Seats available,3.7,https://www.redbus.in/bus-tickets/beawer-to-jaipur,Beawar (Rajasthan) to Jaipur (Rajasthan)
RSRTC - 193052,Express Non AC Seater 2+3,11:09,15:15,04h 06m,INR 211,42 Seats available,3.7,https://www.redbus.in/bus-tickets/beawer-to-jaipur,Beawar (Rajasthan) to Jaipur (Rajasthan)
RSRTC - 144042,Super Luxury Volvo AC Seater Pushback 2+2,11:10,14:35,03h 25m,INR 424,37 Seats available,"3.4
41",https://www.redbus.in/bus-tickets/beawer-to-jaipur,Beawar (Rajasthan) to Jaipur (Rajasthan)
RSRTC - 189125,Express Non AC Seater 2+3,11:15,15:30,04h 15m,INR 211,42 Seats available,3.7,https://www.redbus.in/bus-tickets/beawer-to-jaipur,Beawar (Rajasthan) to Jaipur (Rajasthan)
RSRTC - 193774,Semi Deluxe Non AC Seater 2+2,11:20,15:45,04h 25m,INR 230,35 Seats available,3.7,https://www.redbus.in/bus-tickets/beawer-to-jaipur,Beawar (Rajasthan) to Jaipur (Rajasthan)
RSRTC - 192956,Express Non AC Seater 2+3,11:30,15:30,04h 00m,INR 211,42 Seats available,3.7,https://www.redbus.in/bus-tickets/beawer-to-jaipur,Beawar (Rajasthan) to Jaipur (Rajasthan)
RSRTC - 163505,Express Non AC Seater 2+3,11:40,15:50,04h 10m,INR 211,42 Seats available,3.7,https://www.redbus.in/bus-tickets/beawer-to-jaipur,Beawar (Rajasthan) to Jaipur (Rajasthan)
CHANDRA RAJ TRAVELS,A/C Seater / Sleeper (2+1),00:00,03:00,03h 00m,INR 500,36 Seats available,3.3,https://www.redbus.in/bus-tickets/beawer-to-jaipur,Beawar (Rajasthan) to Jaipur (Rajasthan)
Pooja Yaduvanshi Travels,Volvo A/C Seater (2+2),01:00,03:45,02h 45m,INR 499,31 Seats available,4.4,https://www.redbus.in/bus-tickets/beawer-to-jaipur,Beawar (Rajasthan) to Jaipur (Rajasthan)
M R Travels,A/C Seater / Sleeper (2+1),01:10,04:40,03h 30m,INR 500,23 Seats available,3.8,https://www.redbus.in/bus-tickets/beawer-to-jaipur,Beawar (Rajasthan) to Jaipur (Rajasthan)
Jain travels regd,A/C Seater / Sleeper (2+1),01:25,05:55,04h 30m,INR 500,42 Seats available,3.5,https://www.redbus.in/bus-tickets/beawer-to-jaipur,Beawar (Rajasthan) to Jaipur (Rajasthan)
Jain travels regd,NON AC Seater / Sleeper 2+1,01:36,06:12,04h 36m,INR 350,30 Seats available,3.5,https://www.redbus.in/bus-tickets/beawer-to-jaipur,Beawar (Rajasthan) to Jaipur (Rajasthan)
RSRTC - 174534,Express Non AC Seater 2+3,05:45,12:00,06h 15m,INR 299,41 Seats available,4.3,https://www.redbus.in/bus-tickets/udaipur-to-jodhpur,Udaipur to Jodhpur
RSRTC - 158798,Super Luxury Volvo AC Seater Pushback 2+2,06:01,11:00,04h 59m,INR 602,16 Seats available,"4.4
143",https://www.redbus.in/bus-tickets/udaipur-to-jodhpur,Udaipur to Jodhpur
RSRTC - 146395,Express Non AC Seater 2+3,06:45,14:00,07h 15m,INR 299,42 Seats available,4.3,https://www.redbus.in/bus-tickets/udaipur-to-jodhpur,Udaipur to Jodhpur
RSRTC - 174533,Express Non AC Seater 2+3,08:45,16:00,07h 15m,INR 299,42 Seats available,4.3,https://www.redbus.in/bus-tickets/udaipur-to-jodhpur,Udaipur to Jodhpur
RSRTC - 188347,Super Luxury Volvo AC Seater Pushback 2+2,11:30,16:30,05h 00m,INR 602,7 Seats available,"4.4
180",https://www.redbus.in/bus-tickets/udaipur-to-jodhpur,Udaipur to Jodhpur
RSRTC - 190115,Express Non AC Seater 2+3,12:00,19:30,07h 30m,INR 294,42 Seats available,4.3,https://www.redbus.in/bus-tickets/udaipur-to-jodhpur,Udaipur to Jodhpur
RSRTC - 169076,Express Non AC Seater 2+3,12:10,00:00,11h 50m,INR 299,42 Seats available,4.3,https://www.redbus.in/bus-tickets/udaipur-to-jodhpur,Udaipur to Jodhpur
RSRTC - 184043,Express Non AC Seater 2+3,12:45,19:00,06h 15m,INR 299,42 Seats available,4.3,https://www.redbus.in/bus-tickets/udaipur-to-jodhpur,Udaipur to Jodhpur
RSRTC - 183203,Express Non AC Seater 2+3,13:30,19:30,06h 00m,INR 299,42 Seats available,"2.9
4",https://www.redbus.in/bus-tickets/udaipur-to-jodhpur,Udaipur to Jodhpur
RSRTC - 183141,Express Non AC Seater 2+3,14:35,21:00,06h 25m,INR 294,41 Seats available,"1.2
4",https://www.redbus.in/bus-tickets/udaipur-to-jodhpur,Udaipur to Jodhpur
RSRTC - 192831,Express Non AC Seater 2+3,15:00,21:00,06h 00m,INR 285,34 Seats available,4.3,https://www.redbus.in/bus-tickets/udaipur-to-jodhpur,Udaipur to Jodhpur
RSRTC - 157454,Super Luxury Volvo AC Seater Pushback 2+2,16:00,21:00,05h 00m,INR 602,13 Seats available,"4.3
143",https://www.redbus.in/bus-tickets/udaipur-to-jodhpur,Udaipur to Jodhpur
RSRTC - 193271,Express Non AC Seater 2+3,19:30,02:00,06h 30m,INR 294,40 Seats available,4.3,https://www.redbus.in/bus-tickets/udaipur-to-jodhpur,Udaipur to Jodhpur
RSRTC - 189622,Express Non AC Seater 2+3,22:00,05:00,07h 00m,INR 294,40 Seats available,"2.4
6",https://www.redbus.in/bus-tickets/udaipur-to-jodhpur,Udaipur to Jodhpur
M R Travels,Volvo Multi-Axle I-Shift B11R Semi Sleeper (2+2),17:10,21:55,04h 45m,INR 475,43 Seats available,"4.5
416",https://www.redbus.in/bus-tickets/udaipur-to-jodhpur,Udaipur to Jodhpur
Shree Devnarayan Travels,Bharat Benz A/C Seater (2+1),17:00,21:30,04h 30m,INR 550,18 Seats available,"4.5
279",https://www.redbus.in/bus-tickets/udaipur-to-jodhpur,Udaipur to Jodhpur
M R Travels,Volvo Multi-Axle I-Shift B11R Semi Sleeper (2+2),06:00,10:25,04h 25m,INR 475,36 Seats available,"4.6
426",https://www.redbus.in/bus-tickets/udaipur-to-jodhpur,Udaipur to Jodhpur
Shree Devnarayan Travels,Bharat Benz A/C Seater (2+1),06:15,10:45,04h 30m,INR 550,15 Seats available,"4.3
226",https://www.redbus.in/bus-tickets/udaipur-to-jodhpur,Udaipur to Jodhpur
Jain travels regd,A/C Seater / Sleeper (2+1),21:30,04:30,07h 00m,INR 460,32 Seats available,"4.2
247",https://www.redbus.in/bus-tickets/udaipur-to-jodhpur,Udaipur to Jodhpur
RSRTC - 179809,NON AC Seater / Sleeper 2+1,02:25,09:50,07h 25m,INR 448,37 Seats available,3.3,https://www.redbus.in/bus-tickets/jaipur-to-jodhpur,Jaipur (Rajasthan) to Jodhpur
RSRTC - 190539,Express Non AC Seater 2+3,04:45,12:30,07h 45m,INR 363,42 Seats available,3.3,https://www.redbus.in/bus-tickets/jaipur-to-jodhpur,Jaipur (Rajasthan) to Jodhpur
RSRTC - 178742,Express Non AC Seater 2+3,05:25,12:55,07h 30m,INR 363,42 Seats available,3.3,https://www.redbus.in/bus-tickets/jaipur-to-jodhpur,Jaipur (Rajasthan) to Jodhpur
RSRTC - 170131,Express Non AC Seater 2+3,05:50,13:30,07h 40m,INR 363,42 Seats available,3.3,https://www.redbus.in/bus-tickets/jaipur-to-jodhpur,Jaipur (Rajasthan) to Jodhpur
RSRTC - 182397,Express Non AC Seater 2+3,06:14,14:00,07h 46m,INR 363,42 Seats available,3.3,https://www.redbus.in/bus-tickets/jaipur-to-jodhpur,Jaipur (Rajasthan) to Jodhpur
RSRTC - 170971,Super Luxury Volvo AC Seater Pushback 2+2,06:30,12:45,06h 15m,INR 740,17 Seats available,"3.8
7",https://www.redbus.in/bus-tickets/jaipur-to-jodhpur,Jaipur (Rajasthan) to Jodhpur
RSRTC - 167408,Express Non AC Seater 2+3,07:00,14:40,07h 40m,INR 363,42 Seats available,3.3,https://www.redbus.in/bus-tickets/jaipur-to-jodhpur,Jaipur (Rajasthan) to Jodhpur
RSRTC - 163543,Express Non AC Seater 2+3,07:30,15:00,07h 30m,INR 363,42 Seats available,3.3,https://www.redbus.in/bus-tickets/jaipur-to-jodhpur,Jaipur (Rajasthan) to Jodhpur
RSRTC - 160780,Super Luxury Volvo AC Seater Pushback 2+2,07:30,13:45,06h 15m,INR 740,28 Seats available,"3.7
28",https://www.redbus.in/bus-tickets/jaipur-to-jodhpur,Jaipur (Rajasthan) to Jodhpur
RSRTC - 156404,Express Non AC Seater 2+3,08:05,15:45,07h 40m,INR 363,42 Seats available,3.3,https://www.redbus.in/bus-tickets/jaipur-to-jodhpur,Jaipur (Rajasthan) to Jodhpur
RSRTC - 163995,Express Non AC Seater 2+3,08:30,16:10,07h 40m,INR 363,42 Seats available,3.3,https://www.redbus.in/bus-tickets/jaipur-to-jodhpur,Jaipur (Rajasthan) to Jodhpur
RSRTC - 142360,Super Luxury Volvo AC Seater Pushback 2+2,08:30,14:45,06h 15m,INR 740,34 Seats available,"3.7
31",https://www.redbus.in/bus-tickets/jaipur-to-jodhpur,Jaipur (Rajasthan) to Jodhpur
RSRTC - 174473,Express Non AC Seater 2+3,08:50,16:30,07h 40m,INR 363,42 Seats available,3.3,https://www.redbus.in/bus-tickets/jaipur-to-jodhpur,Jaipur (Rajasthan) to Jodhpur
RSRTC - 163964,Express Non AC Seater 2+3,09:20,17:00,07h 40m,INR 363,42 Seats available,3.3,https://www.redbus.in/bus-tickets/jaipur-to-jodhpur,Jaipur (Rajasthan) to Jodhpur
RSRTC - 186234,Super Luxury Volvo AC Seater Pushback 2+2,09:30,16:00,06h 30m,INR 740,31 Seats available,"3.4
23",https://www.redbus.in/bus-tickets/jaipur-to-jodhpur,Jaipur (Rajasthan) to Jodhpur
RSRTC - 186237,Super Luxury Volvo AC Seater Pushback 2+2,10:30,16:45,06h 15m,INR 740,22 Seats available,"3.5
42",https://www.redbus.in/bus-tickets/jaipur-to-jodhpur,Jaipur (Rajasthan) to Jodhpur
RSRTC - 183071,Express Non AC Seater 2+3,11:11,18:50,07h 39m,INR 363,42 Seats available,3.3,https://www.redbus.in/bus-tickets/jaipur-to-jodhpur,Jaipur (Rajasthan) to Jodhpur
RSRTC - 193243,Semi Deluxe Non AC Seater 2+2,11:45,00:00,12h 15m,INR 396,35 Seats available,3.3,https://www.redbus.in/bus-tickets/jaipur-to-jodhpur,Jaipur (Rajasthan) to Jodhpur
RSRTC - 156586,Super Luxury Volvo AC Seater Pushback 2+2,12:30,18:45,06h 15m,INR 740,25 Seats available,"2.6
59",https://www.redbus.in/bus-tickets/jaipur-to-jodhpur,Jaipur (Rajasthan) to Jodhpur
RSRTC - 192563,Semi Deluxe Non AC Seater 2+2,13:20,21:00,07h 40m,INR 396,35 Seats available,3.3,https://www.redbus.in/bus-tickets/jaipur-to-jodhpur,Jaipur (Rajasthan) to Jodhpur
Jain travels regd,A/C Seater / Sleeper (2+1),22:30,05:05,06h 35m,INR 450,31 Seats available,"4.5
520",https://www.redbus.in/bus-tickets/jaipur-to-jodhpur,Jaipur (Rajasthan) to Jodhpur
Gajraj Travels,A/C Sleeper (2+1),22:15,05:35,07h 20m,INR 600,20 Seats available,"4.6
452",https://www.redbus.in/bus-tickets/jaipur-to-jodhpur,Jaipur (Rajasthan) to Jodhpur
Jain travels regd,A/C Seater / Sleeper (2+1),23:00,06:00,07h 00m,INR 450,26 Seats available,"4.3
254",https://www.redbus.in/bus-tickets/jaipur-to-jodhpur,Jaipur (Rajasthan) to Jodhpur
M R Travels,A/C Seater / Sleeper (2+1),22:30,05:30,07h 00m,INR 500,31 Seats available,"4.4
360",https://www.redbus.in/bus-tickets/jaipur-to-jodhpur,Jaipur (Rajasthan) to Jodhpur
Jain travels regd,NON AC Seater / Sleeper 2+1,21:45,05:00,07h 15m,INR 350,35 Seats available,"3.4
84",https://www.redbus.in/bus-tickets/jaipur-to-jodhpur,Jaipur (Rajasthan) to Jodhpur
RSRTC - 182762,Express Non AC Seater 2+3,02:50,05:15,02h 25m,INR 129,42 Seats available,3.9,https://www.redbus.in/bus-tickets/sikar-to-jaipur,Sikar to Jaipur (Rajasthan)
RSRTC - 185347,Express Non AC Seater 2+3,05:15,07:45,02h 30m,INR 129,42 Seats available,3.9,https://www.redbus.in/bus-tickets/sikar-to-jaipur,Sikar to Jaipur (Rajasthan)
RSRTC - 188887,Express Non AC Seater 2+3,05:40,09:05,03h 25m,INR 162,42 Seats available,3.9,https://www.redbus.in/bus-tickets/sikar-to-jaipur,Sikar to Jaipur (Rajasthan)
RSRTC - 188884,Express Non AC Seater 2+3,05:50,08:20,02h 30m,INR 129,42 Seats available,3.9,https://www.redbus.in/bus-tickets/sikar-to-jaipur,Sikar to Jaipur (Rajasthan)
RSRTC - 168752,Express Non AC Seater 2+3,06:46,09:00,02h 14m,INR 129,42 Seats available,3.9,https://www.redbus.in/bus-tickets/sikar-to-jaipur,Sikar to Jaipur (Rajasthan)
RSRTC - 175164,Express Non AC Seater 2+3,07:10,09:40,02h 30m,INR 129,42 Seats available,3.9,https://www.redbus.in/bus-tickets/sikar-to-jaipur,Sikar to Jaipur (Rajasthan)
RSRTC - 166806,Express Non AC Seater 2+3,07:15,09:30,02h 15m,INR 129,42 Seats available,3.9,https://www.redbus.in/bus-tickets/sikar-to-jaipur,Sikar to Jaipur (Rajasthan)
RSRTC - 168783,Express Non AC Seater 2+3,07:15,09:30,02h 15m,INR 129,42 Seats available,3.9,https://www.redbus.in/bus-tickets/sikar-to-jaipur,Sikar to Jaipur (Rajasthan)
RSRTC - 175132,Express Non AC Seater 2+3,07:45,10:00,02h 15m,INR 129,42 Seats available,3.9,https://www.redbus.in/bus-tickets/sikar-to-jaipur,Sikar to Jaipur (Rajasthan)
RSRTC - 188373,Express Non AC Seater 2+3,07:55,10:00,02h 05m,INR 129,42 Seats available,3.9,https://www.redbus.in/bus-tickets/sikar-to-jaipur,Sikar to Jaipur (Rajasthan)
RSRTC - 179434,Express Non AC Seater 2+3,08:05,10:30,02h 25m,INR 129,42 Seats available,3.9,https://www.redbus.in/bus-tickets/sikar-to-jaipur,Sikar to Jaipur (Rajasthan)
RSRTC - 191918,Express Non AC Seater 2+3,08:05,10:00,01h 55m,INR 129,42 Seats available,3.9,https://www.redbus.in/bus-tickets/sikar-to-jaipur,Sikar to Jaipur (Rajasthan)
RSRTC - 184145,Express Non AC Seater 2+3,08:10,10:40,02h 30m,INR 129,42 Seats available,3.9,https://www.redbus.in/bus-tickets/sikar-to-jaipur,Sikar to Jaipur (Rajasthan)
RSRTC - 193699,Express Non AC Seater 2+3,08:32,10:45,02h 13m,INR 129,42 Seats available,3.9,https://www.redbus.in/bus-tickets/sikar-to-jaipur,Sikar to Jaipur (Rajasthan)
RSRTC - 188528,Express Non AC Seater 2+3,08:50,11:00,02h 10m,INR 129,42 Seats available,3.9,https://www.redbus.in/bus-tickets/sikar-to-jaipur,Sikar to Jaipur (Rajasthan)
RSRTC - 194071,Express Non AC Seater 2+3,08:55,11:10,02h 15m,INR 129,42 Seats available,3.9,https://www.redbus.in/bus-tickets/sikar-to-jaipur,Sikar to Jaipur (Rajasthan)
RSRTC - 166145,Express Non AC Seater 2+3,09:00,11:45,02h 45m,INR 129,42 Seats available,3.9,https://www.redbus.in/bus-tickets/sikar-to-jaipur,Sikar to Jaipur (Rajasthan)
RSRTC - 193897,Express Non AC Seater 2+3,09:00,11:00,02h 00m,INR 129,42 Seats available,3.9,https://www.redbus.in/bus-tickets/sikar-to-jaipur,Sikar to Jaipur (Rajasthan)
RSRTC - 175129,Express Non AC Seater 2+3,09:00,10:50,01h 50m,INR 129,42 Seats available,3.9,https://www.redbus.in/bus-tickets/sikar-to-jaipur,Sikar to Jaipur (Rajasthan)
RSRTC - 191327,Super Luxury Volvo AC Seater Pushback 2+2,09:15,11:00,01h 45m,INR 213,31 Seats available,"3.6
53",https://www.redbus.in/bus-tickets/sikar-to-jaipur,Sikar to Jaipur (Rajasthan)
RSRTC - 177488,Express Non AC Seater 2+3,09:30,12:00,02h 30m,INR 129,42 Seats available,3.9,https://www.redbus.in/bus-tickets/sikar-to-jaipur,Sikar to Jaipur (Rajasthan)
RSRTC - 181372,Express Non AC Seater 2+3,09:35,11:50,02h 15m,INR 129,42 Seats available,3.9,https://www.redbus.in/bus-tickets/sikar-to-jaipur,Sikar to Jaipur (Rajasthan)
RSRTC - 193299,Super Luxury Volvo AC Seater Pushback 2+2,09:40,12:00,02h 20m,INR 255,30 Seats available,"4.4
11",https://www.redbus.in/bus-tickets/sikar-to-jaipur,Sikar to Jaipur (Rajasthan)
RSRTC - 167609,Express Non AC Seater 2+3,09:45,12:00,02h 15m,INR 129,42 Seats available,3.9,https://www.redbus.in/bus-tickets/sikar-to-jaipur,Sikar to Jaipur (Rajasthan)
RSRTC - 194077,Express Non AC Seater 2+3,09:55,12:10,02h 15m,INR 129,42 Seats available,3.9,https://www.redbus.in/bus-tickets/sikar-to-jaipur,Sikar to Jaipur (Rajasthan)
RSRTC - 193462,Express Non AC Seater 2+3,10:15,12:45,02h 30m,INR 129,42 Seats available,3.9,https://www.redbus.in/bus-tickets/sikar-to-jaipur,Sikar to Jaipur (Rajasthan)
RSRTC - 194076,Express Non AC Seater 2+3,10:15,12:30,02h 15m,INR 129,42 Seats available,3.9,https://www.redbus.in/bus-tickets/sikar-to-jaipur,Sikar to Jaipur (Rajasthan)
RSRTC - 194084,Deluxe AC Seater 2+2,10:30,12:50,02h 20m,INR 228,36 Seats available,3.9,https://www.redbus.in/bus-tickets/sikar-to-jaipur,Sikar to Jaipur (Rajasthan)
RSRTC - 194073,Express Non AC Seater 2+3,10:30,12:45,02h 15m,INR 129,42 Seats available,3.9,https://www.redbus.in/bus-tickets/sikar-to-jaipur,Sikar to Jaipur (Rajasthan)
RSRTC - 191100,Express Non AC Seater 2+3,10:35,12:50,02h 15m,INR 129,42 Seats available,3.9,https://www.redbus.in/bus-tickets/sikar-to-jaipur,Sikar to Jaipur (Rajasthan)
RSRTC - 172729,Express Non AC Seater 2+3,10:35,13:25,02h 50m,INR 129,42 Seats available,3.9,https://www.redbus.in/bus-tickets/sikar-to-jaipur,Sikar to Jaipur (Rajasthan)
RSRTC - 154429,Express Non AC Seater 2+3,10:40,13:12,02h 32m,INR 129,42 Seats available,3.9,https://www.redbus.in/bus-tickets/sikar-to-jaipur,Sikar to Jaipur (Rajasthan)
RSRTC - 193286,Express Non AC Seater 2+3,10:45,13:10,02h 25m,INR 129,42 Seats available,3.9,https://www.redbus.in/bus-tickets/sikar-to-jaipur,Sikar to Jaipur (Rajasthan)
RSRTC - 185399,Express Non AC Seater 2+3,10:45,13:00,02h 15m,INR 129,42 Seats available,3.9,https://www.redbus.in/bus-tickets/sikar-to-jaipur,Sikar to Jaipur (Rajasthan)
RSRTC - 158065,Express Non AC Seater 2+3,10:50,13:00,02h 10m,INR 129,42 Seats available,3.9,https://www.redbus.in/bus-tickets/sikar-to-jaipur,Sikar to Jaipur (Rajasthan)
R.K Jakhar Travels,A/C Seater / Sleeper (2+1),02:55,04:10,01h 15m,INR 350,18 Seats available,3.4,https://www.redbus.in/bus-tickets/sikar-to-jaipur,Sikar to Jaipur (Rajasthan)
Matoria Bus Service,A/C Seater / Sleeper (2+1),05:20,07:40,02h 20m,INR 250,21 Seats available,3.4,https://www.redbus.in/bus-tickets/sikar-to-jaipur,Sikar to Jaipur (Rajasthan)
Vijay Tour and Travels,Bharat Benz A/C Seater (2+2),09:40,12:00,02h 20m,INR 300,45 Seats available,3.5,https://www.redbus.in/bus-tickets/sikar-to-jaipur,Sikar to Jaipur (Rajasthan)
Devraj Travels,Bharat Benz A/C Seater (2+2),09:55,12:20,02h 25m,INR 300,42 Seats available,3.4,https://www.redbus.in/bus-tickets/sikar-to-jaipur,Sikar to Jaipur (Rajasthan)
Salasar Darshan Travels,Non AC Seater (2+3),14:20,16:30,02h 10m,INR 260,56 Seats available,4.7,https://www.redbus.in/bus-tickets/sikar-to-jaipur,Sikar to Jaipur (Rajasthan)
RSRTC - 163969,Express Non AC Seater 2+3,00:15,02:15,02h 00m,INR 120,42 Seats available,3.3,https://www.redbus.in/bus-tickets/kishangarh-to-jaipur,Kishangarh to Jaipur (Rajasthan)
RSRTC - 176394,Super Luxury Volvo AC Seater Pushback 2+2,00:30,02:15,01h 45m,INR 239,37 Seats available,3.3,https://www.redbus.in/bus-tickets/kishangarh-to-jaipur,Kishangarh to Jaipur (Rajasthan)
RSRTC - 163978,Express Non AC Seater 2+3,02:05,03:15,01h 10m,INR 120,42 Seats available,3.3,https://www.redbus.in/bus-tickets/kishangarh-to-jaipur,Kishangarh to Jaipur (Rajasthan)
RSRTC - 189473,NON AC Seater / Sleeper 2+1,02:15,04:30,02h 15m,INR 184,34 Seats available,3.3,https://www.redbus.in/bus-tickets/kishangarh-to-jaipur,Kishangarh to Jaipur (Rajasthan)
RSRTC - 193312,A/C Seater / Sleeper (2+1),03:00,05:00,02h 00m,INR 259,36 Seats available,3.3,https://www.redbus.in/bus-tickets/kishangarh-to-jaipur,Kishangarh to Jaipur (Rajasthan)
RSRTC - 192299,Super Luxury Volvo AC Seater Pushback 2+2,03:30,05:30,02h 00m,INR 239,37 Seats available,3.3,https://www.redbus.in/bus-tickets/kishangarh-to-jaipur,Kishangarh to Jaipur (Rajasthan)
RSRTC - 190675,NON AC Seater / Sleeper 2+1,03:45,05:30,01h 45m,INR 184,37 Seats available,3.3,https://www.redbus.in/bus-tickets/kishangarh-to-jaipur,Kishangarh to Jaipur (Rajasthan)
RSRTC - 189583,NON AC Seater / Sleeper 2+1,04:45,06:30,01h 45m,INR 184,37 Seats available,3.3,https://www.redbus.in/bus-tickets/kishangarh-to-jaipur,Kishangarh to Jaipur (Rajasthan)
RSRTC - 186482,A/C Seater / Sleeper (2+1),05:00,07:00,02h 00m,INR 259,36 Seats available,3.3,https://www.redbus.in/bus-tickets/kishangarh-to-jaipur,Kishangarh to Jaipur (Rajasthan)
RSRTC - 173716,NON AC Seater / Sleeper 2+1,05:30,08:00,02h 30m,INR 184,37 Seats available,3.3,https://www.redbus.in/bus-tickets/kishangarh-to-jaipur,Kishangarh to Jaipur (Rajasthan)
RSRTC - 164049,Express Non AC Seater 2+3,05:40,09:45,04h 05m,INR 193,42 Seats available,3.3,https://www.redbus.in/bus-tickets/kishangarh-to-jaipur,Kishangarh to Jaipur (Rajasthan)
RSRTC - 183714,Express Non AC Seater 2+3,05:55,08:40,02h 45m,INR 120,46 Seats available,3.3,https://www.redbus.in/bus-tickets/kishangarh-to-jaipur,Kishangarh to Jaipur (Rajasthan)
RSRTC - 166406,Express Non AC Seater 2+3,07:50,09:45,01h 55m,INR 120,42 Seats available,3.3,https://www.redbus.in/bus-tickets/kishangarh-to-jaipur,Kishangarh to Jaipur (Rajasthan)
RSRTC - 193226,Semi Deluxe Non AC Seater 2+2,07:55,10:10,02h 15m,INR 131,35 Seats available,3.3,https://www.redbus.in/bus-tickets/kishangarh-to-jaipur,Kishangarh to Jaipur (Rajasthan)
RSRTC - 164043,Express Non AC Seater 2+3,08:00,12:00,04h 00m,INR 193,42 Seats available,3.3,https://www.redbus.in/bus-tickets/kishangarh-to-jaipur,Kishangarh to Jaipur (Rajasthan)
RSRTC - 184744,Express Non AC Seater 2+3,08:30,10:30,02h 00m,INR 120,46 Seats available,3.3,https://www.redbus.in/bus-tickets/kishangarh-to-jaipur,Kishangarh to Jaipur (Rajasthan)
RSRTC - 166441,Express Non AC Seater 2+3,08:55,10:50,01h 55m,INR 120,46 Seats available,3.3,https://www.redbus.in/bus-tickets/kishangarh-to-jaipur,Kishangarh to Jaipur (Rajasthan)
RSRTC - 170895,Super Luxury Volvo AC Seater Pushback 2+2,09:00,10:30,01h 30m,INR 239,34 Seats available,"3.1
33",https://www.redbus.in/bus-tickets/kishangarh-to-jaipur,Kishangarh to Jaipur (Rajasthan)
RSRTC - 166472,Express Non AC Seater 2+3,09:15,11:15,02h 00m,INR 120,46 Seats available,3.3,https://www.redbus.in/bus-tickets/kishangarh-to-jaipur,Kishangarh to Jaipur (Rajasthan)
RSRTC - 166414,Express Non AC Seater 2+3,09:35,11:35,02h 00m,INR 120,42 Seats available,3.3,https://www.redbus.in/bus-tickets/kishangarh-to-jaipur,Kishangarh to Jaipur (Rajasthan)
RSRTC - 166461,Express Non AC Seater 2+3,09:50,11:55,02h 05m,INR 120,46 Seats available,3.3,https://www.redbus.in/bus-tickets/kishangarh-to-jaipur,Kishangarh to Jaipur (Rajasthan)
RSRTC - 166423,Express Non AC Seater 2+3,10:10,12:05,01h 55m,INR 120,42 Seats available,3.3,https://www.redbus.in/bus-tickets/kishangarh-to-jaipur,Kishangarh to Jaipur (Rajasthan)
RSRTC - 168098,Express Non AC Seater 2+3,10:30,12:30,02h 00m,INR 120,46 Seats available,3.3,https://www.redbus.in/bus-tickets/kishangarh-to-jaipur,Kishangarh to Jaipur (Rajasthan)
RSRTC - 184796,Express Non AC Seater 2+3,10:55,12:55,02h 00m,INR 120,46 Seats available,3.3,https://www.redbus.in/bus-tickets/kishangarh-to-jaipur,Kishangarh to Jaipur (Rajasthan)
RSRTC - 146314,Super Luxury Volvo AC Seater Pushback 2+2,11:00,12:30,01h 30m,INR 239,37 Seats available,"3.3
13",https://www.redbus.in/bus-tickets/kishangarh-to-jaipur,Kishangarh to Jaipur (Rajasthan)
RSRTC - 169914,Express Non AC Seater 2+3,11:30,13:30,02h 00m,INR 120,42 Seats available,3.3,https://www.redbus.in/bus-tickets/kishangarh-to-jaipur,Kishangarh to Jaipur (Rajasthan)
RSRTC - 168094,Express Non AC Seater 2+3,11:45,13:40,01h 55m,INR 120,46 Seats available,3.3,https://www.redbus.in/bus-tickets/kishangarh-to-jaipur,Kishangarh to Jaipur (Rajasthan)
RSRTC - 166468,Express Non AC Seater 2+3,12:00,14:00,02h 00m,INR 120,46 Seats available,3.3,https://www.redbus.in/bus-tickets/kishangarh-to-jaipur,Kishangarh to Jaipur (Rajasthan)
RSRTC - 185141,Super Luxury Volvo AC Seater Pushback 2+2,12:00,13:30,01h 30m,INR 239,37 Seats available,"2.8
6",https://www.redbus.in/bus-tickets/kishangarh-to-jaipur,Kishangarh to Jaipur (Rajasthan)
RSRTC - 190552,Express Non AC Seater 2+3,12:35,15:25,02h 50m,INR 120,42 Seats available,3.3,https://www.redbus.in/bus-tickets/kishangarh-to-jaipur,Kishangarh to Jaipur (Rajasthan)
RSRTC - 144042,Super Luxury Volvo AC Seater Pushback 2+2,13:00,14:35,01h 35m,INR 239,37 Seats available,"3.1
11",https://www.redbus.in/bus-tickets/kishangarh-to-jaipur,Kishangarh to Jaipur (Rajasthan)
RSRTC - 172902,Express Non AC Seater 2+3,13:05,15:05,02h 00m,INR 120,41 Seats available,3.3,https://www.redbus.in/bus-tickets/kishangarh-to-jaipur,Kishangarh to Jaipur (Rajasthan)
RSRTC - 189125,Express Non AC Seater 2+3,13:10,15:30,02h 20m,INR 120,42 Seats available,3.3,https://www.redbus.in/bus-tickets/kishangarh-to-jaipur,Kishangarh to Jaipur (Rajasthan)
RSRTC - 193585,Express Non AC Seater 2+3,13:30,15:45,02h 15m,INR 120,42 Seats available,3.3,https://www.redbus.in/bus-tickets/kishangarh-to-jaipur,Kishangarh to Jaipur (Rajasthan)
RSRTC - 163505,Express Non AC Seater 2+3,13:45,15:50,02h 05m,INR 120,42 Seats available,3.3,https://www.redbus.in/bus-tickets/kishangarh-to-jaipur,Kishangarh to Jaipur (Rajasthan)
Rishabh Travels-Neeraj,A/C Seater / Sleeper (2+1),01:30,03:00,01h 30m,360,12 Seats available,3.5,https://www.redbus.in/bus-tickets/kishangarh-to-jaipur,Kishangarh to Jaipur (Rajasthan)
CHANDRA RAJ TRAVELS,NON AC Seater / Sleeper 2+1,13:10,14:45,01h 35m,INR 300,38 Seats available,3.3,https://www.redbus.in/bus-tickets/kishangarh-to-jaipur,Kishangarh to Jaipur (Rajasthan)
Jain travels regd,NON AC Seater / Sleeper 2+1,15:45,18:30,02h 45m,INR 250,36 Seats available,3.9,https://www.redbus.in/bus-tickets/kishangarh-to-jaipur,Kishangarh to Jaipur (Rajasthan)
Rinku Travels,A/C Seater / Sleeper (2+1),17:30,21:00,03h 30m,INR 350,41 Seats available,3.3,https://www.redbus.in/bus-tickets/kishangarh-to-jaipur,Kishangarh to Jaipur (Rajasthan)
Mahalaxmi Travels,Bharat Benz A/C Seater /Sleeper (2+1),18:30,21:30,03h 00m,INR 299,28 Seats available,3.6,https://www.redbus.in/bus-tickets/kishangarh-to-jaipur,Kishangarh to Jaipur (Rajasthan)
UPSRTC - ALI0025,Ordinary Non AC Seater 2+3,08:00,17:15,09h 15m,INR 361,52 Seats available,3.3,https://www.redbus.in/bus-tickets/aligarh-uttar-pradesh-to-jaipur,Aligarh (uttar pradesh) to Jaipur (Rajasthan)
UPSRTC - BSR0033,Ordinary Non AC Seater 2+3,08:45,17:00,08h 15m,INR 361,52 Seats available,3.3,https://www.redbus.in/bus-tickets/aligarh-uttar-pradesh-to-jaipur,Aligarh (uttar pradesh) to Jaipur (Rajasthan)
UPSRTC - BDV0128,Ordinary Non AC Seater 2+3,11:39,20:55,09h 16m,INR 361,52 Seats available,3.3,https://www.redbus.in/bus-tickets/aligarh-uttar-pradesh-to-jaipur,Aligarh (uttar pradesh) to Jaipur (Rajasthan)
UPSRTC - BDV0146,Ordinary Non AC Seater 2+3,17:29,02:20,08h 51m,INR 361,52 Seats available,3.3,https://www.redbus.in/bus-tickets/aligarh-uttar-pradesh-to-jaipur,Aligarh (uttar pradesh) to Jaipur (Rajasthan)
UPSRTC - BDV0042,Ordinary Non AC Seater 2+3,17:30,01:01,07h 31m,INR 361,52 Seats available,3.3,https://www.redbus.in/bus-tickets/aligarh-uttar-pradesh-to-jaipur,Aligarh (uttar pradesh) to Jaipur (Rajasthan)
UPSRTC - ALI0024,Ordinary Non AC Seater 2+3,21:00,05:00,08h 00m,INR 361,52 Seats available,"3.5
17",https://www.redbus.in/bus-tickets/aligarh-uttar-pradesh-to-jaipur,Aligarh (uttar pradesh) to Jaipur (Rajasthan)
Rinku Travels,A/C Seater / Sleeper (2+1),21:15,06:00,08h 45m,INR 400,43 Seats available,"3.6
61",https://www.redbus.in/bus-tickets/aligarh-uttar-pradesh-to-jaipur,Aligarh (uttar pradesh) to Jaipur (Rajasthan)
Mahalaxmi Travels,Bharat Benz A/C Seater /Sleeper (2+1),23:55,07:00,07h 05m,INR 499,34 Seats available,"2.6
85",https://www.redbus.in/bus-tickets/aligarh-uttar-pradesh-to-jaipur,Aligarh (uttar pradesh) to Jaipur (Rajasthan)
Rinku Travels,A/C Seater / Sleeper (2+1),21:30,05:20,07h 50m,INR 400,37 Seats available,"2.8
31",https://www.redbus.in/bus-tickets/aligarh-uttar-pradesh-to-jaipur,Aligarh (uttar pradesh) to Jaipur (Rajasthan)
SHAGUN CARGO & TRAVELS,A/C Sleeper (2+1),01:10,06:30,05h 20m,509,16 Seats available,"1.4
4",https://www.redbus.in/bus-tickets/aligarh-uttar-pradesh-to-jaipur,Aligarh (uttar pradesh) to Jaipur (Rajasthan)
SHAGUN CARGO & TRAVELS,A/C Sleeper (2+1),23:55,07:00,07h 05m,855,25 Seats available,1.4,https://www.redbus.in/bus-tickets/aligarh-uttar-pradesh-to-jaipur,Aligarh (uttar pradesh) to Jaipur (Rajasthan)
SHAGUN CARGO & TRAVELS,NON A/C Seater/ Sleeper (2+1),23:55,05:45,05h 50m,570,22 Seats available,1.4,https://www.redbus.in/bus-tickets/aligarh-uttar-pradesh-to-jaipur,Aligarh (uttar pradesh) to Jaipur (Rajasthan)
Shree Baba Travels,A/C Seater / Sleeper (2+1),00:30,06:00,05h 30m,INR 600,17 Seats available,1.0,https://www.redbus.in/bus-tickets/aligarh-uttar-pradesh-to-jaipur,Aligarh (uttar pradesh) to Jaipur (Rajasthan)
RSRTC - 160781,Super Luxury Volvo AC Seater Pushback 2+2,00:00,12:50,12h 50m,INR 339,37 Seats available,"4.1
4",https://www.redbus.in/bus-tickets/jodhpur-to-beawer,Jodhpur to Beawar (Rajasthan)
RSRTC - 144042,Super Luxury Volvo AC Seater Pushback 2+2,00:00,11:00,11h 00m,INR 339,37 Seats available,3.8,https://www.redbus.in/bus-tickets/jodhpur-to-beawer,Jodhpur to Beawar (Rajasthan)
RSRTC - 146314,Super Luxury Volvo AC Seater Pushback 2+2,06:15,09:00,02h 45m,INR 339,34 Seats available,"5.0
12",https://www.redbus.in/bus-tickets/jodhpur-to-beawer,Jodhpur to Beawar (Rajasthan)
RSRTC - 193343,Semi Deluxe Non AC Seater 2+2,07:15,10:35,03h 20m,INR 183,35 Seats available,3.8,https://www.redbus.in/bus-tickets/jodhpur-to-beawer,Jodhpur to Beawar (Rajasthan)
RSRTC - 185141,Super Luxury Volvo AC Seater Pushback 2+2,07:15,10:00,02h 45m,INR 339,37 Seats available,"2.9
14",https://www.redbus.in/bus-tickets/jodhpur-to-beawer,Jodhpur to Beawar (Rajasthan)
RSRTC - 193585,Express Non AC Seater 2+3,07:40,10:55,03h 15m,INR 167,42 Seats available,3.8,https://www.redbus.in/bus-tickets/jodhpur-to-beawer,Jodhpur to Beawar (Rajasthan)
RSRTC - 192577,Express Non AC Seater 2+3,08:00,11:20,03h 20m,INR 167,46 Seats available,3.8,https://www.redbus.in/bus-tickets/jodhpur-to-beawer,Jodhpur to Beawar (Rajasthan)
RSRTC - 186250,Super Luxury Volvo AC Seater Pushback 2+2,09:16,12:10,02h 54m,INR 339,22 Seats available,"4.4
8",https://www.redbus.in/bus-tickets/jodhpur-to-beawer,Jodhpur to Beawar (Rajasthan)
RSRTC - 174461,Express Non AC Seater 2+3,09:30,12:45,03h 15m,INR 167,42 Seats available,3.8,https://www.redbus.in/bus-tickets/jodhpur-to-beawer,Jodhpur to Beawar (Rajasthan)
RSRTC - 179321,Express Non AC Seater 2+3,10:00,13:20,03h 20m,INR 167,42 Seats available,3.8,https://www.redbus.in/bus-tickets/jodhpur-to-beawer,Jodhpur to Beawar (Rajasthan)
RSRTC - 179320,Express Non AC Seater 2+3,10:15,13:15,03h 00m,INR 167,42 Seats available,3.8,https://www.redbus.in/bus-tickets/jodhpur-to-beawer,Jodhpur to Beawar (Rajasthan)
RSRTC - 164138,Express Non AC Seater 2+3,10:30,13:50,03h 20m,INR 167,42 Seats available,3.8,https://www.redbus.in/bus-tickets/jodhpur-to-beawer,Jodhpur to Beawar (Rajasthan)
RSRTC - 182944,Express Non AC Seater 2+3,11:15,14:35,03h 20m,INR 167,42 Seats available,3.8,https://www.redbus.in/bus-tickets/jodhpur-to-beawer,Jodhpur to Beawar (Rajasthan)
RSRTC - 187798,Super Luxury Volvo AC Seater Pushback 2+2,11:55,14:50,02h 55m,INR 339,37 Seats available,"4.8
9",https://www.redbus.in/bus-tickets/jodhpur-to-beawer,Jodhpur to Beawar (Rajasthan)
RSRTC - 156405,Express Non AC Seater 2+3,12:00,15:20,03h 20m,INR 167,42 Seats available,3.8,https://www.redbus.in/bus-tickets/jodhpur-to-beawer,Jodhpur to Beawar (Rajasthan)
RSRTC - 190537,Express Non AC Seater 2+3,12:30,15:30,03h 00m,INR 167,42 Seats available,3.8,https://www.redbus.in/bus-tickets/jodhpur-to-beawer,Jodhpur to Beawar (Rajasthan)
RSRTC - 168117,Express Non AC Seater 2+3,12:50,16:15,03h 25m,INR 167,46 Seats available,3.8,https://www.redbus.in/bus-tickets/jodhpur-to-beawer,Jodhpur to Beawar (Rajasthan)
RSRTC - 157455,Super Luxury Volvo AC Seater Pushback 2+2,13:00,15:45,02h 45m,INR 339,37 Seats available,"3.7
9",https://www.redbus.in/bus-tickets/jodhpur-to-beawer,Jodhpur to Beawar (Rajasthan)
RSRTC - 190571,Express Non AC Seater 2+3,13:25,16:40,03h 15m,INR 167,42 Seats available,3.8,https://www.redbus.in/bus-tickets/jodhpur-to-beawer,Jodhpur to Beawar (Rajasthan)
RSRTC - 188046,Express Non AC Seater 2+3,14:15,17:30,03h 15m,INR 167,42 Seats available,3.8,https://www.redbus.in/bus-tickets/jodhpur-to-beawer,Jodhpur to Beawar (Rajasthan)
RSRTC - 167049,Express Non AC Seater 2+3,14:30,17:45,03h 15m,INR 167,42 Seats available,3.8,https://www.redbus.in/bus-tickets/jodhpur-to-beawer,Jodhpur to Beawar (Rajasthan)
RSRTC - 146140,Super Luxury Volvo AC Seater Pushback 2+2,14:46,17:35,02h 49m,INR 339,31 Seats available,"3.1
13",https://www.redbus.in/bus-tickets/jodhpur-to-beawer,Jodhpur to Beawar (Rajasthan)
RSRTC - 169078,NON AC Seater / Sleeper 2+1,15:00,18:00,03h 00m,INR 235,37 Seats available,3.8,https://www.redbus.in/bus-tickets/jodhpur-to-beawer,Jodhpur to Beawar (Rajasthan)
RSRTC - 184963,Express Non AC Seater 2+3,15:15,18:30,03h 15m,INR 167,46 Seats available,3.8,https://www.redbus.in/bus-tickets/jodhpur-to-beawer,Jodhpur to Beawar (Rajasthan)
RSRTC - 178737,Express Non AC Seater 2+3,15:30,18:45,03h 15m,INR 167,42 Seats available,3.8,https://www.redbus.in/bus-tickets/jodhpur-to-beawer,Jodhpur to Beawar (Rajasthan)
RSRTC - 190572,Express Non AC Seater 2+3,16:15,19:30,03h 15m,INR 167,42 Seats available,3.8,https://www.redbus.in/bus-tickets/jodhpur-to-beawer,Jodhpur to Beawar (Rajasthan)
RSRTC - 175650,Super Luxury Volvo AC Seater Pushback 2+2,16:30,19:15,02h 45m,INR 339,37 Seats available,"2.6
17",https://www.redbus.in/bus-tickets/jodhpur-to-beawer,Jodhpur to Beawar (Rajasthan)
RSRTC - 184965,Express Non AC Seater 2+3,16:45,20:05,03h 20m,INR 167,46 Seats available,3.8,https://www.redbus.in/bus-tickets/jodhpur-to-beawer,Jodhpur to Beawar (Rajasthan)
RSRTC - 160785,Super Luxury Volvo AC Seater Pushback 2+2,17:30,20:15,02h 45m,INR 339,37 Seats available,"3.9
17",https://www.redbus.in/bus-tickets/jodhpur-to-beawer,Jodhpur to Beawar (Rajasthan)
RSRTC - 190951,Express Non AC Seater 2+3,18:00,21:15,03h 15m,INR 167,42 Seats available,3.8,https://www.redbus.in/bus-tickets/jodhpur-to-beawer,Jodhpur to Beawar (Rajasthan)
CHANDRA RAJ TRAVELS,NON AC Seater / Sleeper 2+1,07:30,11:25,03h 55m,INR 270,38 Seats available,3.3,https://www.redbus.in/bus-tickets/jodhpur-to-beawer,Jodhpur to Beawar (Rajasthan)
Jain travels regd,NON AC Seater / Sleeper 2+1,11:00,14:40,03h 40m,INR 270,36 Seats available,3.9,https://www.redbus.in/bus-tickets/jodhpur-to-beawer,Jodhpur to Beawar (Rajasthan)
Pooja Paraswnath Travels,NON AC Seater / Sleeper 2+1,12:00,14:55,02h 55m,INR 400,25 Seats available,3.4,https://www.redbus.in/bus-tickets/jodhpur-to-beawer,Jodhpur to Beawar (Rajasthan)
Jain travels regd,A/C Seater / Sleeper (2+1),14:00,17:20,03h 20m,INR 370,40 Seats available,3.9,https://www.redbus.in/bus-tickets/jodhpur-to-beawer,Jodhpur to Beawar (Rajasthan)
M R Travels,NON A/C Seater/ Sleeper (2+1),15:30,19:30,04h 00m,INR 400,40 Seats available,3.8,https://www.redbus.in/bus-tickets/jodhpur-to-beawer,Jodhpur to Beawar (Rajasthan)
RSRTC - 193810,Express Non AC Seater 2+3,06:30,00:00,17h 30m,INR 265,42 Seats available,3.9,https://www.redbus.in/bus-tickets/kota-rajasthan-to-jaipur,Kota(Rajasthan) to Jaipur (Rajasthan)
RSRTC - 192465,Express Non AC Seater 2+3,06:30,14:30,08h 00m,INR 272,42 Seats available,3.9,https://www.redbus.in/bus-tickets/kota-rajasthan-to-jaipur,Kota(Rajasthan) to Jaipur (Rajasthan)
RSRTC - 194085,Deluxe AC Seater 2+2,06:40,12:00,05h 20m,INR 473,36 Seats available,3.9,https://www.redbus.in/bus-tickets/kota-rajasthan-to-jaipur,Kota(Rajasthan) to Jaipur (Rajasthan)
RSRTC - 192556,Express Non AC Seater 2+3,07:25,12:55,05h 30m,INR 265,46 Seats available,"3.2
6",https://www.redbus.in/bus-tickets/kota-rajasthan-to-jaipur,Kota(Rajasthan) to Jaipur (Rajasthan)
RSRTC - 192466,Express Non AC Seater 2+3,07:30,13:00,05h 30m,INR 272,42 Seats available,"1.8
4",https://www.redbus.in/bus-tickets/kota-rajasthan-to-jaipur,Kota(Rajasthan) to Jaipur (Rajasthan)
RSRTC - 172730,Express Non AC Seater 2+3,07:59,14:15,06h 16m,INR 265,42 Seats available,3.9,https://www.redbus.in/bus-tickets/kota-rajasthan-to-jaipur,Kota(Rajasthan) to Jaipur (Rajasthan)
RSRTC - 169174,Express Non AC Seater 2+3,08:30,15:50,07h 20m,INR 272,46 Seats available,3.9,https://www.redbus.in/bus-tickets/kota-rajasthan-to-jaipur,Kota(Rajasthan) to Jaipur (Rajasthan)
RSRTC - 189779,Express Non AC Seater 2+3,09:06,14:36,05h 30m,INR 265,42 Seats available,"3.6
5",https://www.redbus.in/bus-tickets/kota-rajasthan-to-jaipur,Kota(Rajasthan) to Jaipur (Rajasthan)
RSRTC - 192322,Express Non AC Seater 2+3,10:20,17:30,07h 10m,INR 272,46 Seats available,3.9,https://www.redbus.in/bus-tickets/kota-rajasthan-to-jaipur,Kota(Rajasthan) to Jaipur (Rajasthan)
RSRTC - 192557,Express Non AC Seater 2+3,10:50,16:20,05h 30m,INR 265,46 Seats available,3.9,https://www.redbus.in/bus-tickets/kota-rajasthan-to-jaipur,Kota(Rajasthan) to Jaipur (Rajasthan)
RSRTC - 162323,Express Non AC Seater 2+3,10:50,17:10,06h 20m,INR 272,46 Seats available,3.9,https://www.redbus.in/bus-tickets/kota-rajasthan-to-jaipur,Kota(Rajasthan) to Jaipur (Rajasthan)
RSRTC - 189790,Express Non AC Seater 2+3,12:15,17:45,05h 30m,INR 265,46 Seats available,3.9,https://www.redbus.in/bus-tickets/kota-rajasthan-to-jaipur,Kota(Rajasthan) to Jaipur (Rajasthan)
RSRTC - 182763,Express Non AC Seater 2+3,14:00,20:30,06h 30m,INR 265,42 Seats available,"1.7
4",https://www.redbus.in/bus-tickets/kota-rajasthan-to-jaipur,Kota(Rajasthan) to Jaipur (Rajasthan)
RSRTC - 162121,Express Non AC Seater 2+3,14:18,21:56,07h 38m,INR 265,42 Seats available,3.9,https://www.redbus.in/bus-tickets/kota-rajasthan-to-jaipur,Kota(Rajasthan) to Jaipur (Rajasthan)
RSRTC - 189782,Express Non AC Seater 2+3,15:15,20:45,05h 30m,INR 265,42 Seats available,3.9,https://www.redbus.in/bus-tickets/kota-rajasthan-to-jaipur,Kota(Rajasthan) to Jaipur (Rajasthan)
RSRTC - 188614,Express Non AC Seater 2+3,16:00,00:00,08h 00m,INR 265,42 Seats available,3.9,https://www.redbus.in/bus-tickets/kota-rajasthan-to-jaipur,Kota(Rajasthan) to Jaipur (Rajasthan)
RSRTC - 164064,Express Non AC Seater 2+3,17:00,23:00,06h 00m,INR 265,46 Seats available,3.9,https://www.redbus.in/bus-tickets/kota-rajasthan-to-jaipur,Kota(Rajasthan) to Jaipur (Rajasthan)
RSRTC - 191749,Express Non AC Seater 2+3,18:15,00:01,05h 46m,INR 265,42 Seats available,3.9,https://www.redbus.in/bus-tickets/kota-rajasthan-to-jaipur,Kota(Rajasthan) to Jaipur (Rajasthan)
RSRTC - 189240,NON AC Seater / Sleeper 2+1,21:00,02:15,05h 15m,INR 341,37 Seats available,"4.0
18",https://www.redbus.in/bus-tickets/kota-rajasthan-to-jaipur,Kota(Rajasthan) to Jaipur (Rajasthan)
RSRTC - 187287,NON AC Seater / Sleeper 2+1,23:15,04:40,05h 25m,INR 344,37 Seats available,"4.6
11",https://www.redbus.in/bus-tickets/kota-rajasthan-to-jaipur,Kota(Rajasthan) to Jaipur (Rajasthan)
RSRTC - 192602,Express Non AC Seater 2+3,23:59,05:30,05h 31m,INR 265,42 Seats available,"3.4
4",https://www.redbus.in/bus-tickets/kota-rajasthan-to-jaipur,Kota(Rajasthan) to Jaipur (Rajasthan)
Vijay Tour and Travels,Bharat Benz A/C Seater / Sleeper (2+2),18:00,22:40,04h 40m,INR 350,26 Seats available,"4.1
304",https://www.redbus.in/bus-tickets/kota-rajasthan-to-jaipur,Kota(Rajasthan) to Jaipur (Rajasthan)
Priya Bus Service,AC Seater (2+2),10:40,15:25,04h 45m,379,30 Seats available,"3.8
105",https://www.redbus.in/bus-tickets/kota-rajasthan-to-jaipur,Kota(Rajasthan) to Jaipur (Rajasthan)
Babu Travels,A/C Sleeper (2+1),04:05,08:45,04h 40m,INR 350,15 Seats available,"4.4
46",https://www.redbus.in/bus-tickets/kota-rajasthan-to-jaipur,Kota(Rajasthan) to Jaipur (Rajasthan)
Babu Travels,A/C Seater / Sleeper (2+1),16:00,20:30,04h 30m,INR 450,15 Seats available,"3.5
99",https://www.redbus.in/bus-tickets/kota-rajasthan-to-jaipur,Kota(Rajasthan) to Jaipur (Rajasthan)
Mahalaxmi Travels,Bharat Benz A/C Seater /Sleeper (2+1),17:00,22:15,05h 15m,INR 333,31 Seats available,"3.9
284",https://www.redbus.in/bus-tickets/kota-rajasthan-to-jaipur,Kota(Rajasthan) to Jaipur (Rajasthan)
RSRTC - 193795,NON AC Seater / Sleeper 2+1,06:50,14:00,07h 10m,INR 463,37 Seats available,"2.0
5",https://www.redbus.in/bus-tickets/jaipur-to-aligarh-uttar-pradesh,Jaipur (Rajasthan) to Aligarh (uttar pradesh)
RSRTC - 193591,NON AC Seater / Sleeper 2+1,07:50,15:00,07h 10m,INR 463,34 Seats available,"2.6
5",https://www.redbus.in/bus-tickets/jaipur-to-aligarh-uttar-pradesh,Jaipur (Rajasthan) to Aligarh (uttar pradesh)
RSRTC - 183714,Express Non AC Seater 2+3,08:50,16:30,07h 40m,INR 369,46 Seats available,"2.0
14",https://www.redbus.in/bus-tickets/jaipur-to-aligarh-uttar-pradesh,Jaipur (Rajasthan) to Aligarh (uttar pradesh)
RSRTC - 190202,Express Non AC Seater 2+3,21:50,05:00,07h 10m,INR 369,42 Seats available,"4.0
7",https://www.redbus.in/bus-tickets/jaipur-to-aligarh-uttar-pradesh,Jaipur (Rajasthan) to Aligarh (uttar pradesh)
RSRTC - 193797,NON AC Seater / Sleeper 2+1,22:01,04:30,06h 29m,INR 463,31 Seats available,"1.2
4",https://www.redbus.in/bus-tickets/jaipur-to-aligarh-uttar-pradesh,Jaipur (Rajasthan) to Aligarh (uttar pradesh)
RSRTC - 189082,Super Luxury Volvo AC Seater Pushback 2+2,23:00,06:00,07h 00m,INR 570,20 Seats available,"4.4
123",https://www.redbus.in/bus-tickets/jaipur-to-aligarh-uttar-pradesh,Jaipur (Rajasthan) to Aligarh (uttar pradesh)
Mahalaxmi Travels,Bharat Benz A/C Seater /Sleeper (2+1),21:00,04:00,07h 00m,INR 499,19 Seats available,"3.1
101",https://www.redbus.in/bus-tickets/jaipur-to-aligarh-uttar-pradesh,Jaipur (Rajasthan) to Aligarh (uttar pradesh)
Rinku Travels,A/C Seater / Sleeper (2+1),21:15,04:25,07h 10m,INR 400,45 Seats available,"3.6
45",https://www.redbus.in/bus-tickets/jaipur-to-aligarh-uttar-pradesh,Jaipur (Rajasthan) to Aligarh (uttar pradesh)
Rinku Travels,A/C Seater / Sleeper (2+1),21:30,04:55,07h 25m,INR 400,41 Seats available,"3.5
37",https://www.redbus.in/bus-tickets/jaipur-to-aligarh-uttar-pradesh,Jaipur (Rajasthan) to Aligarh (uttar pradesh)
SHAGUN CARGO & TRAVELS,A/C Sleeper (2+1),21:15,04:00,06h 45m,665,22 Seats available,"3.0
14",https://www.redbus.in/bus-tickets/jaipur-to-aligarh-uttar-pradesh,Jaipur (Rajasthan) to Aligarh (uttar pradesh)
SHAGUN CARGO & TRAVELS,NON A/C Seater/ Sleeper (2+1),20:15,03:15,07h 00m,570,24 Seats available,3.0,https://www.redbus.in/bus-tickets/jaipur-to-aligarh-uttar-pradesh,Jaipur (Rajasthan) to Aligarh (uttar pradesh)
SHAGUN CARGO & TRAVELS,A/C Sleeper (2+1),22:15,04:00,05h 45m,855,27 Seats available,3.0,https://www.redbus.in/bus-tickets/jaipur-to-aligarh-uttar-pradesh,Jaipur (Rajasthan) to Aligarh (uttar pradesh)
Shree Baba Travels,A/C Seater / Sleeper (2+1),21:00,04:30,07h 30m,INR 599,40 Seats available,1.0,https://www.redbus.in/bus-tickets/jaipur-to-aligarh-uttar-pradesh,Jaipur (Rajasthan) to Aligarh (uttar pradesh)
RSRTC - 187284,NON AC Seater / Sleeper 2+1,00:31,05:30,04h 59m,INR 341,8 Seats available,"4.5
8",https://www.redbus.in/bus-tickets/jaipur-to-kota-rajasthan,Jaipur (Rajasthan) to Kota(Rajasthan)
RSRTC - 189182,NON AC Seater / Sleeper 2+1,02:15,07:20,05h 05m,INR 341,36 Seats available,"3.0
5",https://www.redbus.in/bus-tickets/jaipur-to-kota-rajasthan,Jaipur (Rajasthan) to Kota(Rajasthan)
RSRTC - 191753,Express Non AC Seater 2+3,05:10,11:15,06h 05m,INR 265,42 Seats available,3.4,https://www.redbus.in/bus-tickets/jaipur-to-kota-rajasthan,Jaipur (Rajasthan) to Kota(Rajasthan)
RSRTC - 188615,Express Non AC Seater 2+3,05:20,00:00,18h 40m,INR 265,42 Seats available,3.4,https://www.redbus.in/bus-tickets/jaipur-to-kota-rajasthan,Jaipur (Rajasthan) to Kota(Rajasthan)
RSRTC - 182762,Express Non AC Seater 2+3,05:45,11:45,06h 00m,INR 265,42 Seats available,3.4,https://www.redbus.in/bus-tickets/jaipur-to-kota-rajasthan,Jaipur (Rajasthan) to Kota(Rajasthan)
RSRTC - 164355,Express Non AC Seater 2+3,07:10,14:00,06h 50m,INR 272,46 Seats available,3.4,https://www.redbus.in/bus-tickets/jaipur-to-kota-rajasthan,Jaipur (Rajasthan) to Kota(Rajasthan)
RSRTC - 192593,Express Non AC Seater 2+3,08:00,13:30,05h 30m,INR 265,46 Seats available,3.4,https://www.redbus.in/bus-tickets/jaipur-to-kota-rajasthan,Jaipur (Rajasthan) to Kota(Rajasthan)
RSRTC - 168258,Express Non AC Seater 2+3,08:30,14:30,06h 00m,INR 265,42 Seats available,3.4,https://www.redbus.in/bus-tickets/jaipur-to-kota-rajasthan,Jaipur (Rajasthan) to Kota(Rajasthan)
RSRTC - 192323,Express Non AC Seater 2+3,09:04,15:00,05h 56m,INR 265,46 Seats available,3.4,https://www.redbus.in/bus-tickets/jaipur-to-kota-rajasthan,Jaipur (Rajasthan) to Kota(Rajasthan)
RSRTC - 193341,Express Non AC Seater 2+3,09:10,15:10,06h 00m,INR 265,42 Seats available,3.4,https://www.redbus.in/bus-tickets/jaipur-to-kota-rajasthan,Jaipur (Rajasthan) to Kota(Rajasthan)
RSRTC - 182532,Express Non AC Seater 2+3,09:50,00:00,14h 10m,INR 265,42 Seats available,3.4,https://www.redbus.in/bus-tickets/jaipur-to-kota-rajasthan,Jaipur (Rajasthan) to Kota(Rajasthan)
RSRTC - 189783,Express Non AC Seater 2+3,11:50,17:20,05h 30m,INR 265,42 Seats available,3.4,https://www.redbus.in/bus-tickets/jaipur-to-kota-rajasthan,Jaipur (Rajasthan) to Kota(Rajasthan)
RSRTC - 189780,Express Non AC Seater 2+3,12:40,18:15,05h 35m,INR 265,42 Seats available,3.4,https://www.redbus.in/bus-tickets/jaipur-to-kota-rajasthan,Jaipur (Rajasthan) to Kota(Rajasthan)
RSRTC - 154429,Express Non AC Seater 2+3,13:25,19:20,05h 55m,INR 265,42 Seats available,3.4,https://www.redbus.in/bus-tickets/jaipur-to-kota-rajasthan,Jaipur (Rajasthan) to Kota(Rajasthan)
RSRTC - 194084,Deluxe AC Seater 2+2,13:25,19:00,05h 35m,INR 476,36 Seats available,3.4,https://www.redbus.in/bus-tickets/jaipur-to-kota-rajasthan,Jaipur (Rajasthan) to Kota(Rajasthan)
RSRTC - 172729,Express Non AC Seater 2+3,13:40,19:28,05h 48m,INR 265,42 Seats available,3.4,https://www.redbus.in/bus-tickets/jaipur-to-kota-rajasthan,Jaipur (Rajasthan) to Kota(Rajasthan)
RSRTC - 193793,Express Non AC Seater 2+3,15:30,00:00,08h 30m,INR 265,42 Seats available,3.4,https://www.redbus.in/bus-tickets/jaipur-to-kota-rajasthan,Jaipur (Rajasthan) to Kota(Rajasthan)
RSRTC - 191378,NON AC Seater / Sleeper 2+1,16:40,22:00,05h 20m,INR 347,37 Seats available,"4.1
7",https://www.redbus.in/bus-tickets/jaipur-to-kota-rajasthan,Jaipur (Rajasthan) to Kota(Rajasthan)
RSRTC - 192559,Express Non AC Seater 2+3,17:00,22:25,05h 25m,INR 265,46 Seats available,3.4,https://www.redbus.in/bus-tickets/jaipur-to-kota-rajasthan,Jaipur (Rajasthan) to Kota(Rajasthan)
RSRTC - 193794,Express Non AC Seater 2+3,18:00,00:00,06h 00m,INR 265,42 Seats available,3.4,https://www.redbus.in/bus-tickets/jaipur-to-kota-rajasthan,Jaipur (Rajasthan) to Kota(Rajasthan)
RSRTC - 192762,Express Non AC Seater 2+3,18:40,00:10,05h 30m,INR 265,46 Seats available,3.4,https://www.redbus.in/bus-tickets/jaipur-to-kota-rajasthan,Jaipur (Rajasthan) to Kota(Rajasthan)
RSRTC - 175208,Express Non AC Seater 2+3,23:00,04:00,05h 00m,INR 265,42 Seats available,"1.2
7",https://www.redbus.in/bus-tickets/jaipur-to-kota-rajasthan,Jaipur (Rajasthan) to Kota(Rajasthan)
Vijay Tour and Travels,Bharat Benz A/C Seater / Sleeper (2+2),05:10,09:30,04h 20m,416,34 Seats available,"4.1
238",https://www.redbus.in/bus-tickets/jaipur-to-kota-rajasthan,Jaipur (Rajasthan) to Kota(Rajasthan)
Mahalaxmi Travels,Bharat Benz A/C Seater /Sleeper (2+1),05:30,10:45,05h 15m,INR 333,26 Seats available,"4.0
259",https://www.redbus.in/bus-tickets/jaipur-to-kota-rajasthan,Jaipur (Rajasthan) to Kota(Rajasthan)
Priya Bus Service,AC Seater (2+2),17:25,22:15,04h 50m,379,31 Seats available,"3.7
182",https://www.redbus.in/bus-tickets/jaipur-to-kota-rajasthan,Jaipur (Rajasthan) to Kota(Rajasthan)
Jakhar Travels,A/C Seater / Sleeper (2+1),22:00,03:30,05h 30m,INR 400,16 Seats available,"3.7
101",https://www.redbus.in/bus-tickets/jaipur-to-kota-rajasthan,Jaipur (Rajasthan) to Kota(Rajasthan)
Babu Travels,A/C Sleeper (2+1),18:30,23:42,05h 12m,INR 600,17 Seats available,"3.9
63",https://www.redbus.in/bus-tickets/jaipur-to-kota-rajasthan,Jaipur (Rajasthan) to Kota(Rajasthan)
RSRTC - 193270,Express Non AC Seater 2+3,00:15,05:00,04h 45m,INR 212,42 Seats available,4.0,https://www.redbus.in/bus-tickets/pali-to-udaipur,Pali (Rajasthan) to Udaipur
RSRTC - 163475,Express Non AC Seater 2+3,06:15,10:30,04h 15m,INR 212,42 Seats available,"2.4
10",https://www.redbus.in/bus-tickets/pali-to-udaipur,Pali (Rajasthan) to Udaipur
RSRTC - 163476,Express Non AC Seater 2+3,07:30,12:15,04h 45m,INR 212,42 Seats available,4.0,https://www.redbus.in/bus-tickets/pali-to-udaipur,Pali (Rajasthan) to Udaipur
RSRTC - 157453,Super Luxury Volvo AC Seater Pushback 2+2,07:45,11:30,03h 45m,INR 438,4 Seats available,"3.9
50",https://www.redbus.in/bus-tickets/pali-to-udaipur,Pali (Rajasthan) to Udaipur
RSRTC - 184952,Express Non AC Seater 2+3,09:20,14:30,05h 10m,INR 212,42 Seats available,4.0,https://www.redbus.in/bus-tickets/pali-to-udaipur,Pali (Rajasthan) to Udaipur
RSRTC - 184042,Express Non AC Seater 2+3,10:20,14:45,04h 25m,INR 212,42 Seats available,4.0,https://www.redbus.in/bus-tickets/pali-to-udaipur,Pali (Rajasthan) to Udaipur
RSRTC - 174531,Express Non AC Seater 2+3,13:00,18:30,05h 30m,INR 212,42 Seats available,4.0,https://www.redbus.in/bus-tickets/pali-to-udaipur,Pali (Rajasthan) to Udaipur
RSRTC - 188345,Super Luxury Volvo AC Seater Pushback 2+2,13:45,17:30,03h 45m,INR 438,2 Seats available,"4.2
49",https://www.redbus.in/bus-tickets/pali-to-udaipur,Pali (Rajasthan) to Udaipur
RSRTC - 153984,Express Non AC Seater 2+3,14:00,19:00,05h 00m,INR 212,42 Seats available,4.0,https://www.redbus.in/bus-tickets/pali-to-udaipur,Pali (Rajasthan) to Udaipur
RSRTC - 183015,Express Non AC Seater 2+3,14:35,19:30,04h 55m,INR 212,42 Seats available,4.0,https://www.redbus.in/bus-tickets/pali-to-udaipur,Pali (Rajasthan) to Udaipur
RSRTC - 166605,Express Non AC Seater 2+3,15:10,20:30,05h 20m,INR 212,42 Seats available,4.0,https://www.redbus.in/bus-tickets/pali-to-udaipur,Pali (Rajasthan) to Udaipur
RSRTC - 174532,Express Non AC Seater 2+3,16:00,20:45,04h 45m,INR 212,42 Seats available,4.0,https://www.redbus.in/bus-tickets/pali-to-udaipur,Pali (Rajasthan) to Udaipur
RSRTC - 163483,Express Non AC Seater 2+3,16:45,21:45,05h 00m,INR 212,42 Seats available,4.0,https://www.redbus.in/bus-tickets/pali-to-udaipur,Pali (Rajasthan) to Udaipur
RSRTC - 158796,Super Luxury Volvo AC Seater Pushback 2+2,17:15,21:00,03h 45m,INR 438,5 Seats available,"4.3
52",https://www.redbus.in/bus-tickets/pali-to-udaipur,Pali (Rajasthan) to Udaipur
Raj Travel (Laxmi Traveller),A/C Sleeper (2+1),00:15,05:15,05h 00m,INR 610,19 Seats available,4.4,https://www.redbus.in/bus-tickets/pali-to-udaipur,Pali (Rajasthan) to Udaipur
R.S.Sodha Travels,A/C Seater / Sleeper (2+1),01:00,05:00,04h 00m,INR 700,34 Seats available,3.4,https://www.redbus.in/bus-tickets/pali-to-udaipur,Pali (Rajasthan) to Udaipur
Jain Travels,A/C Seater / Sleeper (2+1),02:55,07:30,04h 35m,INR 500,18 Seats available,3.0,https://www.redbus.in/bus-tickets/pali-to-udaipur,Pali (Rajasthan) to Udaipur
Shree Devnarayan Travels,Bharat Benz A/C Seater (2+1),06:55,10:30,03h 35m,INR 550,12 Seats available,"3.7
14",https://www.redbus.in/bus-tickets/pali-to-udaipur,Pali (Rajasthan) to Udaipur
M R Travels,Volvo Multi-Axle I-Shift B11R Semi Sleeper (2+2),07:00,10:35,03h 35m,INR 475,40 Seats available,"4.1
13",https://www.redbus.in/bus-tickets/pali-to-udaipur,Pali (Rajasthan) to Udaipur
RSRTC - 174534,Express Non AC Seater 2+3,05:45,10:00,04h 15m,INR 212,42 Seats available,4.5,https://www.redbus.in/bus-tickets/udaipur-to-pali-rajasthan,Udaipur to Pali (Rajasthan)
RSRTC - 158798,Super Luxury Volvo AC Seater Pushback 2+2,06:01,09:30,03h 29m,INR 438,17 Seats available,"4.6
49",https://www.redbus.in/bus-tickets/udaipur-to-pali-rajasthan,Udaipur to Pali (Rajasthan)
RSRTC - 146395,Express Non AC Seater 2+3,06:45,11:50,05h 05m,INR 212,42 Seats available,4.5,https://www.redbus.in/bus-tickets/udaipur-to-pali-rajasthan,Udaipur to Pali (Rajasthan)
RSRTC - 174533,Express Non AC Seater 2+3,08:45,13:45,05h 00m,INR 212,42 Seats available,"1.0
4",https://www.redbus.in/bus-tickets/udaipur-to-pali-rajasthan,Udaipur to Pali (Rajasthan)
RSRTC - 188347,Super Luxury Volvo AC Seater Pushback 2+2,11:30,14:50,03h 20m,INR 438,10 Seats available,"4.5
36",https://www.redbus.in/bus-tickets/udaipur-to-pali-rajasthan,Udaipur to Pali (Rajasthan)
RSRTC - 190115,Express Non AC Seater 2+3,12:00,17:15,05h 15m,INR 212,42 Seats available,4.5,https://www.redbus.in/bus-tickets/udaipur-to-pali-rajasthan,Udaipur to Pali (Rajasthan)
RSRTC - 169076,Express Non AC Seater 2+3,12:10,17:15,05h 05m,INR 212,42 Seats available,4.5,https://www.redbus.in/bus-tickets/udaipur-to-pali-rajasthan,Udaipur to Pali (Rajasthan)
RSRTC - 184043,Express Non AC Seater 2+3,12:45,17:00,04h 15m,INR 212,42 Seats available,4.5,https://www.redbus.in/bus-tickets/udaipur-to-pali-rajasthan,Udaipur to Pali (Rajasthan)
RSRTC - 183203,Express Non AC Seater 2+3,13:30,18:15,04h 45m,INR 212,42 Seats available,"3.6
4",https://www.redbus.in/bus-tickets/udaipur-to-pali-rajasthan,Udaipur to Pali (Rajasthan)
RSRTC - 183141,Express Non AC Seater 2+3,14:35,19:20,04h 45m,INR 212,42 Seats available,4.5,https://www.redbus.in/bus-tickets/udaipur-to-pali-rajasthan,Udaipur to Pali (Rajasthan)
RSRTC - 157454,Super Luxury Volvo AC Seater Pushback 2+2,16:00,19:30,03h 30m,INR 438,14 Seats available,"4.6
72",https://www.redbus.in/bus-tickets/udaipur-to-pali-rajasthan,Udaipur to Pali (Rajasthan)
RSRTC - 193271,Express Non AC Seater 2+3,19:30,00:15,04h 45m,INR 212,42 Seats available,4.5,https://www.redbus.in/bus-tickets/udaipur-to-pali-rajasthan,Udaipur to Pali (Rajasthan)
RSRTC - 189622,Express Non AC Seater 2+3,22:00,02:25,04h 25m,INR 212,42 Seats available,4.5,https://www.redbus.in/bus-tickets/udaipur-to-pali-rajasthan,Udaipur to Pali (Rajasthan)
Jain travels regd,NON AC Seater / Sleeper 2+1,02:40,07:30,04h 50m,INR 300,9 Seats available,3.7,https://www.redbus.in/bus-tickets/udaipur-to-pali-rajasthan,Udaipur to Pali (Rajasthan)
Gajraj Travels,NON A/C Seater/ Sleeper (2+1),04:00,07:15,03h 15m,INR 400,40 Seats available,4.4,https://www.redbus.in/bus-tickets/udaipur-to-pali-rajasthan,Udaipur to Pali (Rajasthan)
M R Travels,A/C Sleeper (2+1),04:20,07:30,03h 10m,INR 600,34 Seats available,4.5,https://www.redbus.in/bus-tickets/udaipur-to-pali-rajasthan,Udaipur to Pali (Rajasthan)
JAIN TRAVELS REGD / MULTANI SONA,A/C Seater / Sleeper (2+1),04:30,09:00,04h 30m,INR 350,40 Seats available,3.7,https://www.redbus.in/bus-tickets/udaipur-to-pali-rajasthan,Udaipur to Pali (Rajasthan)
M R Travels,Volvo Multi Axle A/C Sleeper I-Shift B11R (2+1),05:00,09:00,04h 00m,INR 600,42 Seats available,4.5,https://www.redbus.in/bus-tickets/udaipur-to-pali-rajasthan,Udaipur to Pali (Rajasthan)
RSRTC - 193804,Semi Deluxe Non AC Seater 2+2,00:30,04:20,03h 50m,INR 223,35 Seats available,3.2,https://www.redbus.in/bus-tickets/jaipur-to-bharatpur,Jaipur (Rajasthan) to Bharatpur
RSRTC - 154784,Express Non AC Seater 2+3,05:20,09:15,03h 55m,INR 205,42 Seats available,3.2,https://www.redbus.in/bus-tickets/jaipur-to-bharatpur,Jaipur (Rajasthan) to Bharatpur
RSRTC - 182569,Express Non AC Seater 2+3,05:30,09:10,03h 40m,INR 205,42 Seats available,3.2,https://www.redbus.in/bus-tickets/jaipur-to-bharatpur,Jaipur (Rajasthan) to Bharatpur
RSRTC - 157388,Express Non AC Seater 2+3,06:40,10:40,04h 00m,INR 205,42 Seats available,3.2,https://www.redbus.in/bus-tickets/jaipur-to-bharatpur,Jaipur (Rajasthan) to Bharatpur
RSRTC - 193795,NON AC Seater / Sleeper 2+1,06:50,10:45,03h 55m,INR 275,37 Seats available,3.2,https://www.redbus.in/bus-tickets/jaipur-to-bharatpur,Jaipur (Rajasthan) to Bharatpur
RSRTC - 184190,Express Non AC Seater 2+3,07:30,11:30,04h 00m,INR 205,42 Seats available,3.2,https://www.redbus.in/bus-tickets/jaipur-to-bharatpur,Jaipur (Rajasthan) to Bharatpur
RSRTC - 153651,Express Non AC Seater 2+3,07:40,11:40,04h 00m,INR 205,42 Seats available,3.2,https://www.redbus.in/bus-tickets/jaipur-to-bharatpur,Jaipur (Rajasthan) to Bharatpur
RSRTC - 193591,NON AC Seater / Sleeper 2+1,07:50,11:45,03h 55m,INR 275,37 Seats available,3.2,https://www.redbus.in/bus-tickets/jaipur-to-bharatpur,Jaipur (Rajasthan) to Bharatpur
RSRTC - 168518,Express Non AC Seater 2+3,08:10,12:20,04h 10m,INR 205,42 Seats available,3.2,https://www.redbus.in/bus-tickets/jaipur-to-bharatpur,Jaipur (Rajasthan) to Bharatpur
RSRTC - 187633,Super Luxury Volvo AC Seater Pushback 2+2,08:15,12:00,03h 45m,INR 338,31 Seats available,"4.0
14",https://www.redbus.in/bus-tickets/jaipur-to-bharatpur,Jaipur (Rajasthan) to Bharatpur
RSRTC - 183592,Express Non AC Seater 2+3,08:30,12:30,04h 00m,INR 205,42 Seats available,3.2,https://www.redbus.in/bus-tickets/jaipur-to-bharatpur,Jaipur (Rajasthan) to Bharatpur
RSRTC - 179400,Express Non AC Seater 2+3,08:40,12:20,03h 40m,INR 205,42 Seats available,3.2,https://www.redbus.in/bus-tickets/jaipur-to-bharatpur,Jaipur (Rajasthan) to Bharatpur
RSRTC - 183714,Express Non AC Seater 2+3,08:50,12:45,03h 55m,INR 205,46 Seats available,3.2,https://www.redbus.in/bus-tickets/jaipur-to-bharatpur,Jaipur (Rajasthan) to Bharatpur
RSRTC - 184474,Express Non AC Seater 2+3,09:30,13:30,04h 00m,INR 205,42 Seats available,3.2,https://www.redbus.in/bus-tickets/jaipur-to-bharatpur,Jaipur (Rajasthan) to Bharatpur
RSRTC - 168941,Express Non AC Seater 2+3,09:45,13:55,04h 10m,INR 205,42 Seats available,3.2,https://www.redbus.in/bus-tickets/jaipur-to-bharatpur,Jaipur (Rajasthan) to Bharatpur
RSRTC - 183742,Express Non AC Seater 2+3,09:50,14:00,04h 10m,INR 205,42 Seats available,3.2,https://www.redbus.in/bus-tickets/jaipur-to-bharatpur,Jaipur (Rajasthan) to Bharatpur
RSRTC - 184552,Express Non AC Seater 2+3,10:10,14:10,04h 00m,INR 205,42 Seats available,3.2,https://www.redbus.in/bus-tickets/jaipur-to-bharatpur,Jaipur (Rajasthan) to Bharatpur
RSRTC - 176644,Express Non AC Seater 2+3,10:35,14:35,04h 00m,INR 205,42 Seats available,3.2,https://www.redbus.in/bus-tickets/jaipur-to-bharatpur,Jaipur (Rajasthan) to Bharatpur
RSRTC - 183722,Express Non AC Seater 2+3,10:40,14:50,04h 10m,INR 205,46 Seats available,3.2,https://www.redbus.in/bus-tickets/jaipur-to-bharatpur,Jaipur (Rajasthan) to Bharatpur
RSRTC - 161577,Express Non AC Seater 2+3,11:00,15:00,04h 00m,INR 205,42 Seats available,3.2,https://www.redbus.in/bus-tickets/jaipur-to-bharatpur,Jaipur (Rajasthan) to Bharatpur
RSRTC - 177866,Express Non AC Seater 2+3,11:10,15:10,04h 00m,INR 205,42 Seats available,3.2,https://www.redbus.in/bus-tickets/jaipur-to-bharatpur,Jaipur (Rajasthan) to Bharatpur
RSRTC - 175869,Semi Deluxe Non AC Seater 2+2,11:30,15:30,04h 00m,INR 223,35 Seats available,3.2,https://www.redbus.in/bus-tickets/jaipur-to-bharatpur,Jaipur (Rajasthan) to Bharatpur
RSRTC - 178868,Express Non AC Seater 2+3,11:35,15:35,04h 00m,INR 205,42 Seats available,3.2,https://www.redbus.in/bus-tickets/jaipur-to-bharatpur,Jaipur (Rajasthan) to Bharatpur
RSRTC - 178954,Express Non AC Seater 2+3,11:55,16:15,04h 20m,INR 205,42 Seats available,3.2,https://www.redbus.in/bus-tickets/jaipur-to-bharatpur,Jaipur (Rajasthan) to Bharatpur
RSRTC - 185169,Express Non AC Seater 2+3,12:10,16:10,04h 00m,INR 205,42 Seats available,3.2,https://www.redbus.in/bus-tickets/jaipur-to-bharatpur,Jaipur (Rajasthan) to Bharatpur
NEW RADHIKA TRAVEL,Non A/C Seater / Sleeper (2+1),20:00,23:15,03h 15m,INR 600,26 Seats available,1.5,https://www.redbus.in/bus-tickets/jaipur-to-bharatpur,Jaipur (Rajasthan) to Bharatpur
Jain travels regd,NON AC Seater/ Sleeper (2+1),01:15,05:15,04h 00m,INR 400,42 Seats available,3.9,https://www.redbus.in/bus-tickets/jaipur-to-bharatpur,Jaipur (Rajasthan) to Bharatpur
Jain travels regd,NON AC Seater / Sleeper 2+1,01:45,05:35,03h 50m,INR 300,35 Seats available,3.9,https://www.redbus.in/bus-tickets/jaipur-to-bharatpur,Jaipur (Rajasthan) to Bharatpur
CHANDRA RAJ TRAVELS,A/C Seater / Sleeper (2+1),03:00,07:10,04h 10m,INR 800,36 Seats available,3.3,https://www.redbus.in/bus-tickets/jaipur-to-bharatpur,Jaipur (Rajasthan) to Bharatpur
Vijay Tour and Travels,A/C Seater / Sleeper (2+1),03:30,06:50,03h 20m,370,26 Seats available,3.5,https://www.redbus.in/bus-tickets/jaipur-to-bharatpur,Jaipur (Rajasthan) to Bharatpur
RSRTC - 170972,Super Luxury Volvo AC Seater Pushback 2+2,01:30,06:15,04h 45m,INR 524,37 Seats available,2.8,https://www.redbus.in/bus-tickets/kishangarh-to-jodhpur,Kishangarh to Jodhpur
RSRTC - 178742,Express Non AC Seater 2+3,07:30,12:55,05h 25m,INR 258,42 Seats available,2.8,https://www.redbus.in/bus-tickets/kishangarh-to-jodhpur,Kishangarh to Jodhpur
RSRTC - 170971,Super Luxury Volvo AC Seater Pushback 2+2,08:00,12:45,04h 45m,INR 524,37 Seats available,"3.9
5",https://www.redbus.in/bus-tickets/kishangarh-to-jodhpur,Kishangarh to Jodhpur
RSRTC - 160780,Super Luxury Volvo AC Seater Pushback 2+2,09:00,13:45,04h 45m,INR 524,37 Seats available,2.8,https://www.redbus.in/bus-tickets/kishangarh-to-jodhpur,Kishangarh to Jodhpur
RSRTC - 163543,Express Non AC Seater 2+3,09:30,15:00,05h 30m,INR 258,42 Seats available,2.8,https://www.redbus.in/bus-tickets/kishangarh-to-jodhpur,Kishangarh to Jodhpur
RSRTC - 156404,Express Non AC Seater 2+3,10:05,15:45,05h 40m,INR 258,42 Seats available,2.8,https://www.redbus.in/bus-tickets/kishangarh-to-jodhpur,Kishangarh to Jodhpur
RSRTC - 142360,Super Luxury Volvo AC Seater Pushback 2+2,10:15,14:45,04h 30m,INR 524,37 Seats available,"2.6
4",https://www.redbus.in/bus-tickets/kishangarh-to-jodhpur,Kishangarh to Jodhpur
RSRTC - 163995,Express Non AC Seater 2+3,10:40,16:10,05h 30m,INR 258,42 Seats available,2.8,https://www.redbus.in/bus-tickets/kishangarh-to-jodhpur,Kishangarh to Jodhpur
RSRTC - 174473,Express Non AC Seater 2+3,11:01,16:30,05h 29m,INR 258,42 Seats available,2.8,https://www.redbus.in/bus-tickets/kishangarh-to-jodhpur,Kishangarh to Jodhpur
RSRTC - 163964,Express Non AC Seater 2+3,11:15,17:00,05h 45m,INR 258,42 Seats available,2.8,https://www.redbus.in/bus-tickets/kishangarh-to-jodhpur,Kishangarh to Jodhpur
RSRTC - 186234,Super Luxury Volvo AC Seater Pushback 2+2,11:15,16:00,04h 45m,INR 524,37 Seats available,"2.9
5",https://www.redbus.in/bus-tickets/kishangarh-to-jodhpur,Kishangarh to Jodhpur
RSRTC - 186237,Super Luxury Volvo AC Seater Pushback 2+2,12:15,16:45,04h 30m,INR 524,30 Seats available,2.8,https://www.redbus.in/bus-tickets/kishangarh-to-jodhpur,Kishangarh to Jodhpur
RSRTC - 156586,Super Luxury Volvo AC Seater Pushback 2+2,14:00,18:45,04h 45m,INR 524,37 Seats available,"3.8
7",https://www.redbus.in/bus-tickets/kishangarh-to-jodhpur,Kishangarh to Jodhpur
RSRTC - 185137,Super Luxury Volvo AC Seater Pushback 2+2,15:00,19:45,04h 45m,INR 524,28 Seats available,"1.4
10",https://www.redbus.in/bus-tickets/kishangarh-to-jodhpur,Kishangarh to Jodhpur
RSRTC - 143156,Super Luxury Volvo AC Seater Pushback 2+2,16:00,20:45,04h 45m,INR 524,32 Seats available,"3.0
4",https://www.redbus.in/bus-tickets/kishangarh-to-jodhpur,Kishangarh to Jodhpur
RSRTC - 168081,Express Non AC Seater 2+3,16:40,22:15,05h 35m,INR 258,42 Seats available,2.8,https://www.redbus.in/bus-tickets/kishangarh-to-jodhpur,Kishangarh to Jodhpur
RSRTC - 163509,Express Non AC Seater 2+3,17:05,22:30,05h 25m,INR 258,42 Seats available,2.8,https://www.redbus.in/bus-tickets/kishangarh-to-jodhpur,Kishangarh to Jodhpur
RSRTC - 188525,Super Luxury Volvo AC Seater Pushback 2+2,18:00,22:45,04h 45m,INR 524,37 Seats available,"2.8
10",https://www.redbus.in/bus-tickets/kishangarh-to-jodhpur,Kishangarh to Jodhpur
RSRTC - 157451,Super Luxury Volvo AC Seater Pushback 2+2,19:00,23:45,04h 45m,INR 524,37 Seats available,"4.1
5",https://www.redbus.in/bus-tickets/kishangarh-to-jodhpur,Kishangarh to Jodhpur
RSRTC - 169316,Express Non AC Seater 2+3,19:20,00:15,04h 55m,INR 258,42 Seats available,2.8,https://www.redbus.in/bus-tickets/kishangarh-to-jodhpur,Kishangarh to Jodhpur
RSRTC - 190961,NON AC Seater / Sleeper 2+1,22:40,04:40,06h 00m,INR 334,37 Seats available,2.8,https://www.redbus.in/bus-tickets/kishangarh-to-jodhpur,Kishangarh to Jodhpur
RSRTC - 163517,Express Non AC Seater 2+3,23:00,05:00,06h 00m,INR 250,42 Seats available,2.8,https://www.redbus.in/bus-tickets/kishangarh-to-jodhpur,Kishangarh to Jodhpur
RSRTC - 178948,Super Luxury Volvo AC Seater Pushback 2+2,23:59,04:45,04h 46m,INR 524,37 Seats available,2.8,https://www.redbus.in/bus-tickets/kishangarh-to-jodhpur,Kishangarh to Jodhpur
Jain travels regd,NON AC Seater / Sleeper 2+1,23:50,05:00,05h 10m,INR 350,36 Seats available,"3.1
8",https://www.redbus.in/bus-tickets/kishangarh-to-jodhpur,Kishangarh to Jodhpur
Gajraj Travels,A/C Seater/Sleeper (2+1),04:44,09:23,04h 39m,INR 900,26 Seats available,4.4,https://www.redbus.in/bus-tickets/kishangarh-to-jodhpur,Kishangarh to Jodhpur
Bluecity Bus,Bharat Benz A/C Sleeper (2+1),04:15,09:15,05h 00m,INR 1000,24 Seats available,4.3,https://www.redbus.in/bus-tickets/kishangarh-to-jodhpur,Kishangarh to Jodhpur
M R Travels,A/C Volvo B11R Multi-Axle Sleeper (2+1),04:15,09:00,04h 45m,INR 599,28 Seats available,3.8,https://www.redbus.in/bus-tickets/kishangarh-to-jodhpur,Kishangarh to Jodhpur
Chanakya Travels Agency,NON A/C Seater/ Sleeper (2+1),04:00,08:45,04h 45m,INR 650,40 Seats available,3.7,https://www.redbus.in/bus-tickets/kishangarh-to-jodhpur,Kishangarh to Jodhpur
RSRTC - 187143,NON AC Seater / Sleeper 2+1,00:20,06:00,05h 40m,INR 350,24 Seats available,"4.8
13",https://www.redbus.in/bus-tickets/jaipur-to-bhilwara,Jaipur (Rajasthan) to Bhilwara
RSRTC - 192786,Express Non AC Seater 2+3,04:15,10:45,06h 30m,INR 258,42 Seats available,3.8,https://www.redbus.in/bus-tickets/jaipur-to-bhilwara,Jaipur (Rajasthan) to Bhilwara
RSRTC - 146537,Express Non AC Seater 2+3,06:00,13:30,07h 30m,INR 268,42 Seats available,3.8,https://www.redbus.in/bus-tickets/jaipur-to-bhilwara,Jaipur (Rajasthan) to Bhilwara
RSRTC - 192790,Express Non AC Seater 2+3,07:00,12:00,05h 00m,INR 268,42 Seats available,3.8,https://www.redbus.in/bus-tickets/jaipur-to-bhilwara,Jaipur (Rajasthan) to Bhilwara
RSRTC - 150376,Express Non AC Seater 2+3,07:15,14:30,07h 15m,INR 265,42 Seats available,3.8,https://www.redbus.in/bus-tickets/jaipur-to-bhilwara,Jaipur (Rajasthan) to Bhilwara
RSRTC - 182784,Express Non AC Seater 2+3,07:30,12:30,05h 00m,INR 269,42 Seats available,3.8,https://www.redbus.in/bus-tickets/jaipur-to-bhilwara,Jaipur (Rajasthan) to Bhilwara
RSRTC - 176887,Express Non AC Seater 2+3,08:15,16:55,08h 40m,INR 274,42 Seats available,3.8,https://www.redbus.in/bus-tickets/jaipur-to-bhilwara,Jaipur (Rajasthan) to Bhilwara
RSRTC - 184019,Express Non AC Seater 2+3,08:30,13:30,05h 00m,INR 268,42 Seats available,3.8,https://www.redbus.in/bus-tickets/jaipur-to-bhilwara,Jaipur (Rajasthan) to Bhilwara
RSRTC - 150128,Express Non AC Seater 2+3,08:45,16:00,07h 15m,INR 268,42 Seats available,3.8,https://www.redbus.in/bus-tickets/jaipur-to-bhilwara,Jaipur (Rajasthan) to Bhilwara
RSRTC - 192798,Express Non AC Seater 2+3,09:30,14:30,05h 00m,INR 268,42 Seats available,3.8,https://www.redbus.in/bus-tickets/jaipur-to-bhilwara,Jaipur (Rajasthan) to Bhilwara
RSRTC - 149052,Express Non AC Seater 2+3,10:00,17:30,07h 30m,INR 265,42 Seats available,3.8,https://www.redbus.in/bus-tickets/jaipur-to-bhilwara,Jaipur (Rajasthan) to Bhilwara
RSRTC - 171502,Express Non AC Seater 2+3,10:30,18:03,07h 33m,INR 265,42 Seats available,3.8,https://www.redbus.in/bus-tickets/jaipur-to-bhilwara,Jaipur (Rajasthan) to Bhilwara
RSRTC - 144680,Super Luxury Volvo AC Seater Pushback 2+2,11:00,16:20,05h 20m,INR 585,37 Seats available,"4.0
66",https://www.redbus.in/bus-tickets/jaipur-to-bhilwara,Jaipur (Rajasthan) to Bhilwara
RSRTC - 163943,Express Non AC Seater 2+3,11:15,17:45,06h 30m,INR 265,42 Seats available,3.8,https://www.redbus.in/bus-tickets/jaipur-to-bhilwara,Jaipur (Rajasthan) to Bhilwara
RSRTC - 192294,Semi Deluxe Non AC Seater 2+2,11:45,17:30,05h 45m,INR 292,35 Seats available,3.8,https://www.redbus.in/bus-tickets/jaipur-to-bhilwara,Jaipur (Rajasthan) to Bhilwara
RSRTC - 159772,Express Non AC Seater 2+3,12:15,19:15,07h 00m,INR 265,42 Seats available,3.8,https://www.redbus.in/bus-tickets/jaipur-to-bhilwara,Jaipur (Rajasthan) to Bhilwara
RSRTC - 191654,Express Non AC Seater 2+3,12:30,17:15,04h 45m,INR 272,42 Seats available,3.8,https://www.redbus.in/bus-tickets/jaipur-to-bhilwara,Jaipur (Rajasthan) to Bhilwara
RSRTC - 192846,Express Non AC Seater 2+3,13:00,18:00,05h 00m,INR 268,42 Seats available,3.8,https://www.redbus.in/bus-tickets/jaipur-to-bhilwara,Jaipur (Rajasthan) to Bhilwara
RSRTC - 163262,Express Non AC Seater 2+3,13:15,19:45,06h 30m,INR 265,42 Seats available,3.8,https://www.redbus.in/bus-tickets/jaipur-to-bhilwara,Jaipur (Rajasthan) to Bhilwara
RSRTC - 194095,Semi Deluxe Non AC Seater 2+2,13:30,18:30,05h 00m,INR 292,35 Seats available,3.8,https://www.redbus.in/bus-tickets/jaipur-to-bhilwara,Jaipur (Rajasthan) to Bhilwara
RSRTC - 166094,Express Non AC Seater 2+3,14:00,19:15,05h 15m,INR 268,42 Seats available,3.8,https://www.redbus.in/bus-tickets/jaipur-to-bhilwara,Jaipur (Rajasthan) to Bhilwara
RSRTC - 193234,Express Non AC Seater 2+3,15:31,20:35,05h 04m,INR 268,42 Seats available,3.8,https://www.redbus.in/bus-tickets/jaipur-to-bhilwara,Jaipur (Rajasthan) to Bhilwara
RSRTC - 191860,Express Non AC Seater 2+3,16:45,23:00,06h 15m,INR 287,42 Seats available,3.8,https://www.redbus.in/bus-tickets/jaipur-to-bhilwara,Jaipur (Rajasthan) to Bhilwara
RSRTC - 191266,NON AC Seater / Sleeper 2+1,18:05,23:40,05h 35m,INR 365,37 Seats available,3.8,https://www.redbus.in/bus-tickets/jaipur-to-bhilwara,Jaipur (Rajasthan) to Bhilwara
RSRTC - 193248,Semi Deluxe Non AC Seater 2+2,20:15,02:00,05h 45m,INR 313,35 Seats available,3.8,https://www.redbus.in/bus-tickets/jaipur-to-bhilwara,Jaipur (Rajasthan) to Bhilwara
Shrinath® Travel Agency Pvt. Ltd.,Volvo Multi Axle B9R A/C Sleeper (2+1),17:30,22:20,04h 50m,INR 1000,26 Seats available,"3.5
66",https://www.redbus.in/bus-tickets/jaipur-to-bhilwara,Jaipur (Rajasthan) to Bhilwara
Ashok Travels Mandsaur Group,Volvo 9600 Multi-Axle A/C Sleeper (2+1),23:50,04:15,04h 25m,910,33 Seats available,"4.5
22",https://www.redbus.in/bus-tickets/jaipur-to-bhilwara,Jaipur (Rajasthan) to Bhilwara
Shrinath® Travel Agency Pvt. Ltd.,Volvo Multi Axle B9R A/C Sleeper (2+1),23:45,03:30,03h 45m,INR 900,35 Seats available,"5.0
5",https://www.redbus.in/bus-tickets/jaipur-to-bhilwara,Jaipur (Rajasthan) to Bhilwara
Vijay Tour and Travels,Bharat Benz A/C Seater / Sleeper (2+2),02:30,07:20,04h 50m,739,22 Seats available,"4.2
11",https://www.redbus.in/bus-tickets/jaipur-to-bhilwara,Jaipur (Rajasthan) to Bhilwara
Neeraj travels,A/C Seater / Sleeper (2+1),23:20,04:25,05h 05m,475,17 Seats available,"3.3
24",https://www.redbus.in/bus-tickets/jaipur-to-bhilwara,Jaipur (Rajasthan) to Bhilwara
RSRTC - 180764,Semi Deluxe Non AC Seater 2+2,05:00,11:30,06h 30m,INR 333,30 Seats available,"2.9
12",https://www.redbus.in/bus-tickets/kota-rajasthan-to-udaipur,Kota(Rajasthan) to Udaipur
RSRTC - 173111,Express Non AC Seater 2+3,07:15,14:20,07h 05m,INR 313,41 Seats available,3.4,https://www.redbus.in/bus-tickets/kota-rajasthan-to-udaipur,Kota(Rajasthan) to Udaipur
RSRTC - 167853,Express Non AC Seater 2+3,08:15,14:30,06h 15m,INR 306,39 Seats available,"3.4
15",https://www.redbus.in/bus-tickets/kota-rajasthan-to-udaipur,Kota(Rajasthan) to Udaipur
RSRTC - 165974,Express Non AC Seater 2+3,11:30,17:45,06h 15m,INR 306,41 Seats available,"2.4
20",https://www.redbus.in/bus-tickets/kota-rajasthan-to-udaipur,Kota(Rajasthan) to Udaipur
RSRTC - 166880,Express Non AC Seater 2+3,12:45,19:15,06h 30m,INR 306,41 Seats available,"2.7
8",https://www.redbus.in/bus-tickets/kota-rajasthan-to-udaipur,Kota(Rajasthan) to Udaipur
RSRTC - 180763,Semi Deluxe Non AC Seater 2+2,14:15,20:45,06h 30m,INR 333,35 Seats available,"2.5
17",https://www.redbus.in/bus-tickets/kota-rajasthan-to-udaipur,Kota(Rajasthan) to Udaipur
RSRTC - 159864,NON AC Seater / Sleeper 2+1,15:15,22:00,06h 45m,INR 380,21 Seats available,"4.0
35",https://www.redbus.in/bus-tickets/kota-rajasthan-to-udaipur,Kota(Rajasthan) to Udaipur
Paras Travels,A/C Seater / Sleeper (2+1),22:30,05:00,06h 30m,362,16 Seats available,"3.9
283",https://www.redbus.in/bus-tickets/kota-rajasthan-to-udaipur,Kota(Rajasthan) to Udaipur
Jai Shrinath Ji Ki ® Travels,Non A/C Seater / Sleeper (2+1),22:00,05:00,07h 00m,INR 350,28 Seats available,"3.7
205",https://www.redbus.in/bus-tickets/kota-rajasthan-to-udaipur,Kota(Rajasthan) to Udaipur
Radhey Travels,Non A/C Seater / Sleeper (2+1),22:45,05:30,06h 45m,INR 350,32 Seats available,"3.5
84",https://www.redbus.in/bus-tickets/kota-rajasthan-to-udaipur,Kota(Rajasthan) to Udaipur
AdNavrang Travels,A/C Seater / Sleeper (2+1),20:15,01:40,05h 25m,INR 800,23 Seats available,"3.7
27",https://www.redbus.in/bus-tickets/kota-rajasthan-to-udaipur,Kota(Rajasthan) to Udaipur
Babu Travels,NON A/C Sleeper (2+1),22:30,05:15,06h 45m,INR 450,22 Seats available,"3.8
115",https://www.redbus.in/bus-tickets/kota-rajasthan-to-udaipur,Kota(Rajasthan) to Udaipur
M R Travels,A/C Seater / Sleeper (2+1),22:50,05:15,06h 25m,INR 400,24 Seats available,"2.9
209",https://www.redbus.in/bus-tickets/kota-rajasthan-to-udaipur,Kota(Rajasthan) to Udaipur
Jakhar Travels,A/C Seater / Sleeper (2+1),17:15,22:20,05h 05m,INR 476,13 Seats available,"2.3
132",https://www.redbus.in/bus-tickets/kota-rajasthan-to-udaipur,Kota(Rajasthan) to Udaipur
Jakhar Travels,NON A/C Seater/ Sleeper (2+1),22:00,05:00,07h 00m,INR 333,23 Seats available,"3.5
118",https://www.redbus.in/bus-tickets/kota-rajasthan-to-udaipur,Kota(Rajasthan) to Udaipur
Babu Travels,Bharat Benz A/C Sleeper (2+1),20:30,01:45,05h 15m,INR 1099,4 Seats available,"2.5
9",https://www.redbus.in/bus-tickets/kota-rajasthan-to-udaipur,Kota(Rajasthan) to Udaipur
Jai Shrinath Ji Ki ® Travels,NON A/C Sleeper (2+1),20:45,01:30,04h 45m,INR 1000,16 Seats available,"2.2
4",https://www.redbus.in/bus-tickets/kota-rajasthan-to-udaipur,Kota(Rajasthan) to Udaipur
RSRTC - 168780,Express Non AC Seater 2+3,04:30,10:15,05h 45m,INR 263,42 Seats available,4.2,https://www.redbus.in/bus-tickets/jaipur-to-pilani,Jaipur (Rajasthan) to Pilani
RSRTC - 168788,Express Non AC Seater 2+3,06:20,12:30,06h 10m,INR 263,42 Seats available,4.2,https://www.redbus.in/bus-tickets/jaipur-to-pilani,Jaipur (Rajasthan) to Pilani
RSRTC - 188384,Express Non AC Seater 2+3,06:25,12:00,05h 35m,INR 263,42 Seats available,4.2,https://www.redbus.in/bus-tickets/jaipur-to-pilani,Jaipur (Rajasthan) to Pilani
RSRTC - 189326,Express Non AC Seater 2+3,07:10,12:30,05h 20m,INR 263,42 Seats available,4.2,https://www.redbus.in/bus-tickets/jaipur-to-pilani,Jaipur (Rajasthan) to Pilani
RSRTC - 168795,Express Non AC Seater 2+3,07:35,13:15,05h 40m,INR 263,42 Seats available,4.2,https://www.redbus.in/bus-tickets/jaipur-to-pilani,Jaipur (Rajasthan) to Pilani
RSRTC - 168754,Express Non AC Seater 2+3,09:45,15:45,06h 00m,INR 263,42 Seats available,4.2,https://www.redbus.in/bus-tickets/jaipur-to-pilani,Jaipur (Rajasthan) to Pilani
RSRTC - 168784,Express Non AC Seater 2+3,11:00,17:00,06h 00m,INR 263,42 Seats available,4.2,https://www.redbus.in/bus-tickets/jaipur-to-pilani,Jaipur (Rajasthan) to Pilani
RSRTC - 193896,Express Non AC Seater 2+3,14:15,19:30,05h 15m,INR 263,42 Seats available,4.2,https://www.redbus.in/bus-tickets/jaipur-to-pilani,Jaipur (Rajasthan) to Pilani
RSRTC - 168828,Express Non AC Seater 2+3,15:45,21:40,05h 55m,INR 263,42 Seats available,4.2,https://www.redbus.in/bus-tickets/jaipur-to-pilani,Jaipur (Rajasthan) to Pilani
RSRTC - 173068,Super Luxury Volvo AC Seater Pushback 2+2,16:40,21:10,04h 30m,INR 440,31 Seats available,"4.0
81",https://www.redbus.in/bus-tickets/jaipur-to-pilani,Jaipur (Rajasthan) to Pilani
RSRTC - 154392,Express Non AC Seater 2+3,21:30,03:00,05h 30m,INR 263,42 Seats available,4.2,https://www.redbus.in/bus-tickets/jaipur-to-pilani,Jaipur (Rajasthan) to Pilani
Dashmesh Travels,A/C Seater / Sleeper (2+1),03:00,07:10,04h 10m,380,32 Seats available,3.5,https://www.redbus.in/bus-tickets/jaipur-to-pilani,Jaipur (Rajasthan) to Pilani
Gajraj bus service,Bharat Benz A/C Seater /Sleeper (2+1),03:35,08:35,05h 00m,INR 499,11 Seats available,3.2,https://www.redbus.in/bus-tickets/jaipur-to-pilani,Jaipur (Rajasthan) to Pilani
Vijay Tour and Travels,Bharat Benz A/C Seater /Sleeper (2+1),04:20,09:20,05h 00m,370,18 Seats available,3.5,https://www.redbus.in/bus-tickets/jaipur-to-pilani,Jaipur (Rajasthan) to Pilani
Amit Travels,Bharat Benz A/C Seater (2+2),06:25,11:50,05h 25m,INR 349,40 Seats available,"3.5
7",https://www.redbus.in/bus-tickets/jaipur-to-pilani,Jaipur (Rajasthan) to Pilani
Vijay Tour and Travels,Bharat Benz A/C Seater (2+2),12:30,18:00,05h 30m,INR 300,45 Seats available,3.5,https://www.redbus.in/bus-tickets/jaipur-to-pilani,Jaipur (Rajasthan) to Pilani
Devraj Travels,Bharat Benz A/C Seater (2+2),12:40,18:30,05h 50m,INR 300,42 Seats available,4.2,https://www.redbus.in/bus-tickets/jaipur-to-pilani,Jaipur (Rajasthan) to Pilani
Garhwal Travels,A/C Seater / Sleeper (2+1),16:30,22:20,05h 50m,INR 499,38 Seats available,3.1,https://www.redbus.in/bus-tickets/jaipur-to-pilani,Jaipur (Rajasthan) to Pilani
Gajraj bus service,Bharat Benz A/C Seater /Sleeper (2+1),17:30,22:15,04h 45m,INR 499,38 Seats available,"4.1
6",https://www.redbus.in/bus-tickets/jaipur-to-pilani,Jaipur (Rajasthan) to Pilani
Devraj Travels,A/C Seater / Sleeper (2+1),18:15,23:05,04h 50m,INR 450,38 Seats available,"4.5
9",https://www.redbus.in/bus-tickets/jaipur-to-pilani,Jaipur (Rajasthan) to Pilani
Vijay Tour and Travels,A/C Seater / Sleeper (2+1),18:30,23:50,05h 20m,INR 400,40 Seats available,3.5,https://www.redbus.in/bus-tickets/jaipur-to-pilani,Jaipur (Rajasthan) to Pilani
RSRTC - 193804,Semi Deluxe Non AC Seater 2+2,00:30,05:30,05h 00m,INR 298,33 Seats available,3.6,https://www.redbus.in/bus-tickets/jaipur-to-mathura,Jaipur (Rajasthan) to Mathura
RSRTC - 182569,Express Non AC Seater 2+3,05:30,10:40,05h 10m,INR 270,42 Seats available,"3.7
10",https://www.redbus.in/bus-tickets/jaipur-to-mathura,Jaipur (Rajasthan) to Mathura
RSRTC - 193795,NON AC Seater / Sleeper 2+1,06:50,12:15,05h 25m,INR 351,37 Seats available,3.6,https://www.redbus.in/bus-tickets/jaipur-to-mathura,Jaipur (Rajasthan) to Mathura
RSRTC - 193591,NON AC Seater / Sleeper 2+1,07:50,13:15,05h 25m,INR 351,35 Seats available,3.6,https://www.redbus.in/bus-tickets/jaipur-to-mathura,Jaipur (Rajasthan) to Mathura
RSRTC - 183714,Express Non AC Seater 2+3,08:50,14:25,05h 35m,INR 269,46 Seats available,"3.1
9",https://www.redbus.in/bus-tickets/jaipur-to-mathura,Jaipur (Rajasthan) to Mathura
RSRTC - 168941,Express Non AC Seater 2+3,09:45,15:50,06h 05m,INR 270,42 Seats available,"2.8
7",https://www.redbus.in/bus-tickets/jaipur-to-mathura,Jaipur (Rajasthan) to Mathura
RSRTC - 184103,Express Non AC Seater 2+3,13:10,18:10,05h 00m,INR 269,42 Seats available,3.6,https://www.redbus.in/bus-tickets/jaipur-to-mathura,Jaipur (Rajasthan) to Mathura
RSRTC - 190552,Express Non AC Seater 2+3,15:30,20:25,04h 55m,INR 270,42 Seats available,"2.3
10",https://www.redbus.in/bus-tickets/jaipur-to-mathura,Jaipur (Rajasthan) to Mathura
RSRTC - 175161,Express Non AC Seater 2+3,18:15,00:00,05h 45m,INR 270,42 Seats available,3.6,https://www.redbus.in/bus-tickets/jaipur-to-mathura,Jaipur (Rajasthan) to Mathura
RSRTC - 193797,NON AC Seater / Sleeper 2+1,22:01,02:55,04h 54m,INR 351,37 Seats available,3.6,https://www.redbus.in/bus-tickets/jaipur-to-mathura,Jaipur (Rajasthan) to Mathura
RSRTC - 183063,Express Non AC Seater 2+3,22:20,03:20,05h 00m,INR 270,42 Seats available,"2.3
10",https://www.redbus.in/bus-tickets/jaipur-to-mathura,Jaipur (Rajasthan) to Mathura
RSRTC - 189082,Super Luxury Volvo AC Seater Pushback 2+2,23:00,04:00,05h 00m,INR 438,28 Seats available,"3.8
57",https://www.redbus.in/bus-tickets/jaipur-to-mathura,Jaipur (Rajasthan) to Mathura
Gorsiya Travels,Bharat Benz A/C Seater /Sleeper (2+1),03:46,08:55,05h 09m,INR 700,18 Seats available,"1.7
4",https://www.redbus.in/bus-tickets/jaipur-to-mathura,Jaipur (Rajasthan) to Mathura
RR Travels,A/C Seater / Sleeper (2+1),03:55,09:20,05h 25m,INR 550,31 Seats available,2.1,https://www.redbus.in/bus-tickets/jaipur-to-mathura,Jaipur (Rajasthan) to Mathura
Jay Bajrang Travels,A/C Seater/Sleeper (2+1),05:01,09:30,04h 29m,INR 523.81,31 Seats available,"1.3
23",https://www.redbus.in/bus-tickets/jaipur-to-mathura,Jaipur (Rajasthan) to Mathura
janta shatabdi travels,A/C Sleeper (2+1),14:30,20:30,06h 00m,664,36 Seats available,1.4,https://www.redbus.in/bus-tickets/jaipur-to-mathura,Jaipur (Rajasthan) to Mathura
GV Tours,A/C Seater/Sleeper (2+1),16:00,20:50,04h 50m,475,39 Seats available,"2.9
54",https://www.redbus.in/bus-tickets/jaipur-to-mathura,Jaipur (Rajasthan) to Mathura
RSRTC - 193699,Express Non AC Seater 2+3,04:45,08:15,03h 30m,INR 250,42 Seats available,4.4,https://www.redbus.in/bus-tickets/bikaner-to-sikar,Bikaner to Sikar
RSRTC - 191327,Super Luxury Volvo AC Seater Pushback 2+2,05:30,09:00,03h 30m,INR 421,37 Seats available,"4.7
13",https://www.redbus.in/bus-tickets/bikaner-to-sikar,Bikaner to Sikar
RSRTC - 193413,Express Non AC Seater 2+3,06:10,12:30,06h 20m,INR 252,42 Seats available,4.4,https://www.redbus.in/bus-tickets/bikaner-to-sikar,Bikaner to Sikar
RSRTC - 192419,Express Non AC Seater 2+3,08:00,12:45,04h 45m,INR 250,42 Seats available,4.4,https://www.redbus.in/bus-tickets/bikaner-to-sikar,Bikaner to Sikar
RSRTC - 188889,Express Non AC Seater 2+3,09:15,14:00,04h 45m,INR 250,42 Seats available,4.4,https://www.redbus.in/bus-tickets/bikaner-to-sikar,Bikaner to Sikar
RSRTC - 146127,Express Non AC Seater 2+3,10:15,15:00,04h 45m,INR 250,42 Seats available,4.4,https://www.redbus.in/bus-tickets/bikaner-to-sikar,Bikaner to Sikar
RSRTC - 159380,Express Non AC Seater 2+3,10:45,15:25,04h 40m,INR 250,42 Seats available,4.4,https://www.redbus.in/bus-tickets/bikaner-to-sikar,Bikaner to Sikar
RSRTC - 193857,Express Non AC Seater 2+3,12:40,17:30,04h 50m,INR 250,42 Seats available,4.4,https://www.redbus.in/bus-tickets/bikaner-to-sikar,Bikaner to Sikar
RSRTC - 193696,Deluxe AC Seater 2+2,13:45,17:30,03h 45m,INR 446,36 Seats available,4.4,https://www.redbus.in/bus-tickets/bikaner-to-sikar,Bikaner to Sikar
RSRTC - 193580,Express Non AC Seater 2+3,14:30,19:20,04h 50m,INR 250,42 Seats available,4.4,https://www.redbus.in/bus-tickets/bikaner-to-sikar,Bikaner to Sikar
RSRTC - 173598,Super Luxury Volvo AC Seater Pushback 2+2,16:31,19:45,03h 14m,INR 421,37 Seats available,"4.4
65",https://www.redbus.in/bus-tickets/bikaner-to-sikar,Bikaner to Sikar
RSRTC - 193272,Express Non AC Seater 2+3,17:00,22:00,05h 00m,INR 240,42 Seats available,4.4,https://www.redbus.in/bus-tickets/bikaner-to-sikar,Bikaner to Sikar
RSRTC - 182762,Express Non AC Seater 2+3,21:55,02:45,04h 50m,INR 231,42 Seats available,4.4,https://www.redbus.in/bus-tickets/bikaner-to-sikar,Bikaner to Sikar
Milan Travels,Bharat Benz A/C Seater /Sleeper (2+1),05:00,08:30,03h 30m,INR 476,26 Seats available,"3.9
29",https://www.redbus.in/bus-tickets/bikaner-to-sikar,Bikaner to Sikar
RATHORE TRAVELS AGENCY,A/C Semi Sleeper (2+2),05:00,08:10,03h 10m,INR 450,37 Seats available,"3.5
5",https://www.redbus.in/bus-tickets/bikaner-to-sikar,Bikaner to Sikar
New Deep Travels,Volvo Multi-Axle I-Shift A/C Semi Sleeper (2+2),06:00,09:10,03h 10m,INR 666.67,34 Seats available,"5.0
8",https://www.redbus.in/bus-tickets/bikaner-to-sikar,Bikaner to Sikar
Milan Travels,A/C Seater / Sleeper (2+1),08:10,11:26,03h 16m,INR 475,31 Seats available,"4.1
32",https://www.redbus.in/bus-tickets/bikaner-to-sikar,Bikaner to Sikar
Amar Travels,A/C Seater / Sleeper (2+1),08:40,12:40,04h 00m,INR 429,43 Seats available,3.7,https://www.redbus.in/bus-tickets/bikaner-to-sikar,Bikaner to Sikar
