Bus_name,Bus_type,Start_time,End_time,Total_duration,Price,Seats_Available,Ratings,Route_link,Route_name
Kadamba Transport Corporation Limited (KTCL) - 6237,Non AC Seater 2+2,18:30,05:00,10h 30m,INR 600,30 Seats available,"4.4
84",https://www.redbus.in/bus-tickets/pune-to-goa,Pune to Goa
Kadamba Transport Corporation Limited (KTCL) - 89821,A/C Sleeper (2+1),19:00,05:50,10h 50m,INR 900,14 Seats available,"3.7
338",https://www.redbus.in/bus-tickets/pune-to-goa,Pune to Goa
Ashray Travels,Bharat Benz A/C Sleeper (2+1),18:05,08:30,14h 25m,INR 555,17 Seats available,"4.5
543",https://www.redbus.in/bus-tickets/pune-to-goa,Pune to Goa
Ashray Amrutyog,A/C Sleeper (2+1),20:15,09:30,13h 15m,INR 555,15 Seats available,"4.4
573",https://www.redbus.in/bus-tickets/pune-to-goa,Pune to Goa
Zingbus Plus,VE A/C Sleeper (2+1),22:55,11:10,12h 15m,537,20 Seats available,"4.4
338",https://www.redbus.in/bus-tickets/pune-to-goa,Pune to Goa
AdIntrCity SmartBus,Bharat Benz A/C Sleeper (2+1),21:45,08:45,11h 00m,INR 599,17 Seats available,"4.2
175",https://www.redbus.in/bus-tickets/pune-to-goa,Pune to Goa
Ashray Grand,Volvo Multi-Axle A/C Sleeper (2+1),21:15,09:30,12h 15m,INR 850,22 Seats available,"4.2
532",https://www.redbus.in/bus-tickets/pune-to-goa,Pune to Goa
Ashray Travels,Non A/C Seater / Sleeper (2+1),19:25,07:45,12h 20m,INR 399,33 Seats available,"4.2
254",https://www.redbus.in/bus-tickets/pune-to-goa,Pune to Goa
IntrCity SmartBus,Bharat Benz A/C Sleeper (2+1),20:45,08:45,12h 00m,INR 599,20 Seats available,"4.1
431",https://www.redbus.in/bus-tickets/pune-to-goa,Pune to Goa
AdGogte Anand Travels,Volvo Multi-Axle I-Shift A/C Sleeper (2+1),19:30,07:55,12h 25m,629,20 Seats available,3.8,https://www.redbus.in/bus-tickets/pune-to-goa,Pune to Goa
Laxmi-Princess Nova,Non A/C Seater / Sleeper (2+1),18:30,07:15,12h 45m,INR 350,21 Seats available,"4.1
197",https://www.redbus.in/bus-tickets/pune-to-goa,Pune to Goa
IntrCity SmartBus,AC Sleeper (2+1),20:45,08:20,11h 35m,INR 611,15 Seats available,"4.0
288",https://www.redbus.in/bus-tickets/pune-to-goa,Pune to Goa
Prasanna - Purple Bus,VE A/C Sleeper (2+1),20:55,09:30,12h 35m,828,24 Seats available,"4.1
88",https://www.redbus.in/bus-tickets/pune-to-goa,Pune to Goa
IntrCity SmartBus,AC Sleeper (2+1),21:45,09:10,11h 25m,INR 699,14 Seats available,"4.0
97",https://www.redbus.in/bus-tickets/pune-to-goa,Pune to Goa
Rajdhani Travels Corporation,VE A/C Sleeper (2+1),22:45,09:35,10h 50m,INR 799,13 Seats available,"4.2
60",https://www.redbus.in/bus-tickets/pune-to-goa,Pune to Goa
KVT Narmada Benz,Bharat Benz A/C Sleeper (2+1),19:30,08:00,12h 30m,INR 600,24 Seats available,"4.0
16",https://www.redbus.in/bus-tickets/pune-to-goa,Pune to Goa
Atmaram Gobus,VE A/C Sleeper (2+1),20:00,08:45,12h 45m,INR 701,4 Seats available,"4.5
473",https://www.redbus.in/bus-tickets/pune-to-goa,Pune to Goa
Kadamba Transport Corporation Limited (KTCL) - 6032,Non AC Seater 2+2,18:00,02:30,08h 30m,INR 450,34 Seats available,"4.2
24",https://www.redbus.in/bus-tickets/goa-to-kolhapur-maharashtra,Goa to Kolhapur(Maharashtra)
Kadamba Transport Corporation Limited (KTCL) - 60996,Non AC Seater 2+2,19:00,02:30,07h 30m,INR 420,27 Seats available,"3.7
42",https://www.redbus.in/bus-tickets/goa-to-kolhapur-maharashtra,Goa to Kolhapur(Maharashtra)
Atmaram Travels (Dolphin),A/C Sleeper (2+1),17:28,21:45,04h 17m,INR 850,6 Seats available,"4.6
16",https://www.redbus.in/bus-tickets/goa-to-kolhapur-maharashtra,Goa to Kolhapur(Maharashtra)
Atmaram Travels (Dolphin),A/C Sleeper (2+1),17:30,23:40,06h 10m,INR 650,18 Seats available,"3.3
20",https://www.redbus.in/bus-tickets/goa-to-kolhapur-maharashtra,Goa to Kolhapur(Maharashtra)
Zingbus Plus,Bharat Benz A/C Sleeper (2+1),18:10,00:15,06h 05m,793,1 Seat available,"4.5
39",https://www.redbus.in/bus-tickets/goa-to-kolhapur-maharashtra,Goa to Kolhapur(Maharashtra)
Atmaram Travels(GTA),A/C Sleeper (2+1),19:00,01:45,06h 45m,INR 555,11 Seats available,"3.3
5",https://www.redbus.in/bus-tickets/goa-to-kolhapur-maharashtra,Goa to Kolhapur(Maharashtra)
Amrutyog Travels,A/C Sleeper (2+1),19:00,02:30,07h 30m,INR 333,24 Seats available,"4.5
10",https://www.redbus.in/bus-tickets/goa-to-kolhapur-maharashtra,Goa to Kolhapur(Maharashtra)
PSR Travels Goa,A/C Sleeper (2+1),19:15,01:15,06h 00m,INR 599,21 Seats available,3.7,https://www.redbus.in/bus-tickets/goa-to-kolhapur-maharashtra,Goa to Kolhapur(Maharashtra)
Laxmi Queen Prime,A/C Sleeper (2+1),19:30,01:30,06h 00m,INR 699,11 Seats available,3.8,https://www.redbus.in/bus-tickets/goa-to-kolhapur-maharashtra,Goa to Kolhapur(Maharashtra)
Zingbus Plus,VE A/C Sleeper (2+1),19:40,01:45,06h 05m,751,14 Seats available,"4.9
22",https://www.redbus.in/bus-tickets/goa-to-kolhapur-maharashtra,Goa to Kolhapur(Maharashtra)
Zingbus Plus,VE A/C Sleeper (2+1),21:05,02:45,05h 40m,688,19 Seats available,"4.8
15",https://www.redbus.in/bus-tickets/goa-to-kolhapur-maharashtra,Goa to Kolhapur(Maharashtra)
Laxmi Empress Stellar,NON A/C Sleeper (2+1),19:45,01:45,06h 00m,INR 660,6 Seats available,3.8,https://www.redbus.in/bus-tickets/goa-to-kolhapur-maharashtra,Goa to Kolhapur(Maharashtra)
Vaibhav Travels,A/C Sleeper (2+1),20:00,06:12,10h 12m,INR 500,10 Seats available,"3.8
204",https://www.redbus.in/bus-tickets/goa-to-kolhapur-maharashtra,Goa to Kolhapur(Maharashtra)
Ashray Travels,Non A/C Seater / Sleeper (2+1),20:00,01:30,05h 30m,INR 349,32 Seats available,"3.3
24",https://www.redbus.in/bus-tickets/goa-to-kolhapur-maharashtra,Goa to Kolhapur(Maharashtra)
Atmaram Travels (Shreyas),Bharat Benz A/C Sleeper (2+1),20:03,02:03,06h 00m,INR 450,11 Seats available,4.0,https://www.redbus.in/bus-tickets/goa-to-kolhapur-maharashtra,Goa to Kolhapur(Maharashtra)
Atmaram Travels (Shreyas),NON A/C Sleeper (2+1),20:30,02:30,06h 00m,INR 404,17 Seats available,4.0,https://www.redbus.in/bus-tickets/goa-to-kolhapur-maharashtra,Goa to Kolhapur(Maharashtra)
Laxmi Queen Asta,A/C Sleeper (2+1),20:30,02:00,05h 30m,INR 699,14 Seats available,"4.9
6",https://www.redbus.in/bus-tickets/goa-to-kolhapur-maharashtra,Goa to Kolhapur(Maharashtra)
