Bus_name,Bus_type,Start_time,End_time,Total_duration,Price,Seats_Available,Ratings,Route_link,Route_name
SBSTC-DURGAPUR - KARUNAMOYEE - A/C - 15:10 (DGP DEPOT) - 1648,AC Seater (2+2),15:10,19:10,04h 00m,INR 300,28 Seats available,"3.0
158",https://www.redbus.in/bus-tickets/durgapur-to-kolkata,Durgapur (West Bengal) to Kolkata
SBSTC-BANKURA - KARUNAMOYEE - 14:15 (BNK DEPOT) - 241,Non AC Seater (2+3),16:00,20:00,04h 00m,INR 155,21 Seats available,"3.5
62",https://www.redbus.in/bus-tickets/durgapur-to-kolkata,Durgapur (West Bengal) to Kolkata
SBSTC-ASANSOL - KOLKATA - 15:05 (HWH DEPOT) - 210,Non AC Seater (2+3),16:15,19:45,03h 30m,INR 150,40 Seats available,"3.2
43",https://www.redbus.in/bus-tickets/durgapur-to-kolkata,Durgapur (West Bengal) to Kolkata
SBSTC-ASANSOL - KARUNAMOYEE - 15:10 (BEL DEPOT) - 216,Non AC Seater (2+3),16:20,20:20,04h 00m,INR 155,25 Seats available,"4.0
120",https://www.redbus.in/bus-tickets/durgapur-to-kolkata,Durgapur (West Bengal) to Kolkata
SBSTC-ASANSOL - KOLKATA - 15:35 (HOWRAH DEPOT) - 211,Non AC Seater (2+3),16:45,20:15,03h 30m,INR 150,51 Seats available,"2.2
33",https://www.redbus.in/bus-tickets/durgapur-to-kolkata,Durgapur (West Bengal) to Kolkata
SBSTC-BANKURA - KARUNAMOYEE - A/C - 15:15 - 1500,AC Seater (2+2),17:00,21:00,04h 00m,INR 300,14 Seats available,"2.2
96",https://www.redbus.in/bus-tickets/durgapur-to-kolkata,Durgapur (West Bengal) to Kolkata
SBSTC-ASANSOL - KARUNAMOYEE - 16:10 (BEL DEPOT) - 217,Non AC Seater (2+3),17:25,21:25,04h 00m,INR 155,38 Seats available,"3.7
75",https://www.redbus.in/bus-tickets/durgapur-to-kolkata,Durgapur (West Bengal) to Kolkata
SBSTC-ASANSOL - KOLKATA - 16:30 (HOWRAH DEPOT) - 752,Non AC Seater (2+3),17:40,21:10,03h 30m,INR 150,51 Seats available,"4.1
39",https://www.redbus.in/bus-tickets/durgapur-to-kolkata,Durgapur (West Bengal) to Kolkata
SBSTC-ASANSOL - KARUNAMOYEE - 16:40 (ASANSOL DEPOT) - 847,Non AC Seater (2+3),17:50,22:00,04h 10m,INR 155,49 Seats available,"3.9
73",https://www.redbus.in/bus-tickets/durgapur-to-kolkata,Durgapur (West Bengal) to Kolkata
Greenline,Volvo A/C Seater (2+2),14:50,18:50,04h 00m,INR 486,14 Seats available,"4.3
127",https://www.redbus.in/bus-tickets/durgapur-to-kolkata,Durgapur (West Bengal) to Kolkata
Express Line,Scania Multi-Axle AC Semi Sleeper (2+2),15:10,19:00,03h 50m,INR 486,16 Seats available,"4.6
299",https://www.redbus.in/bus-tickets/durgapur-to-kolkata,Durgapur (West Bengal) to Kolkata
Shyamoli Paribahan Pvt Ltd,Volvo A/C Seater (2+2),15:30,19:20,03h 50m,INR 486,20 Seats available,"4.4
190",https://www.redbus.in/bus-tickets/durgapur-to-kolkata,Durgapur (West Bengal) to Kolkata
Greenline (Karunamoyee),Volvo A/C B11R Multi Axle Semi Sleeper (2+2),15:30,19:30,04h 00m,INR 486,7 Seats available,"3.9
235",https://www.redbus.in/bus-tickets/durgapur-to-kolkata,Durgapur (West Bengal) to Kolkata
SHYAMOLI Pvt. Ltd.(Karunamoyee),Volvo A/C Seater (2+2),16:00,20:00,04h 00m,INR 486,24 Seats available,"4.4
361",https://www.redbus.in/bus-tickets/durgapur-to-kolkata,Durgapur (West Bengal) to Kolkata
WBTC (CTC) HABRA-DIGHA via Bally - 26|14:50,Non AC Seater (2+3),14:50,19:35,04h 45m,INR 161,9 Seats available,"3.9
44",https://www.redbus.in/bus-tickets/digha-to-barasat-west-bengal,Digha to Barasat (West Bengal)
WBTC (CTC) MADHYAMGRAM - DIGHA via Belghoria - 130|16:00,Non AC Seater (2+3),16:00,21:05,05h 05m,INR 161,29 Seats available,"2.5
23",https://www.redbus.in/bus-tickets/digha-to-barasat-west-bengal,Digha to Barasat (West Bengal)
Satya Paribahan,A/C Seater (2+3),23:00,05:10,06h 10m,INR 420,29 Seats available,"3.3
29",https://www.redbus.in/bus-tickets/digha-to-barasat-west-bengal,Digha to Barasat (West Bengal)
Snemita Paribahan (Shinjini),AC Seater (2+3),23:35,05:00,05h 25m,INR 470,22 Seats available,"3.1
19",https://www.redbus.in/bus-tickets/digha-to-barasat-west-bengal,Digha to Barasat (West Bengal)
Aradhana Bus Service,Non AC Seater (2+3),16:50,23:30,06h 40m,INR 350,29 Seats available,2.0,https://www.redbus.in/bus-tickets/digha-to-barasat-west-bengal,Digha to Barasat (West Bengal)
Aradhana Travels,A/C Seater / Sleeper (2+2),18:35,23:55,05h 20m,INR 500,14 Seats available,"1.2
11",https://www.redbus.in/bus-tickets/digha-to-barasat-west-bengal,Digha to Barasat (West Bengal)
Aradhana Bus Service,A/C Seater / Sleeper (2+2),23:00,04:30,05h 30m,INR 550,18 Seats available,"2.0
7",https://www.redbus.in/bus-tickets/digha-to-barasat-west-bengal,Digha to Barasat (West Bengal)
Arunita Paribahan,A/C Seater (2+3),23:35,05:00,05h 25m,INR 420,21 Seats available,2.8,https://www.redbus.in/bus-tickets/digha-to-barasat-west-bengal,Digha to Barasat (West Bengal)
WBTC (CTC) Belgachia - Digha via Esplanade - 51|14:45,Non AC Seater (2+3),14:45,20:10,05h 25m,INR 155,47 Seats available,3.4,https://www.redbus.in/bus-tickets/kolkata-to-digha,Kolkata to Digha
WBTC (CTC) Belgachia - Digha via Esplanade - 51|15:45,Non AC Seater (2+3),15:45,20:10,04h 25m,INR 145,47 Seats available,"3.5
18",https://www.redbus.in/bus-tickets/kolkata-to-digha,Kolkata to Digha
WBTC (CTC) Khidderpur - Digha - 97|16:00,Non AC Seater (2+3),16:00,21:00,05h 00m,INR 151,49 Seats available,3.4,https://www.redbus.in/bus-tickets/kolkata-to-digha,Kolkata to Digha
WBTC (CTC) Khidderpur - Digha - 97|16:45,Non AC Seater (2+3),16:45,21:00,04h 15m,INR 145,49 Seats available,"3.0
40",https://www.redbus.in/bus-tickets/kolkata-to-digha,Kolkata to Digha
Shyamoli Paribahan Pvt Ltd,VE A/C Seater (2+2),23:30,04:30,05h 00m,INR 400,33 Seats available,"4.4
337",https://www.redbus.in/bus-tickets/kolkata-to-digha,Kolkata to Digha
Express Line,Volvo 9600 A/C Seater (2+2),23:45,04:45,05h 00m,INR 449,30 Seats available,"4.4
295",https://www.redbus.in/bus-tickets/kolkata-to-digha,Kolkata to Digha
Maa Chandi Travels,A/C Seater / Sleeper (2+2),22:00,05:30,07h 30m,INR 300,37 Seats available,"4.3
170",https://www.redbus.in/bus-tickets/kolkata-to-digha,Kolkata to Digha
Sagufta Travels(Maa Chandi),A/C Seater / Sleeper (2+2),23:57,05:10,05h 13m,INR 365,24 Seats available,"4.3
83",https://www.redbus.in/bus-tickets/kolkata-to-digha,Kolkata to Digha
Maa Chandi Travels,A/C Seater / Sleeper (2+2),23:57,05:10,05h 13m,INR 300,35 Seats available,"4.3
55",https://www.redbus.in/bus-tickets/kolkata-to-digha,Kolkata to Digha
Sagufta Travels (Bhorpet Travels),AC Seater (2+2),23:55,04:35,04h 40m,INR 365,22 Seats available,"4.0
49",https://www.redbus.in/bus-tickets/kolkata-to-digha,Kolkata to Digha
Parameswar Travels,A/C Seater Push Back (2+3),23:45,05:00,05h 15m,INR 335,51 Seats available,"3.0
136",https://www.redbus.in/bus-tickets/kolkata-to-digha,Kolkata to Digha
Santosh Bus Service,A/C Seater Push Back (2+3),23:50,05:00,05h 10m,INR 350,23 Seats available,"4.0
37",https://www.redbus.in/bus-tickets/kolkata-to-digha,Kolkata to Digha
Parameswar Travels,A/C Seater Push Back (2+2),23:50,04:45,04h 55m,INR 270,26 Seats available,"3.3
68",https://www.redbus.in/bus-tickets/kolkata-to-digha,Kolkata to Digha
Sagufta Travels (Mayuri),A/C Seater (2+2),23:15,04:00,04h 45m,INR 365,11 Seats available,"4.8
15",https://www.redbus.in/bus-tickets/kolkata-to-digha,Kolkata to Digha
City Express (Shinjini),AC Seater (2+3),23:50,04:55,05h 05m,INR 320,35 Seats available,"3.0
73",https://www.redbus.in/bus-tickets/kolkata-to-digha,Kolkata to Digha
Sagufta Travels(Angel),A/C Seater (2+2),23:58,05:10,05h 12m,INR 315,20 Seats available,"3.6
29",https://www.redbus.in/bus-tickets/kolkata-to-digha,Kolkata to Digha
Sagufta Travels(Maa Chandi),A/C Seater / Sleeper (2+2),22:10,05:40,07h 30m,INR 365,34 Seats available,"4.2
16",https://www.redbus.in/bus-tickets/kolkata-to-digha,Kolkata to Digha
Snemita Parisheba(Samanta),AC Seater (2+3),18:00,22:25,04h 25m,INR 370,25 Seats available,"3.6
26",https://www.redbus.in/bus-tickets/kolkata-to-digha,Kolkata to Digha
Sagufta Travels (Atithi),A/C Seater Push Back (2+3),23:59,05:00,05h 01m,INR 315,41 Seats available,"3.3
35",https://www.redbus.in/bus-tickets/kolkata-to-digha,Kolkata to Digha
Parameswar Travels,A/C Seater Push Back (2+3),23:59,05:00,05h 01m,INR 270,49 Seats available,"2.7
128",https://www.redbus.in/bus-tickets/kolkata-to-digha,Kolkata to Digha
Mayuri Express,A/C Seater (2+3),18:20,22:50,04h 30m,INR 300,59 Seats available,"3.7
21",https://www.redbus.in/bus-tickets/kolkata-to-digha,Kolkata to Digha
Basu Travels,A/C Seater Push Back (2+3),23:30,04:30,05h 00m,INR 259,19 Seats available,"3.8
18",https://www.redbus.in/bus-tickets/kolkata-to-digha,Kolkata to Digha
Snemita Paribahan (Bhorpet),AC Seater (2+2),23:55,04:45,04h 50m,INR 370,25 Seats available,"3.6
17",https://www.redbus.in/bus-tickets/kolkata-to-digha,Kolkata to Digha
Tara Ma Paribahan,Non AC Seater (2+3),14:30,19:30,05h 00m,INR 220,54 Seats available,New,https://www.redbus.in/bus-tickets/kolkata-to-digha,Kolkata to Digha
WBTC (CTC) SHYAMBAZAR - DIGHA VIA- ESPLANADE (AC-VOLVO) - 52|14:46,Volvo AC Seater (2+2),14:46,19:31,04h 45m,INR 370,2 Seats available,"4.0
47",https://www.redbus.in/bus-tickets/digha-to-kolkata,Digha to Kolkata
WBTC (CTC) HABRA-DIGHA via Bally - 26|14:50,Non AC Seater (2+3),14:50,19:05,04h 15m,INR 146,9 Seats available,"3.9
16",https://www.redbus.in/bus-tickets/digha-to-kolkata,Digha to Kolkata
WBTC (CTC) Khidderpur - Digha - 97|15:00,Non AC Seater (2+3),15:00,20:00,05h 00m,INR 151,41 Seats available,3.7,https://www.redbus.in/bus-tickets/digha-to-kolkata,Digha to Kolkata
WBTC (CTC) Joka - Tollygunge - Digha - 99|15:30,Non AC Seater (2+3),15:30,19:45,04h 15m,INR 145,31 Seats available,3.7,https://www.redbus.in/bus-tickets/digha-to-kolkata,Digha to Kolkata
WBTC (CTC) MADHYAMGRAM - DIGHA via Belghoria - 130|16:00,Non AC Seater (2+3),16:00,20:30,04h 30m,INR 147,29 Seats available,"3.5
17",https://www.redbus.in/bus-tickets/digha-to-kolkata,Digha to Kolkata
WBTC (CTC) Tollygunge - Digha - 200|16:30,Non AC Seater (2+3),16:30,20:45,04h 15m,INR 145,37 Seats available,"3.4
27",https://www.redbus.in/bus-tickets/digha-to-kolkata,Digha to Kolkata
Samanta Travels,A/C Seater (2+3),14:30,19:20,04h 50m,INR 420,9 Seats available,"3.0
84",https://www.redbus.in/bus-tickets/digha-to-kolkata,Digha to Kolkata
City Express (Shinjini),AC Seater (2+3),22:45,04:10,05h 25m,INR 370,12 Seats available,"3.8
26",https://www.redbus.in/bus-tickets/digha-to-kolkata,Digha to Kolkata
Snemita Parisheba(SNEHA GOLD),AC Seater (2+3),16:40,21:10,04h 30m,INR 370,46 Seats available,"3.2
45",https://www.redbus.in/bus-tickets/digha-to-kolkata,Digha to Kolkata
Sneha Gold Bus Service,A/C Seater (2+3),16:30,21:30,05h 00m,INR 360,11 Seats available,"4.1
13",https://www.redbus.in/bus-tickets/digha-to-kolkata,Digha to Kolkata
Satya Paribahan,A/C Seater (2+3),23:00,03:45,04h 45m,INR 420,29 Seats available,"2.9
33",https://www.redbus.in/bus-tickets/digha-to-kolkata,Digha to Kolkata
Snemita Paribahan (Shinjini),AC Seater (2+3),23:35,03:45,04h 10m,INR 470,22 Seats available,"3.1
13",https://www.redbus.in/bus-tickets/digha-to-kolkata,Digha to Kolkata
Snemita Paribahan(Shinjini),A/C Seater (2+3),22:45,04:10,05h 25m,INR 370,15 Seats available,"2.7
32",https://www.redbus.in/bus-tickets/digha-to-kolkata,Digha to Kolkata
Satya Paribahan,A/C Seater (2+3),23:30,03:40,04h 10m,INR 380,26 Seats available,"1.9
26",https://www.redbus.in/bus-tickets/digha-to-kolkata,Digha to Kolkata
Parameswar Travels,A/C Seater Push Back (2+3),18:10,23:15,05h 05m,INR 335,30 Seats available,"2.7
12",https://www.redbus.in/bus-tickets/digha-to-kolkata,Digha to Kolkata
Aradhana Travels,A/C Seater / Sleeper (2+2),18:35,23:00,04h 25m,INR 500,14 Seats available,"1.4
15",https://www.redbus.in/bus-tickets/digha-to-kolkata,Digha to Kolkata
Snemita Parisheba(Santosh),A/C Seater Push Back (2+3),23:00,04:20,05h 20m,INR 370,25 Seats available,"2.2
9",https://www.redbus.in/bus-tickets/digha-to-kolkata,Digha to Kolkata
Snemita Parisheba(Santosh),A/C Seater Push Back (2+3),23:30,04:30,05h 00m,INR 370,24 Seats available,"3.1
21",https://www.redbus.in/bus-tickets/digha-to-kolkata,Digha to Kolkata
Ankita Paribahan - Parameswar,A/C Seater (2+3),18:00,22:40,04h 40m,INR 425,36 Seats available,"2.4
5",https://www.redbus.in/bus-tickets/digha-to-kolkata,Digha to Kolkata
Satya Paribahan,A/C Seater (2+3),18:20,23:00,04h 40m,INR 380,46 Seats available,"2.7
4",https://www.redbus.in/bus-tickets/digha-to-kolkata,Digha to Kolkata
Ankita Paribahan,A/C Seater Push Back (2+3),23:30,05:10,05h 40m,INR 420,51 Seats available,"2.5
9",https://www.redbus.in/bus-tickets/digha-to-kolkata,Digha to Kolkata
Bengal Surface Transport,A/C Seater Push Back (2+3),17:30,22:30,05h 00m,INR 419,31 Seats available,2.7,https://www.redbus.in/bus-tickets/digha-to-kolkata,Digha to Kolkata
Aradhana Travels,A/C Seater / Sleeper (2+1),19:30,23:59,04h 29m,INR 500,14 Seats available,"1.6
16",https://www.redbus.in/bus-tickets/digha-to-kolkata,Digha to Kolkata
Basu Travels,A/C Seater Push Back (2+3),17:30,22:30,05h 00m,INR 419,14 Seats available,"2.3
8",https://www.redbus.in/bus-tickets/digha-to-kolkata,Digha to Kolkata
Santosh Bus Service,A/C Seater Push Back (2+3),17:05,21:30,04h 25m,INR 369,17 Seats available,"2.0
9",https://www.redbus.in/bus-tickets/digha-to-kolkata,Digha to Kolkata
Ankita Paribahan (Maity Motor),AC Seater (2+3),15:45,20:15,04h 30m,INR 400,26 Seats available,"2.4
5",https://www.redbus.in/bus-tickets/digha-to-kolkata,Digha to Kolkata
SBSTC-KARUNAMOYEE - ASANSOL - 15:00 (ASN DEPOT) - 248,Non AC Seater (2+3),15:00,18:45,03h 45m,INR 155,47 Seats available,"3.7
36",https://www.redbus.in/bus-tickets/kolkata-to-durgapur,Kolkata to Durgapur (West Bengal)
SBSTC-KOLKATA - ASANSOL - 15:00 (ASANSOL DEPOT) - 257,Non AC Seater (2+3),15:00,18:30,03h 30m,INR 150,52 Seats available,"3.8
17",https://www.redbus.in/bus-tickets/kolkata-to-durgapur,Kolkata to Durgapur (West Bengal)
SBSTC-KARUNAMOYEE - BANKURA - A/C - 15:15 (BNK DEPOT) - 1524,AC Seater (2+2),15:15,19:30,04h 15m,INR 300,29 Seats available,"3.7
40",https://www.redbus.in/bus-tickets/kolkata-to-durgapur,Kolkata to Durgapur (West Bengal)
SBSTC-KOLKATA - DURGAPUR - 15:15 (DGP DEPOT) - 759,Non AC Seater (2+3),15:15,18:45,03h 30m,INR 150,52 Seats available,"3.9
22",https://www.redbus.in/bus-tickets/kolkata-to-durgapur,Kolkata to Durgapur (West Bengal)
SBSTC-KARUNAMOYEE - ASANSOL - 15:30 (ASN DEPOT) - 249,Non AC Seater (2+3),15:30,19:15,03h 45m,INR 155,41 Seats available,"3.9
92",https://www.redbus.in/bus-tickets/kolkata-to-durgapur,Kolkata to Durgapur (West Bengal)
SBSTC-KOLKATA - BANKURA - 15:30 (Bankura Depot) - 294,Non AC Seater (2+3),15:30,19:00,03h 30m,INR 150,51 Seats available,"3.4
21",https://www.redbus.in/bus-tickets/kolkata-to-durgapur,Kolkata to Durgapur (West Bengal)
SBSTC-KOLKATA - ASANSOL - 16:00 (ASANSOL DEPOT) - 768,Non AC Seater (2+3),16:00,19:30,03h 30m,INR 150,52 Seats available,"4.4
14",https://www.redbus.in/bus-tickets/kolkata-to-durgapur,Kolkata to Durgapur (West Bengal)
SBSTC-KOLKATA - DURGAPUR - 16:15 (DGP DEPOT) - 760,Non AC Seater (2+3),16:15,19:45,03h 30m,INR 150,52 Seats available,"4.5
19",https://www.redbus.in/bus-tickets/kolkata-to-durgapur,Kolkata to Durgapur (West Bengal)
SBSTC-KARUNAMOYEE - ASANSOL - AC - 16:15 (BEL DEPOT) - 1566,AC Seater (2+2),16:15,20:15,04h 00m,INR 300,35 Seats available,"2.7
33",https://www.redbus.in/bus-tickets/kolkata-to-durgapur,Kolkata to Durgapur (West Bengal)
SBSTC-KARUNAMOYEE - BANKURA - VIA - DURGAPUR - 16:45 - 311,Non AC Seater (2+3),16:45,21:00,04h 15m,INR 155,45 Seats available,"3.9
96",https://www.redbus.in/bus-tickets/kolkata-to-durgapur,Kolkata to Durgapur (West Bengal)
SBSTC-KOLKATA - ASANSOL - L/S - 17:00 (ASANSOL DEPOT) - 769,Non AC Seater (2+3),17:00,20:30,03h 30m,INR 150,52 Seats available,"3.3
20",https://www.redbus.in/bus-tickets/kolkata-to-durgapur,Kolkata to Durgapur (West Bengal)
SBSTC-KOLKATA - DURGAPUR - 17:15 (DGP DEPOT) - 173,Non AC Seater (2+3),17:15,20:45,03h 30m,INR 150,52 Seats available,"3.6
10",https://www.redbus.in/bus-tickets/kolkata-to-durgapur,Kolkata to Durgapur (West Bengal)
SBSTC-KARUNAMOYEE - DURGAPUR - 17:30 (DGP DEPOT) - 181,Non AC Seater (2+3),17:30,21:15,03h 45m,INR 155,49 Seats available,"3.8
214",https://www.redbus.in/bus-tickets/kolkata-to-durgapur,Kolkata to Durgapur (West Bengal)
SBSTC-KOLKATA - JAMURIA - VIA - DURGAPUR - 17:30 - 300,Non AC Seater (2+3),17:30,21:00,03h 30m,INR 150,52 Seats available,"4.0
16",https://www.redbus.in/bus-tickets/kolkata-to-durgapur,Kolkata to Durgapur (West Bengal)
SBSTC-KOLKATA - DURGAPUR - 18:30 (DGP DEPOT) - 176,Non AC Seater (2+3),18:30,22:00,03h 30m,INR 150,52 Seats available,"3.5
62",https://www.redbus.in/bus-tickets/kolkata-to-durgapur,Kolkata to Durgapur (West Bengal)
Greenline,Volvo A/C Seater (2+2),14:30,18:30,04h 00m,INR 486,17 Seats available,"4.7
61",https://www.redbus.in/bus-tickets/kolkata-to-durgapur,Kolkata to Durgapur (West Bengal)
SHYAMOLI Pvt. Ltd.(Karunamoyee),Volvo A/C Seater (2+2),14:30,18:00,03h 30m,INR 486,9 Seats available,"4.4
289",https://www.redbus.in/bus-tickets/kolkata-to-durgapur,Kolkata to Durgapur (West Bengal)
Greenline (Karunamoyee),Scania Multi-Axle AC Semi Sleeper (2+2),15:00,19:00,04h 00m,INR 486,28 Seats available,"4.5
268",https://www.redbus.in/bus-tickets/kolkata-to-durgapur,Kolkata to Durgapur (West Bengal)
Express Line,Volvo 9600 Multi Axle Semi-Sleeper (2+2),15:30,18:30,03h 00m,INR 486,51 Seats available,"4.1
74",https://www.redbus.in/bus-tickets/kolkata-to-durgapur,Kolkata to Durgapur (West Bengal)
Express Line (Karunamoyee),Volvo 9600 A/C Semi Sleeper (2+2),15:45,19:45,04h 00m,INR 486,30 Seats available,"4.9
228",https://www.redbus.in/bus-tickets/kolkata-to-durgapur,Kolkata to Durgapur (West Bengal)
SBSTC-ASANSOL - KOLKATA - 15:05 (HWH DEPOT) - 210,Non AC Seater (2+3),15:05,19:35,04h 30m,INR 180,40 Seats available,"2.6
21",https://www.redbus.in/bus-tickets/asansol-to-kolkata,Asansol (West Bengal) to Kolkata
SBSTC-ASANSOL - KARUNAMOYEE - 15:10 (BEL DEPOT) - 216,Non AC Seater (2+3),15:10,20:10,05h 00m,INR 185,26 Seats available,"3.2
96",https://www.redbus.in/bus-tickets/asansol-to-kolkata,Asansol (West Bengal) to Kolkata
SBSTC-ASANSOL - KOLKATA - 15:35 (HOWRAH DEPOT) - 211,Non AC Seater (2+3),15:35,20:05,04h 30m,INR 180,51 Seats available,"1.5
22",https://www.redbus.in/bus-tickets/asansol-to-kolkata,Asansol (West Bengal) to Kolkata
SBSTC-ASANSOL - KARUNAMOYEE - 16:10 (BEL DEPOT) - 217,Non AC Seater (2+3),16:10,21:10,05h 00m,INR 185,36 Seats available,"3.1
48",https://www.redbus.in/bus-tickets/asansol-to-kolkata,Asansol (West Bengal) to Kolkata
SBSTC-ASANSOL - KOLKATA - 16:30 (HOWRAH DEPOT) - 752,Non AC Seater (2+3),16:30,21:00,04h 30m,INR 180,51 Seats available,"2.6
24",https://www.redbus.in/bus-tickets/asansol-to-kolkata,Asansol (West Bengal) to Kolkata
SBSTC-ASANSOL - KARUNAMOYEE - 16:40 (ASANSOL DEPOT) - 847,Non AC Seater (2+3),16:40,22:00,05h 20m,INR 185,50 Seats available,"2.8
39",https://www.redbus.in/bus-tickets/asansol-to-kolkata,Asansol (West Bengal) to Kolkata
Greenline (Karunamoyee),Volvo A/C B11R Multi Axle Semi Sleeper (2+2),14:37,19:30,04h 53m,INR 524,5 Seats available,"4.4
195",https://www.redbus.in/bus-tickets/asansol-to-kolkata,Asansol (West Bengal) to Kolkata
Greenline,Volvo A/C B11R Multi Axle Semi Sleeper (2+2),14:50,19:50,05h 00m,INR 524,19 Seats available,"3.8
89",https://www.redbus.in/bus-tickets/asansol-to-kolkata,Asansol (West Bengal) to Kolkata
SHYAMOLI Pvt. Ltd.(Karunamoyee),Volvo A/C Seater (2+2),15:00,20:00,05h 00m,INR 524,28 Seats available,"3.8
181",https://www.redbus.in/bus-tickets/asansol-to-kolkata,Asansol (West Bengal) to Kolkata
Express Line (Karunamoyee),Volvo A/C Seater (2+2),15:20,20:25,05h 05m,INR 524,11 Seats available,"4.3
87",https://www.redbus.in/bus-tickets/asansol-to-kolkata,Asansol (West Bengal) to Kolkata
Shyamoli Paribahan Pvt Ltd,Volvo A/C Seater (2+2),15:30,20:30,05h 00m,INR 524,18 Seats available,"3.9
112",https://www.redbus.in/bus-tickets/asansol-to-kolkata,Asansol (West Bengal) to Kolkata
SHYAMOLI Pvt. Ltd.(Karunamoyee),Volvo A/C Seater (2+2),15:45,20:45,05h 00m,INR 524,24 Seats available,"4.0
194",https://www.redbus.in/bus-tickets/asansol-to-kolkata,Asansol (West Bengal) to Kolkata
Greenline,Volvo A/C Seater (2+2),16:00,21:00,05h 00m,INR 524,22 Seats available,"3.5
81",https://www.redbus.in/bus-tickets/asansol-to-kolkata,Asansol (West Bengal) to Kolkata
Greenline (Karunamoyee),Volvo A/C Seater (2+2),16:20,21:20,05h 00m,INR 524,21 Seats available,"3.9
124",https://www.redbus.in/bus-tickets/asansol-to-kolkata,Asansol (West Bengal) to Kolkata
SHYAMOLI Pvt. Ltd.(Karunamoyee),Volvo B11R Multi Axle Seater (2+2),16:35,21:35,05h 00m,INR 524,34 Seats available,"3.6
210",https://www.redbus.in/bus-tickets/asansol-to-kolkata,Asansol (West Bengal) to Kolkata
Express Line,Volvo A/C Seater (2+2),17:30,22:50,05h 20m,INR 524,25 Seats available,"4.4
267",https://www.redbus.in/bus-tickets/asansol-to-kolkata,Asansol (West Bengal) to Kolkata
SBSTC-JHARGRAM - KARUNAMOYEE - VIA - KOLKATA - 13:35 - 1764,Non AC Seater (2+3),15:05,00:00,08h 55m,INR 110,21 Seats available,"4.3
31",https://www.redbus.in/bus-tickets/midnapore-to-kolkata,Midnapore to Kolkata
SBSTC-MIDNAPUR - GARIA - 15:30 (MID DEPOT) - 1511,Non AC Seater (2+3),15:30,00:00,08h 30m,INR 110,43 Seats available,"3.5
19",https://www.redbus.in/bus-tickets/midnapore-to-kolkata,Midnapore to Kolkata
SBSTC-MIDNAPUR - BARASAT - 16:00 (MID DEPOT) - 1193,Non AC Seater (2+3),16:00,00:00,08h 00m,INR 111,21 Seats available,"4.6
17",https://www.redbus.in/bus-tickets/midnapore-to-kolkata,Midnapore to Kolkata
SBSTC-MIDNAPUR - KARUNAMOYEE - 16:40 - 997,Non AC Seater (2+3),16:40,00:00,07h 20m,INR 118,21 Seats available,"4.4
38",https://www.redbus.in/bus-tickets/midnapore-to-kolkata,Midnapore to Kolkata
WBTC (CTC) Habra-Midnapur - 194|15:40,Non AC Seater (2+3),15:40,18:25,02h 45m,INR 105,34 Seats available,"3.8
65",https://www.redbus.in/bus-tickets/midnapore-to-kolkata,Midnapore to Kolkata
NORTH BENGAL STATE TRANSPORT CORPORATION,Non AC Seater (2+3),15:00,04:20,13h 20m,INR 450,34 Seats available,"3.3
61",https://www.redbus.in/bus-tickets/kolkata-to-siliguri,Kolkata to Siliguri
NBSTC-KOL-COB-R1-17:00,Non AC Seater 2+2,17:00,05:00,12h 00m,INR 486,19 Seats available,"3.6
193",https://www.redbus.in/bus-tickets/kolkata-to-siliguri,Kolkata to Siliguri
NBSTC-KOL-SLG-R1-18:00,NON A/C Seater Push Back (2+2),18:00,06:00,12h 00m,INR 486,11 Seats available,"3.9
386",https://www.redbus.in/bus-tickets/kolkata-to-siliguri,Kolkata to Siliguri
Easy Ride,Volvo 9600 Multi-Axle A/C Sleeper (2+1),18:45,07:25,12h 40m,INR 1500,5 Seats available,"4.7
676",https://www.redbus.in/bus-tickets/kolkata-to-siliguri,Kolkata to Siliguri
Shyamoli Paribahan Pvt Ltd,Volvo 9600 A/C Seater/Sleeper (2+1),18:30,07:45,13h 15m,INR 1200,40 Seats available,"4.5
836",https://www.redbus.in/bus-tickets/kolkata-to-siliguri,Kolkata to Siliguri
Lokenath Bus Service,Volvo Multi-Axle A/C Seater/Sleeper (2+1),18:15,06:30,12h 15m,INR 1200,29 Seats available,"4.5
492",https://www.redbus.in/bus-tickets/kolkata-to-siliguri,Kolkata to Siliguri
AdExpress Line,Volvo 9600 Multi-Axle A/C Sleeper (2+1),18:30,07:40,13h 10m,1549,24 Seats available,"4.3
544",https://www.redbus.in/bus-tickets/kolkata-to-siliguri,Kolkata to Siliguri
Shyamoli Paribahan Pvt Ltd,Volvo 9600 Multi-Axle A/C Sleeper (2+1),18:00,06:50,12h 50m,INR 1500,16 Seats available,"4.4
427",https://www.redbus.in/bus-tickets/kolkata-to-siliguri,Kolkata to Siliguri
Greenline,Volvo Multi-Axle A/C Sleeper (2+1),18:00,07:00,13h 00m,INR 1500,11 Seats available,"4.6
364",https://www.redbus.in/bus-tickets/kolkata-to-siliguri,Kolkata to Siliguri
Lokenath Bus Service,Volvo Multi Axle B11R AC Seater\Sleeper (2+1),20:00,08:00,12h 00m,INR 1200,38 Seats available,"4.5
118",https://www.redbus.in/bus-tickets/kolkata-to-siliguri,Kolkata to Siliguri
Greenline,Volvo 9600 Multi-Axle A/C Sleeper (2+1),18:30,07:45,13h 15m,INR 1500,10 Seats available,"4.5
463",https://www.redbus.in/bus-tickets/kolkata-to-siliguri,Kolkata to Siliguri
Shyamoli Paribahan Pvt Ltd,Volvo Multi-Axle A/C seater/sleeper (2+1),19:30,08:45,13h 15m,INR 1200,33 Seats available,"4.4
596",https://www.redbus.in/bus-tickets/kolkata-to-siliguri,Kolkata to Siliguri
Express Line,Volvo 9600 A/C Seater/Sleeper (2+1),19:30,08:25,12h 55m,INR 1299,43 Seats available,"4.4
463",https://www.redbus.in/bus-tickets/kolkata-to-siliguri,Kolkata to Siliguri
Rubi Paribahan  ,Volvo 9600 Multi-Axle A/C Sleeper (2+1),19:00,07:30,12h 30m,INR 1499,17 Seats available,"4.1
267",https://www.redbus.in/bus-tickets/kolkata-to-siliguri,Kolkata to Siliguri
Aradhana Bus Service,NON A/C Seater / Sleeper (2+2),16:45,07:00,14h 15m,INR 750,39 Seats available,"2.1
80",https://www.redbus.in/bus-tickets/kolkata-to-siliguri,Kolkata to Siliguri
Annesha Travels,NON A/C Seater / Sleeper (2+2),17:30,07:00,13h 30m,INR 500,28 Seats available,"1.6
135",https://www.redbus.in/bus-tickets/kolkata-to-siliguri,Kolkata to Siliguri
Shantanu Travels,NON A/C Seater / Sleeper (2+2),17:00,08:00,15h 00m,INR 600,37 Seats available,"2.3
42",https://www.redbus.in/bus-tickets/kolkata-to-siliguri,Kolkata to Siliguri
Maa Durga Bus Service,NON A/C Seater / Sleeper (2+2),19:00,09:00,14h 00m,INR 600,15 Seats available,"2.0
39",https://www.redbus.in/bus-tickets/kolkata-to-siliguri,Kolkata to Siliguri
SBSTC-KARUNAMOYEE - ASANSOL - 15:30 (ASN DEPOT) - 249,Non AC Seater (2+3),15:30,20:30,05h 00m,INR 185,41 Seats available,"3.3
38",https://www.redbus.in/bus-tickets/kolkata-to-asansol,Kolkata to Asansol (West Bengal)
SBSTC-KOLKATA - ASANSOL - 16:00 (ASANSOL DEPOT) - 768,Non AC Seater (2+3),16:00,20:30,04h 30m,INR 180,52 Seats available,"3.2
12",https://www.redbus.in/bus-tickets/kolkata-to-asansol,Kolkata to Asansol (West Bengal)
SBSTC-KARUNAMOYEE - ASANSOL - AC - 16:15 (BEL DEPOT) - 1566,AC Seater (2+2),16:15,21:15,05h 00m,INR 360,35 Seats available,"1.7
10",https://www.redbus.in/bus-tickets/kolkata-to-asansol,Kolkata to Asansol (West Bengal)
SBSTC-KOLKATA - ASANSOL - 16:30 (ASANSOL DEPOT) - 261,Non AC Seater (2+3),16:30,21:00,04h 30m,INR 180,52 Seats available,3.2,https://www.redbus.in/bus-tickets/kolkata-to-asansol,Kolkata to Asansol (West Bengal)
SBSTC-KOLKATA - ASANSOL - L/S - 17:00 (ASANSOL DEPOT) - 769,Non AC Seater (2+3),17:00,21:30,04h 30m,INR 180,52 Seats available,"2.6
7",https://www.redbus.in/bus-tickets/kolkata-to-asansol,Kolkata to Asansol (West Bengal)
SBSTC-KOLKATA - JAMURIA - VIA - DURGAPUR - 17:30 - 300,Non AC Seater (2+3),17:30,22:00,04h 30m,INR 180,52 Seats available,"4.1
4",https://www.redbus.in/bus-tickets/kolkata-to-asansol,Kolkata to Asansol (West Bengal)
SHYAMOLI Pvt. Ltd.(Karunamoyee),Volvo A/C Seater (2+2),14:35,19:00,04h 25m,INR 524,10 Seats available,"4.2
197",https://www.redbus.in/bus-tickets/kolkata-to-asansol,Kolkata to Asansol (West Bengal)
Greenline,Volvo A/C Seater (2+2),14:45,19:30,04h 45m,INR 524,25 Seats available,"4.2
26",https://www.redbus.in/bus-tickets/kolkata-to-asansol,Kolkata to Asansol (West Bengal)
Greenline (Karunamoyee),Scania Multi-Axle AC Semi Sleeper (2+2),15:00,20:00,05h 00m,INR 524,27 Seats available,"4.0
118",https://www.redbus.in/bus-tickets/kolkata-to-asansol,Kolkata to Asansol (West Bengal)
Express Line,Volvo 9600 Multi Axle Semi-Sleeper (2+2),15:30,19:40,04h 10m,INR 524,51 Seats available,"4.6
45",https://www.redbus.in/bus-tickets/kolkata-to-asansol,Kolkata to Asansol (West Bengal)
Express Line (Karunamoyee),Volvo 9600 A/C Semi Sleeper (2+2),15:45,20:45,05h 00m,INR 524,30 Seats available,"4.6
132",https://www.redbus.in/bus-tickets/kolkata-to-asansol,Kolkata to Asansol (West Bengal)
SHYAMOLI Pvt. Ltd.(Karunamoyee),Volvo A/C Seater (2+2),16:00,21:00,05h 00m,INR 524,29 Seats available,"4.3
125",https://www.redbus.in/bus-tickets/kolkata-to-asansol,Kolkata to Asansol (West Bengal)
Greenline,Volvo 9600 Multi Axle Semi-Sleeper (2+2),16:00,20:00,04h 00m,INR 524,20 Seats available,"4.2
53",https://www.redbus.in/bus-tickets/kolkata-to-asansol,Kolkata to Asansol (West Bengal)
Shyamoli Paribahan Pvt Ltd,Volvo A/C Seater (2+2),16:40,21:40,05h 00m,INR 524,27 Seats available,"4.0
59",https://www.redbus.in/bus-tickets/kolkata-to-asansol,Kolkata to Asansol (West Bengal)
Greenline (Karunamoyee),Volvo A/C Seater (2+2),16:45,21:45,05h 00m,INR 524,20 Seats available,"4.2
83",https://www.redbus.in/bus-tickets/kolkata-to-asansol,Kolkata to Asansol (West Bengal)
Express Line,Volvo 9600 A/C Semi Sleeper (2+2),17:20,22:20,05h 00m,INR 524,41 Seats available,"4.6
71",https://www.redbus.in/bus-tickets/kolkata-to-asansol,Kolkata to Asansol (West Bengal)
SHYAMOLI Pvt. Ltd.(Karunamoyee),Volvo A/C Seater (2+2),17:30,22:30,05h 00m,INR 524,31 Seats available,"4.2
136",https://www.redbus.in/bus-tickets/kolkata-to-asansol,Kolkata to Asansol (West Bengal)
Greenline,Volvo A/C Seater (2+2),18:05,23:05,05h 00m,INR 524,35 Seats available,"3.7
33",https://www.redbus.in/bus-tickets/kolkata-to-asansol,Kolkata to Asansol (West Bengal)
Shyamoli Paribahan Pvt Ltd,Volvo A/C Seater (2+2),18:40,23:25,04h 45m,INR 524,23 Seats available,"4.4
65",https://www.redbus.in/bus-tickets/kolkata-to-asansol,Kolkata to Asansol (West Bengal)
Royal Cruiser,Scania Multi-Axle AC Semi Sleeper (2+2),19:30,00:15,04h 45m,INR 550,33 Seats available,"3.7
63",https://www.redbus.in/bus-tickets/kolkata-to-asansol,Kolkata to Asansol (West Bengal)
Beauty Travels,NON A/C Seater / Sleeper (2+2),20:20,00:30,04h 10m,INR 380,36 Seats available,3.0,https://www.redbus.in/bus-tickets/kolkata-to-asansol,Kolkata to Asansol (West Bengal)
