Bus_name,Bus_type,Start_time,End_time,Total_duration,Price,Seats_Available,Ratings,Route_link,Route_name
HRTC - 591,A/C Executive (2+3),21:00,07:20,10h 20m,INR 622,42 Seats available,"4.1
45",https://www.redbus.in/bus-tickets/delhi-to-shimla,Delhi to Shimla
HRTC - 20,Himsuta AC Seater Volvo/Scania 2+2,21:36,05:30,07h 54m,INR 867,26 Seats available,"3.9
65",https://www.redbus.in/bus-tickets/delhi-to-shimla,Delhi to Shimla
HRTC - 518,Ordinary 3+2 Non AC Seater,21:58,07:15,09h 17m,INR 507,27 Seats available,"2.5
13",https://www.redbus.in/bus-tickets/delhi-to-shimla,Delhi to Shimla
HRTC - 9,Himsuta AC Seater Volvo/Scania 2+2,22:00,07:30,09h 30m,INR 892,34 Seats available,"4.6
79",https://www.redbus.in/bus-tickets/delhi-to-shimla,Delhi to Shimla
HRTC - 579,Ordinary 3+2 Non AC Seater,22:30,08:15,09h 45m,INR 507,27 Seats available,"4.1
16",https://www.redbus.in/bus-tickets/delhi-to-shimla,Delhi to Shimla
HRTC - 36,Himsuta AC Seater Volvo/Scania 2+2,22:30,06:30,08h 00m,INR 867,34 Seats available,"4.2
69",https://www.redbus.in/bus-tickets/delhi-to-shimla,Delhi to Shimla
HRTC - 22,Himsuta AC Seater Volvo/Scania 2+2,23:00,07:50,08h 50m,INR 892,18 Seats available,"4.4
87",https://www.redbus.in/bus-tickets/delhi-to-shimla,Delhi to Shimla
HRTC - 564,Ordinary 3+2 Non AC Seater,23:40,09:05,09h 25m,INR 507,37 Seats available,"4.7
20",https://www.redbus.in/bus-tickets/delhi-to-shimla,Delhi to Shimla
Bedi Travels,Volvo A/C Semi Sleeper (2+2 ),22:30,08:00,09h 30m,477,12 Seats available,"4.6
687",https://www.redbus.in/bus-tickets/delhi-to-shimla,Delhi to Shimla
Ram Dalal Holidays,Mercedes Multi-Axle Semi Sleeper (2+2),21:55,07:40,09h 45m,INR 650,26 Seats available,"4.5
586",https://www.redbus.in/bus-tickets/delhi-to-shimla,Delhi to Shimla
Laxmi holidays,Scania Multi-Axle AC Semi Sleeper (2+2),23:30,08:00,08h 30m,INR 499,14 Seats available,"4.4
815",https://www.redbus.in/bus-tickets/delhi-to-shimla,Delhi to Shimla
Zingbus Plus,Bharat Benz A/C Semi Sleeper (2+2),22:05,08:10,10h 05m,558,16 Seats available,4.3,https://www.redbus.in/bus-tickets/delhi-to-shimla,Delhi to Shimla
Laxmi holidays,Volvo A/C Semi Sleeper (2+2),23:25,07:45,08h 20m,617,8 Seats available,"4.4
662",https://www.redbus.in/bus-tickets/delhi-to-shimla,Delhi to Shimla
HRTC - 3,Himsuta AC Seater Volvo/Scania 2+2,21:00,06:00,09h 00m,INR 892,18 Seats available,"4.4
70",https://www.redbus.in/bus-tickets/shimla-to-delhi,Shimla to Delhi
HRTC - 108,A/C Executive (2+3),21:20,06:52,09h 32m,INR 622,41 Seats available,"3.3
29",https://www.redbus.in/bus-tickets/shimla-to-delhi,Shimla to Delhi
HRTC - 19,Himsuta AC Seater Volvo/Scania 2+2,21:30,06:00,08h 30m,INR 892,27 Seats available,"4.4
68",https://www.redbus.in/bus-tickets/shimla-to-delhi,Shimla to Delhi
HRTC - 1712,Ordinary 3+2 Non AC Seater,21:30,06:00,08h 30m,INR 507,26 Seats available,"3.3
4",https://www.redbus.in/bus-tickets/shimla-to-delhi,Shimla to Delhi
Laxmi holidays,Scania Multi-Axle AC Semi Sleeper (2+2),20:30,04:30,08h 00m,674,21 Seats available,"4.1
696",https://www.redbus.in/bus-tickets/shimla-to-delhi,Shimla to Delhi
Bedi Travels,Volvo A/C Semi Sleeper (2+2 ),21:30,05:30,08h 00m,585,8 Seats available,"4.6
676",https://www.redbus.in/bus-tickets/shimla-to-delhi,Shimla to Delhi
Ram Dalal Holidays,Mercedes Multi-Axle Semi Sleeper (2+2),21:55,07:20,09h 25m,INR 700,9 Seats available,"4.4
511",https://www.redbus.in/bus-tickets/shimla-to-delhi,Shimla to Delhi
FlixBus,A/C Seater (2+2),20:00,05:00,09h 00m,INR 789,10 Seats available,"4.8
13",https://www.redbus.in/bus-tickets/shimla-to-delhi,Shimla to Delhi
Zingbus Plus,Bharat Benz A/C Semi Sleeper (2+2),20:30,04:50,08h 20m,620,10 Seats available,4.4,https://www.redbus.in/bus-tickets/shimla-to-delhi,Shimla to Delhi
HRTC - 701,Ordinary 3+2 Non AC Seater,21:30,05:30,08h 00m,INR 560,36 Seats available,3.9,https://www.redbus.in/bus-tickets/manali-to-chandigarh,Manali to Chandigarh
HRTC - 713,Himsuta AC Seater Volvo/Scania 2+2,22:00,06:00,08h 00m,INR 920,29 Seats available,"3.7
33",https://www.redbus.in/bus-tickets/manali-to-chandigarh,Manali to Chandigarh
HRTC - 65,Himsuta AC Seater Volvo/Scania 2+2,22:30,05:30,07h 00m,INR 938,34 Seats available,"3.8
17",https://www.redbus.in/bus-tickets/manali-to-chandigarh,Manali to Chandigarh
Laxmi holidays,Volvo 9600 A/C Semi Sleeper (2+2),21:00,03:10,06h 10m,539,9 Seats available,"4.8
121",https://www.redbus.in/bus-tickets/manali-to-chandigarh,Manali to Chandigarh
Laxmi holidays,Volvo 9600 A/C Semi Sleeper (2+2),22:00,03:30,05h 30m,664,15 Seats available,"4.6
215",https://www.redbus.in/bus-tickets/manali-to-chandigarh,Manali to Chandigarh
Laxmi holidays,Volvo 9600 A/C Semi Sleeper (2+2),21:30,03:15,05h 45m,539,22 Seats available,"4.4
126",https://www.redbus.in/bus-tickets/manali-to-chandigarh,Manali to Chandigarh
Zingbus Plus,Volvo A/C Semi Sleeper (2+2),21:30,03:50,06h 20m,530,18 Seats available,"4.6
111",https://www.redbus.in/bus-tickets/manali-to-chandigarh,Manali to Chandigarh
Laxmi holidays,Volvo 9600 A/C Semi Sleeper (2+2),20:00,02:30,06h 30m,539,11 Seats available,"4.5
50",https://www.redbus.in/bus-tickets/manali-to-chandigarh,Manali to Chandigarh
IntrCity SmartBus,Volvo A/C Semi Sleeper (2+2),19:55,02:05,06h 10m,INR 803,6 Seats available,"4.4
8",https://www.redbus.in/bus-tickets/manali-to-chandigarh,Manali to Chandigarh
Himgiri Adventure Tour,Bharat Benz A/C Semi Sleeper (2+2),20:00,03:30,07h 30m,INR 599,27 Seats available,"2.5
49",https://www.redbus.in/bus-tickets/manali-to-chandigarh,Manali to Chandigarh
Zingbus Plus,Volvo 9600 A/C Semi Sleeper (2+2),21:00,03:25,06h 25m,563,14 Seats available,"4.1
11",https://www.redbus.in/bus-tickets/manali-to-chandigarh,Manali to Chandigarh
Deltin Travels,Volvo 9600 A/C Semi Sleeper (2+2),20:30,02:00,05h 30m,INR 700,5 Seats available,"1.7
9",https://www.redbus.in/bus-tickets/manali-to-chandigarh,Manali to Chandigarh
Malana Travels,Volvo 9600 Multi Axle Semi-Sleeper (2+2),20:00,03:00,07h 00m,617,7 Seats available,4.3,https://www.redbus.in/bus-tickets/manali-to-chandigarh,Manali to Chandigarh
HRTC - 1544,Ordinary 3+2 Non AC Seater,21:40,07:50,10h 10m,INR 575,27 Seats available,3.9,https://www.redbus.in/bus-tickets/chandigarh-to-manali,Chandigarh to Manali
HRTC - 1212,A/C Executive (2+3),21:58,06:09,08h 11m,INR 580,42 Seats available,3.9,https://www.redbus.in/bus-tickets/chandigarh-to-manali,Chandigarh to Manali
HRTC - 1522,Himsuta AC Seater Volvo/Scania 2+2,22:00,06:30,08h 30m,INR 920,22 Seats available,"4.8
50",https://www.redbus.in/bus-tickets/chandigarh-to-manali,Chandigarh to Manali
Laxmi holidays,Volvo 9600 A/C Semi Sleeper (2+2),22:50,05:30,06h 40m,569,2 Seats available,"4.7
434",https://www.redbus.in/bus-tickets/chandigarh-to-manali,Chandigarh to Manali
Subh Yatri Holidays,Volvo A/C Semi Sleeper (2+2),23:45,05:30,05h 45m,INR 573,1 Seat available,"2.4
5",https://www.redbus.in/bus-tickets/chandigarh-to-manali,Chandigarh to Manali
TANISHQ HOLIDAYS TOUR,Volvo A/C Semi Sleeper (2+2),23:30,07:30,08h 00m,1169,41 Seats available,"3.4
6",https://www.redbus.in/bus-tickets/chandigarh-to-manali,Chandigarh to Manali
Abtc Tour and Travels,Bharat Benz A/C Semi Sleeper (2+2),01:00,07:00,06h 00m,799,17 Seats available,"3.4
6",https://www.redbus.in/bus-tickets/chandigarh-to-manali,Chandigarh to Manali
SWAGATAM TOUR HOLIDAY,Volvo AC Seater (2+2),23:59,07:00,07h 01m,INR 549,35 Seats available,New,https://www.redbus.in/bus-tickets/chandigarh-to-manali,Chandigarh to Manali
Rao Travel Heights,Volvo A/C Semi Sleeper (2+2),23:40,07:00,07h 20m,INR 1649,41 Seats available,4.0,https://www.redbus.in/bus-tickets/chandigarh-to-manali,Chandigarh to Manali
Metahills holidays,Scania A/C Semi Sleeper (2+2),21:21,06:00,08h 39m,1169,16 Seats available,3.5,https://www.redbus.in/bus-tickets/chandigarh-to-manali,Chandigarh to Manali
Metahills holidays,Scania A/C Semi Sleeper (2+2),21:21,06:00,08h 39m,942,31 Seats available,3.5,https://www.redbus.in/bus-tickets/chandigarh-to-manali,Chandigarh to Manali
Subh Yatri Holidays,Volvo A/C Semi Sleeper (2+2),23:45,08:00,08h 15m,INR 573,1 Seat available,3.3,https://www.redbus.in/bus-tickets/chandigarh-to-manali,Chandigarh to Manali
Abtc Tour and Travels,Bharat Benz A/C Semi Sleeper (2+2),23:55,07:00,07h 05m,799,17 Seats available,3.3,https://www.redbus.in/bus-tickets/chandigarh-to-manali,Chandigarh to Manali
HRTC - 567,Himsuta AC Seater Volvo/Scania 2+2,21:03,10:00,12h 57m,INR 1428,25 Seats available,"4.4
42",https://www.redbus.in/bus-tickets/delhi-to-manali,Delhi to Manali
HRTC - 574,Ordinary 3+2 Non AC Seater,21:14,08:30,11h 16m,INR 809,36 Seats available,"4.3
11",https://www.redbus.in/bus-tickets/delhi-to-manali,Delhi to Manali
HRTC - 600,Himsuta AC Seater Volvo/Scania 2+2,21:50,10:50,13h 00m,INR 1446,29 Seats available,"3.9
27",https://www.redbus.in/bus-tickets/delhi-to-manali,Delhi to Manali
HRTC - 583,Ordinary 3+2 Non AC Seater,22:02,11:00,12h 58m,INR 820,37 Seats available,"3.1
5",https://www.redbus.in/bus-tickets/delhi-to-manali,Delhi to Manali
Laxmi holidays,Volvo 9600 A/C Semi Sleeper (2+2),23:00,11:00,12h 00m,569,29 Seats available,"4.7
732",https://www.redbus.in/bus-tickets/delhi-to-manali,Delhi to Manali
Zingbus Plus,Volvo 9600 A/C Semi Sleeper (2+2),21:00,08:40,11h 40m,450,14 Seats available,"4.7
393",https://www.redbus.in/bus-tickets/delhi-to-manali,Delhi to Manali
Zingbus Plus,Volvo 9600 A/C Semi Sleeper (2+2),22:15,09:40,11h 25m,433,23 Seats available,"4.6
543",https://www.redbus.in/bus-tickets/delhi-to-manali,Delhi to Manali
IntrCity SmartBus,Volvo 9600 A/C Semi Sleeper (2+2),21:30,10:25,12h 55m,INR 509,21 Seats available,"4.6
518",https://www.redbus.in/bus-tickets/delhi-to-manali,Delhi to Manali
Deltin Travels,Volvo 9600 A/C Semi Sleeper (2+2),21:50,09:10,11h 20m,INR 550,21 Seats available,"4.5
806",https://www.redbus.in/bus-tickets/delhi-to-manali,Delhi to Manali
Zingbus Plus,Volvo 9600 A/C Semi Sleeper (2+2),23:15,11:15,12h 00m,410,10 Seats available,"4.5
488",https://www.redbus.in/bus-tickets/delhi-to-manali,Delhi to Manali
Laxmi holidays,Volvo 9600 A/C Semi Sleeper (2+2),22:00,10:00,12h 00m,569,35 Seats available,"4.6
661",https://www.redbus.in/bus-tickets/delhi-to-manali,Delhi to Manali
Zingbus Plus,Volvo A/C Semi Sleeper (2+2),21:30,09:00,11h 30m,394,21 Seats available,"4.5
605",https://www.redbus.in/bus-tickets/delhi-to-manali,Delhi to Manali
Zingbus Plus,Volvo A/C Semi Sleeper (2+2),21:45,09:25,11h 40m,385,24 Seats available,"4.7
157",https://www.redbus.in/bus-tickets/delhi-to-manali,Delhi to Manali
Zingbus Plus,Scania A/C Semi Sleeper (2+2),20:30,07:45,11h 15m,459,1 Seat available,"4.6
420",https://www.redbus.in/bus-tickets/delhi-to-manali,Delhi to Manali
HRTC - 99,Himsuta AC Seater Volvo/Scania 2+2,21:00,02:00,05h 00m,INR 615,3 Seats available,3.9,https://www.redbus.in/bus-tickets/hamirpur-himachal-pradesh-to-chandigarh,Hamirpur (Himachal Pradesh) to Chandigarh
HRTC - 622,Ordinary 3+2 Non AC Seater,21:15,02:30,05h 15m,INR 344,33 Seats available,"3.3
5",https://www.redbus.in/bus-tickets/hamirpur-himachal-pradesh-to-chandigarh,Hamirpur (Himachal Pradesh) to Chandigarh
HRTC - 79,Himsuta AC Seater Volvo/Scania 2+2,21:30,02:00,04h 30m,INR 595,14 Seats available,3.9,https://www.redbus.in/bus-tickets/hamirpur-himachal-pradesh-to-chandigarh,Hamirpur (Himachal Pradesh) to Chandigarh
Laxmi holidays,Volvo A/C Semi Sleeper (2+2),20:20,01:15,04h 55m,809,1 Seat available,"4.4
12",https://www.redbus.in/bus-tickets/hamirpur-himachal-pradesh-to-chandigarh,Hamirpur (Himachal Pradesh) to Chandigarh
Ram Dalal Holidays,Volvo A/C Semi Sleeper (2+2),21:40,02:05,04h 25m,INR 970,1 Seat available,"4.7
12",https://www.redbus.in/bus-tickets/hamirpur-himachal-pradesh-to-chandigarh,Hamirpur (Himachal Pradesh) to Chandigarh
HRTC - 566,Ordinary 3+2 Non AC Seater,21:10,07:30,10h 20m,INR 574,37 Seats available,"4.0
22",https://www.redbus.in/bus-tickets/delhi-to-hamirpur-himachal-pradesh,Delhi to Hamirpur (Himachal Pradesh)
HRTC - 16,Himsuta AC Seater Volvo/Scania 2+2,21:20,05:50,08h 30m,INR 1008,17 Seats available,"4.2
122",https://www.redbus.in/bus-tickets/delhi-to-hamirpur-himachal-pradesh,Delhi to Hamirpur (Himachal Pradesh)
HRTC - 571,Ordinary 3+2 Non AC Seater,21:40,07:50,10h 10m,INR 604,32 Seats available,"4.2
17",https://www.redbus.in/bus-tickets/delhi-to-hamirpur-himachal-pradesh,Delhi to Hamirpur (Himachal Pradesh)
HRTC - 82,Himsuta AC Seater Volvo/Scania 2+2,21:55,07:40,09h 45m,INR 1093,20 Seats available,"4.1
46",https://www.redbus.in/bus-tickets/delhi-to-hamirpur-himachal-pradesh,Delhi to Hamirpur (Himachal Pradesh)
Ram Dalal Holidays,Volvo A/C Semi Sleeper (2+2),21:20,05:55,08h 35m,INR 650,15 Seats available,"4.7
401",https://www.redbus.in/bus-tickets/delhi-to-hamirpur-himachal-pradesh,Delhi to Hamirpur (Himachal Pradesh)
Laxmi holidays,Volvo A/C Semi Sleeper (2+2),21:00,06:10,09h 10m,674,13 Seats available,"4.4
403",https://www.redbus.in/bus-tickets/delhi-to-hamirpur-himachal-pradesh,Delhi to Hamirpur (Himachal Pradesh)
Ram Dalal Holidays,Volvo A/C Semi Sleeper (2+2),22:00,06:40,08h 40m,INR 700,19 Seats available,4.7,https://www.redbus.in/bus-tickets/delhi-to-hamirpur-himachal-pradesh,Delhi to Hamirpur (Himachal Pradesh)
Zingbus Plus,Volvo Multi-Axle A/C Semisleeper (2+2),22:05,08:20,10h 15m,1059,29 Seats available,4.3,https://www.redbus.in/bus-tickets/delhi-to-hamirpur-himachal-pradesh,Delhi to Hamirpur (Himachal Pradesh)
HRTC - 591,A/C Executive (2+3),21:00,03:00,06h 00m,INR 390,42 Seats available,3.9,https://www.redbus.in/bus-tickets/delhi-to-chandigarh,Delhi to Chandigarh
HRTC - 8,Himsuta AC Seater Volvo/Scania 2+2,21:02,02:00,04h 58m,INR 523,29 Seats available,3.9,https://www.redbus.in/bus-tickets/delhi-to-chandigarh,Delhi to Chandigarh
HRTC - 567,Himsuta AC Seater Volvo/Scania 2+2,21:03,02:30,05h 27m,INR 513,28 Seats available,3.9,https://www.redbus.in/bus-tickets/delhi-to-chandigarh,Delhi to Chandigarh
HRTC - 574,Ordinary 3+2 Non AC Seater,21:14,01:50,04h 36m,INR 270,35 Seats available,3.9,https://www.redbus.in/bus-tickets/delhi-to-chandigarh,Delhi to Chandigarh
HRTC - 214002,Himsuta AC Seater Volvo/Scania 2+2,21:27,02:10,04h 43m,INR 523,18 Seats available,3.9,https://www.redbus.in/bus-tickets/delhi-to-chandigarh,Delhi to Chandigarh
HRTC - 568,Ordinary 3+2 Non AC Seater,21:30,04:10,06h 40m,INR 285,39 Seats available,3.9,https://www.redbus.in/bus-tickets/delhi-to-chandigarh,Delhi to Chandigarh
HRTC - 571,Ordinary 3+2 Non AC Seater,21:40,02:30,04h 50m,INR 280,33 Seats available,3.9,https://www.redbus.in/bus-tickets/delhi-to-chandigarh,Delhi to Chandigarh
HRTC - 577,A/C Executive (2+3),21:40,02:40,05h 00m,INR 390,44 Seats available,"5.0
5",https://www.redbus.in/bus-tickets/delhi-to-chandigarh,Delhi to Chandigarh
HRTC - 600,Himsuta AC Seater Volvo/Scania 2+2,21:50,04:00,06h 10m,INR 513,29 Seats available,3.9,https://www.redbus.in/bus-tickets/delhi-to-chandigarh,Delhi to Chandigarh
HRTC - 82,Himsuta AC Seater Volvo/Scania 2+2,21:55,03:00,05h 05m,INR 523,28 Seats available,3.9,https://www.redbus.in/bus-tickets/delhi-to-chandigarh,Delhi to Chandigarh
HRTC - 518,Ordinary 3+2 Non AC Seater,21:58,02:50,04h 52m,INR 285,27 Seats available,3.9,https://www.redbus.in/bus-tickets/delhi-to-chandigarh,Delhi to Chandigarh
HRTC - 9,Himsuta AC Seater Volvo/Scania 2+2,22:00,03:00,05h 00m,INR 523,23 Seats available,3.9,https://www.redbus.in/bus-tickets/delhi-to-chandigarh,Delhi to Chandigarh
HRTC - 583,Ordinary 3+2 Non AC Seater,22:02,03:40,05h 38m,INR 270,34 Seats available,3.9,https://www.redbus.in/bus-tickets/delhi-to-chandigarh,Delhi to Chandigarh
HRTC - 578,Ordinary 3+2 Non AC Seater,22:10,03:40,05h 30m,INR 285,37 Seats available,"2.0
7",https://www.redbus.in/bus-tickets/delhi-to-chandigarh,Delhi to Chandigarh
HRTC - 77,Himsuta AC Seater Volvo/Scania 2+2,22:15,02:55,04h 40m,INR 523,33 Seats available,3.9,https://www.redbus.in/bus-tickets/delhi-to-chandigarh,Delhi to Chandigarh
HRTC - 579,Ordinary 3+2 Non AC Seater,22:30,03:00,04h 30m,INR 280,27 Seats available,3.9,https://www.redbus.in/bus-tickets/delhi-to-chandigarh,Delhi to Chandigarh
HRTC - 580,Ordinary 3+2 Non AC Seater,22:45,03:50,05h 05m,INR 285,37 Seats available,3.9,https://www.redbus.in/bus-tickets/delhi-to-chandigarh,Delhi to Chandigarh
HRTC - 22,Himsuta AC Seater Volvo/Scania 2+2,23:00,04:30,05h 30m,INR 523,19 Seats available,3.9,https://www.redbus.in/bus-tickets/delhi-to-chandigarh,Delhi to Chandigarh
HRTC - 582,Ordinary 3+2 Non AC Seater,23:05,04:40,05h 35m,INR 280,37 Seats available,"3.7
15",https://www.redbus.in/bus-tickets/delhi-to-chandigarh,Delhi to Chandigarh
HRTC - 576,Himsuta AC Seater Volvo/Scania 2+2,23:20,04:10,04h 50m,INR 523,13 Seats available,3.9,https://www.redbus.in/bus-tickets/delhi-to-chandigarh,Delhi to Chandigarh
Laxmi holidays,Volvo 9600 A/C Semi Sleeper (2+2),20:00,01:40,05h 40m,450,8 Seats available,"3.5
22",https://www.redbus.in/bus-tickets/delhi-to-chandigarh,Delhi to Chandigarh
Jamna Travels (Delhi),A/C Seater / Sleeper (2+2),20:00,00:29,04h 29m,INR 699,10 Seats available,3.6,https://www.redbus.in/bus-tickets/delhi-to-chandigarh,Delhi to Chandigarh
Laxmi holidays,Volvo Multi-Axle A/C Semi Sleeper (2+2),20:00,01:00,05h 00m,450,30 Seats available,"4.8
82",https://www.redbus.in/bus-tickets/delhi-to-chandigarh,Delhi to Chandigarh
Northern Travels,Volvo A/C Semi Sleeper (2+2),20:00,01:20,05h 20m,INR 519,18 Seats available,"3.1
10",https://www.redbus.in/bus-tickets/delhi-to-chandigarh,Delhi to Chandigarh
Laxmi holidays,Volvo A/C Semi Sleeper (2+2),20:00,01:10,05h 10m,495,9 Seats available,"4.1
52",https://www.redbus.in/bus-tickets/delhi-to-chandigarh,Delhi to Chandigarh
HRTC - 569,Himmani Deluxe 2+2 Non AC Seater,21:22,09:20,11h 58m,INR 779,27 Seats available,"3.9
7",https://www.redbus.in/bus-tickets/delhi-to-dharamshala,Delhi to Dharamshala (Himachal Pradesh)
HRTC - 569,Himmani Deluxe 2+2 Non AC Seater,21:22,09:06,11h 44m,INR 755,24 Seats available,"4.7
14",https://www.redbus.in/bus-tickets/delhi-to-dharamshala,Delhi to Dharamshala (Himachal Pradesh)
HRTC - 577,A/C Executive (2+3),21:40,09:10,11h 30m,INR 790,42 Seats available,"2.7
32",https://www.redbus.in/bus-tickets/delhi-to-dharamshala,Delhi to Dharamshala (Himachal Pradesh)
HRTC - 582,Ordinary 3+2 Non AC Seater,23:05,11:45,12h 40m,INR 670,37 Seats available,"2.3
18",https://www.redbus.in/bus-tickets/delhi-to-dharamshala,Delhi to Dharamshala (Himachal Pradesh)
Ram Dalal Holidays,Volvo 9600 Multi Axle Semi-Sleeper (2+2),20:50,08:10,11h 20m,INR 650,29 Seats available,"4.8
1034",https://www.redbus.in/bus-tickets/delhi-to-dharamshala,Delhi to Dharamshala (Himachal Pradesh)
Laxmi holidays,Volvo 9600 A/C Semi Sleeper (2+2),22:00,09:00,11h 00m,569,16 Seats available,"4.8
671",https://www.redbus.in/bus-tickets/delhi-to-dharamshala,Delhi to Dharamshala (Himachal Pradesh)
Bedi Travels,Volvo 9600 Multi Axle Semi-Sleeper (2+2),20:30,07:30,11h 00m,612,19 Seats available,"4.8
545",https://www.redbus.in/bus-tickets/delhi-to-dharamshala,Delhi to Dharamshala (Himachal Pradesh)
AdNew Himalaya Travels,Volvo A/C Semi Sleeper (2+2),20:20,07:45,11h 25m,INR 520,18 Seats available,"4.2
93",https://www.redbus.in/bus-tickets/delhi-to-dharamshala,Delhi to Dharamshala (Himachal Pradesh)
Bedi Travels,Volvo 9600 Multi Axle Semi-Sleeper (2+2),20:30,07:45,11h 15m,612,19 Seats available,"4.8
393",https://www.redbus.in/bus-tickets/delhi-to-dharamshala,Delhi to Dharamshala (Himachal Pradesh)
HRTC - 3,Himsuta AC Seater Volvo/Scania 2+2,22:30,06:00,07h 30m,INR 721,13 Seats available,"4.7
28",https://www.redbus.in/bus-tickets/solan-to-delhi,Solan to Delhi
HRTC - 35,Himsuta AC Seater Volvo/Scania 2+2,23:00,06:15,07h 15m,INR 721,31 Seats available,"3.9
11",https://www.redbus.in/bus-tickets/solan-to-delhi,Solan to Delhi
HRTC - 19,Himsuta AC Seater Volvo/Scania 2+2,23:00,06:00,07h 00m,INR 721,34 Seats available,"2.5
4",https://www.redbus.in/bus-tickets/solan-to-delhi,Solan to Delhi
HRTC - 92,Himsuta AC Seater Volvo/Scania 2+2,23:50,07:00,07h 10m,INR 721,32 Seats available,3.9,https://www.redbus.in/bus-tickets/solan-to-delhi,Solan to Delhi
Bedi Travels,Volvo A/C Semi Sleeper (2+2 ),23:00,05:30,06h 30m,585,8 Seats available,"4.8
114",https://www.redbus.in/bus-tickets/solan-to-delhi,Solan to Delhi
Laxmi holidays,Scania Multi-Axle AC Semi Sleeper (2+2),21:30,04:30,07h 00m,674,15 Seats available,"4.6
255",https://www.redbus.in/bus-tickets/solan-to-delhi,Solan to Delhi
Zingbus Plus,Bharat Benz A/C Semi Sleeper (2+2),21:50,04:50,07h 00m,610,9 Seats available,4.6,https://www.redbus.in/bus-tickets/solan-to-delhi,Solan to Delhi
FlixBus,A/C Seater (2+2),21:25,05:00,07h 35m,INR 891,10 Seats available,4.0,https://www.redbus.in/bus-tickets/solan-to-delhi,Solan to Delhi
HRTC - 82,Himsuta AC Seater Volvo/Scania 2+2,21:55,09:30,11h 35m,INR 1342,22 Seats available,"4.5
20",https://www.redbus.in/bus-tickets/delhi-to-palampur,Delhi to Palampur
HRTC - 575,A/C Executive (2+3),21:59,10:35,12h 36m,INR 865,45 Seats available,"2.9
14",https://www.redbus.in/bus-tickets/delhi-to-palampur,Delhi to Palampur
Laxmi holidays,Volvo A/C Semi Sleeper (2+2),20:25,07:00,10h 35m,539,14 Seats available,"4.5
385",https://www.redbus.in/bus-tickets/delhi-to-palampur,Delhi to Palampur
Laxmi holidays,Volvo A/C Semi Sleeper (2+2),21:00,08:15,11h 15m,674,13 Seats available,"4.4
293",https://www.redbus.in/bus-tickets/delhi-to-palampur,Delhi to Palampur
Ram Dalal Holidays,Volvo A/C Semi Sleeper (2+2),21:20,08:00,10h 40m,INR 650,15 Seats available,"4.3
347",https://www.redbus.in/bus-tickets/delhi-to-palampur,Delhi to Palampur
Ram Dalal Holidays,Volvo A/C Semi Sleeper (2+2),22:00,07:00,09h 00m,INR 700,19 Seats available,4.4,https://www.redbus.in/bus-tickets/delhi-to-palampur,Delhi to Palampur
Bedi Travels,Volvo 9600 A/C Semi Sleeper (2+2),20:15,07:45,11h 30m,585,9 Seats available,"4.7
481",https://www.redbus.in/bus-tickets/delhi-to-palampur,Delhi to Palampur
Ram Dalal Holidays,Volvo 9600 A/C Semi Sleeper (2+2),20:15,07:00,10h 45m,INR 650,6 Seats available,"4.7
464",https://www.redbus.in/bus-tickets/delhi-to-palampur,Delhi to Palampur
Bharmani Travels,Volvo A/C Semi Sleeper (2+2),21:15,07:00,09h 45m,573,24 Seats available,"3.9
221",https://www.redbus.in/bus-tickets/delhi-to-palampur,Delhi to Palampur
Northern Travels,Volvo A/C Semi Sleeper (2+2),20:15,07:30,11h 15m,INR 519,18 Seats available,"3.6
183",https://www.redbus.in/bus-tickets/delhi-to-palampur,Delhi to Palampur
HRTC - 591,A/C Executive (2+3),21:00,05:50,08h 50m,INR 519,36 Seats available,"4.4
11",https://www.redbus.in/bus-tickets/delhi-to-solan,Delhi to Solan
HRTC - 20,Himsuta AC Seater Volvo/Scania 2+2,21:36,04:10,06h 34m,INR 696,26 Seats available,"3.9
8",https://www.redbus.in/bus-tickets/delhi-to-solan,Delhi to Solan
HRTC - 518,Ordinary 3+2 Non AC Seater,21:58,05:00,07h 02m,INR 404,27 Seats available,"4.2
5",https://www.redbus.in/bus-tickets/delhi-to-solan,Delhi to Solan
HRTC - 9,Himsuta AC Seater Volvo/Scania 2+2,22:00,06:00,08h 00m,INR 721,30 Seats available,"4.1
36",https://www.redbus.in/bus-tickets/delhi-to-solan,Delhi to Solan
HRTC - 36,Himsuta AC Seater Volvo/Scania 2+2,22:30,05:10,06h 40m,INR 696,17 Seats available,"4.1
22",https://www.redbus.in/bus-tickets/delhi-to-solan,Delhi to Solan
HRTC - 22,Himsuta AC Seater Volvo/Scania 2+2,23:00,06:50,07h 50m,INR 721,30 Seats available,"3.8
28",https://www.redbus.in/bus-tickets/delhi-to-solan,Delhi to Solan
HRTC - 564,Ordinary 3+2 Non AC Seater,23:40,07:40,08h 00m,INR 404,35 Seats available,"2.9
4",https://www.redbus.in/bus-tickets/delhi-to-solan,Delhi to Solan
Laxmi holidays,Volvo A/C Semi Sleeper (2+2),23:25,06:40,07h 15m,522,8 Seats available,"4.7
297",https://www.redbus.in/bus-tickets/delhi-to-solan,Delhi to Solan
Bedi Travels,Volvo A/C Semi Sleeper (2+2 ),23:00,06:45,07h 45m,477,12 Seats available,"4.9
106",https://www.redbus.in/bus-tickets/delhi-to-solan,Delhi to Solan
Laxmi holidays,Scania Multi-Axle AC Semi Sleeper (2+2),23:30,06:30,07h 00m,INR 499,18 Seats available,"4.6
161",https://www.redbus.in/bus-tickets/delhi-to-solan,Delhi to Solan
Ram Dalal Holidays,Mercedes Multi-Axle Semi Sleeper (2+2),23:30,06:30,07h 00m,INR 650,25 Seats available,"4.6
121",https://www.redbus.in/bus-tickets/delhi-to-solan,Delhi to Solan
Zingbus Plus,Bharat Benz A/C Semi Sleeper (2+2),22:55,06:40,07h 45m,500,16 Seats available,4.4,https://www.redbus.in/bus-tickets/delhi-to-solan,Delhi to Solan
HRTC - 711,Himmani Deluxe 2+2 Non AC Seater,06:00,15:30,09h 30m,INR 612,23 Seats available,"2.6
9",https://www.redbus.in/bus-tickets/manali-to-shimla,Manali to Shimla
HRTC - 812,Ordinary 3+2 Non AC Seater,09:20,19:30,10h 10m,INR 556,37 Seats available,"3.6
6",https://www.redbus.in/bus-tickets/manali-to-shimla,Manali to Shimla
HRTC - 710,Himmani Deluxe 2+2 Non AC Seater,18:20,04:30,10h 10m,INR 641,26 Seats available,"3.6
19",https://www.redbus.in/bus-tickets/manali-to-shimla,Manali to Shimla
HRTC - 726,Ordinary 3+2 Non AC Seater,19:20,04:30,09h 10m,INR 583,27 Seats available,"3.3
8",https://www.redbus.in/bus-tickets/manali-to-shimla,Manali to Shimla
HRTC - 155,Himsuta AC Seater Volvo/Scania 2+2,21:00,06:10,09h 10m,INR 963,33 Seats available,"3.7
102",https://www.redbus.in/bus-tickets/manali-to-shimla,Manali to Shimla
HRTC - 718,Ordinary 3+2 Non AC Seater,21:30,04:30,07h 00m,INR 583,39 Seats available,"3.2
5",https://www.redbus.in/bus-tickets/manali-to-shimla,Manali to Shimla
KRISHNA TRANSPORT SHIMLA,NON A/C Seater Push Back (2+2),08:30,17:15,08h 45m,INR 740,33 Seats available,"3.2
52",https://www.redbus.in/bus-tickets/manali-to-shimla,Manali to Shimla
HRTC - 950,Ordinary 3+2 Non AC Seater,05:00,18:30,13h 30m,INR 715,23 Seats available,"3.6
6",https://www.redbus.in/bus-tickets/palampur-to-delhi,Palampur to Delhi
HRTC - 1138,Ordinary 3+2 Non AC Seater,06:05,20:15,14h 10m,INR 726,35 Seats available,"4.3
6",https://www.redbus.in/bus-tickets/palampur-to-delhi,Palampur to Delhi
HRTC - 164,Himsuta AC Seater Volvo/Scania 2+2,07:00,20:05,13h 05m,INR 1247,8 Seats available,"4.2
32",https://www.redbus.in/bus-tickets/palampur-to-delhi,Palampur to Delhi
HRTC - 953,Ordinary 3+2 Non AC Seater,14:30,05:20,14h 50m,INR 758,30 Seats available,3.9,https://www.redbus.in/bus-tickets/palampur-to-delhi,Palampur to Delhi
HRTC - 1104,Ordinary 3+2 Non AC Seater,15:35,05:30,13h 55m,INR 716,37 Seats available,3.9,https://www.redbus.in/bus-tickets/palampur-to-delhi,Palampur to Delhi
HRTC - 952,Ordinary 3+2 Non AC Seater,15:45,05:30,13h 45m,INR 715,34 Seats available,"2.8
5",https://www.redbus.in/bus-tickets/palampur-to-delhi,Palampur to Delhi
HRTC - 1158,Himsuta AC Seater Volvo/Scania 2+2,17:15,05:15,12h 00m,INR 1299,19 Seats available,"4.5
31",https://www.redbus.in/bus-tickets/palampur-to-delhi,Palampur to Delhi
HRTC - 1134,Himmani Deluxe 2+2 Non AC Seater,17:30,05:40,12h 10m,INR 792,15 Seats available,"3.2
27",https://www.redbus.in/bus-tickets/palampur-to-delhi,Palampur to Delhi
HRTC - 951,Ordinary 3+2 Non AC Seater,18:12,06:45,12h 33m,INR 716,26 Seats available,"3.8
17",https://www.redbus.in/bus-tickets/palampur-to-delhi,Palampur to Delhi
HRTC - 79,Himsuta AC Seater Volvo/Scania 2+2,18:40,07:00,12h 20m,INR 1342,16 Seats available,"3.8
18",https://www.redbus.in/bus-tickets/palampur-to-delhi,Palampur to Delhi
HRTC - 1152,Ordinary 3+2 Non AC Seater,20:00,08:10,12h 10m,INR 722,37 Seats available,"4.8
6",https://www.redbus.in/bus-tickets/palampur-to-delhi,Palampur to Delhi
HRTC - 1103,A/C Executive (2+3),20:40,07:30,10h 50m,INR 846,30 Seats available,"4.1
22",https://www.redbus.in/bus-tickets/palampur-to-delhi,Palampur to Delhi
HRTC - 1116,A/C Executive (2+3),21:35,09:00,11h 25m,INR 865,21 Seats available,"2.8
13",https://www.redbus.in/bus-tickets/palampur-to-delhi,Palampur to Delhi
Bedi Travels,Volvo 9600 A/C Semi Sleeper (2+2),19:05,06:00,10h 55m,792,17 Seats available,"4.7
498",https://www.redbus.in/bus-tickets/palampur-to-delhi,Palampur to Delhi
Ram Dalal Holidays,Volvo 9600 A/C Semi Sleeper (2+2),18:50,05:30,10h 40m,INR 1000,19 Seats available,"4.6
371",https://www.redbus.in/bus-tickets/palampur-to-delhi,Palampur to Delhi
Laxmi holidays,Volvo A/C Semi Sleeper (2+2),20:50,07:30,10h 40m,949,39 Seats available,"4.5
392",https://www.redbus.in/bus-tickets/palampur-to-delhi,Palampur to Delhi
Ram Dalal Holidays,Volvo A/C Semi Sleeper (2+2),19:30,06:00,10h 30m,INR 1220,18 Seats available,"4.4
332",https://www.redbus.in/bus-tickets/palampur-to-delhi,Palampur to Delhi
Laxmi holidays,Volvo A/C Semi Sleeper (2+2),18:15,05:30,11h 15m,949,19 Seats available,"4.4
293",https://www.redbus.in/bus-tickets/palampur-to-delhi,Palampur to Delhi
HRTC - 1506,Himsuta AC Seater Volvo/Scania 2+2,08:50,15:30,06h 40m,INR 775,33 Seats available,"4.8
6",https://www.redbus.in/bus-tickets/chandigarh-to-kullu,Chandigarh to Kullu
HRTC - 1545,Ordinary 3+2 Non AC Seater,08:55,16:00,07h 05m,INR 462,27 Seats available,3.9,https://www.redbus.in/bus-tickets/chandigarh-to-kullu,Chandigarh to Kullu
HRTC - 508,A/C Executive (2+3),12:00,19:25,07h 25m,INR 482,41 Seats available,"4.5
4",https://www.redbus.in/bus-tickets/chandigarh-to-kullu,Chandigarh to Kullu
HRTC - 1519,Himsuta AC Seater Volvo/Scania 2+2,14:20,21:00,06h 40m,INR 793,28 Seats available,3.9,https://www.redbus.in/bus-tickets/chandigarh-to-kullu,Chandigarh to Kullu
HRTC - 2030250,Ordinary 3+2 Non AC Seater,16:30,21:30,05h 00m,INR 458,37 Seats available,3.9,https://www.redbus.in/bus-tickets/chandigarh-to-kullu,Chandigarh to Kullu
HRTC - 514,Ordinary 3+2 Non AC Seater,17:40,03:15,09h 35m,INR 469,37 Seats available,3.9,https://www.redbus.in/bus-tickets/chandigarh-to-kullu,Chandigarh to Kullu
HRTC - 516,Ordinary 3+2 Non AC Seater,18:10,01:00,06h 50m,INR 462,22 Seats available,3.9,https://www.redbus.in/bus-tickets/chandigarh-to-kullu,Chandigarh to Kullu
HRTC - 1507,Ordinary 3+2 Non AC Seater,18:40,01:50,07h 10m,INR 473,37 Seats available,3.9,https://www.redbus.in/bus-tickets/chandigarh-to-kullu,Chandigarh to Kullu
HRTC - 58,Himsuta AC Seater Volvo/Scania 2+2,19:30,04:00,08h 30m,INR 820,34 Seats available,3.9,https://www.redbus.in/bus-tickets/chandigarh-to-kullu,Chandigarh to Kullu
HRTC - 1544,Ordinary 3+2 Non AC Seater,21:40,06:40,09h 00m,INR 487,27 Seats available,3.9,https://www.redbus.in/bus-tickets/chandigarh-to-kullu,Chandigarh to Kullu
HRTC - 1212,A/C Executive (2+3),21:58,05:09,07h 11m,INR 493,42 Seats available,3.9,https://www.redbus.in/bus-tickets/chandigarh-to-kullu,Chandigarh to Kullu
HRTC - 1522,Himsuta AC Seater Volvo/Scania 2+2,22:00,05:00,07h 00m,INR 775,27 Seats available,"4.1
13",https://www.redbus.in/bus-tickets/chandigarh-to-kullu,Chandigarh to Kullu
HRTC - 521,Ordinary 3+2 Non AC Seater,22:20,06:00,07h 40m,INR 477,37 Seats available,3.9,https://www.redbus.in/bus-tickets/chandigarh-to-kullu,Chandigarh to Kullu
Laxmi holidays,Volvo 9600 A/C Semi Sleeper (2+2),00:15,06:15,06h 00m,INR 499,9 Seats available,"3.1
5",https://www.redbus.in/bus-tickets/chandigarh-to-kullu,Chandigarh to Kullu
Subh Yatri Holidays,Volvo A/C Semi Sleeper (2+2),00:45,06:20,05h 35m,516,41 Seats available,3.3,https://www.redbus.in/bus-tickets/chandigarh-to-kullu,Chandigarh to Kullu
R S YADAV SMART BUS PRIVATE LIMITED,Volvo 9600 A/C Semi Sleeper (2+2),00:54,07:25,06h 31m,570,44 Seats available,4.3,https://www.redbus.in/bus-tickets/chandigarh-to-kullu,Chandigarh to Kullu
Zingbus Plus,Volvo A/C Semi Sleeper (2+2),01:30,06:40,05h 10m,459,30 Seats available,"4.6
7",https://www.redbus.in/bus-tickets/chandigarh-to-kullu,Chandigarh to Kullu
Zingbus Plus,Scania A/C Semi Sleeper (2+2),01:30,06:40,05h 10m,514,1 Seat available,"4.5
10",https://www.redbus.in/bus-tickets/chandigarh-to-kullu,Chandigarh to Kullu
HRTC - 1136,Ordinary 3+2 Non AC Seater,05:45,11:50,06h 05m,INR 365,35 Seats available,"4.9
7",https://www.redbus.in/bus-tickets/kangra-to-chandigarh,Kangra to Chandigarh
HRTC - 906,Ordinary 3+2 Non AC Seater,06:00,12:15,06h 15m,INR 370,34 Seats available,3.9,https://www.redbus.in/bus-tickets/kangra-to-chandigarh,Kangra to Chandigarh
HRTC - 110,Himsuta AC Seater Volvo/Scania 2+2,07:30,14:40,07h 10m,INR 655,31 Seats available,3.9,https://www.redbus.in/bus-tickets/kangra-to-chandigarh,Kangra to Chandigarh
HRTC - 1138,Ordinary 3+2 Non AC Seater,07:40,14:15,06h 35m,INR 365,35 Seats available,"3.4
7",https://www.redbus.in/bus-tickets/kangra-to-chandigarh,Kangra to Chandigarh
HRTC - 923,Ordinary 3+2 Non AC Seater,08:00,13:35,05h 35m,INR 365,32 Seats available,3.9,https://www.redbus.in/bus-tickets/kangra-to-chandigarh,Kangra to Chandigarh
HRTC - 1108,Ordinary 3+2 Non AC Seater,09:05,16:30,07h 25m,INR 385,37 Seats available,3.9,https://www.redbus.in/bus-tickets/kangra-to-chandigarh,Kangra to Chandigarh
HRTC - 933,Ordinary 3+2 Non AC Seater,09:40,16:45,07h 05m,INR 395,36 Seats available,3.9,https://www.redbus.in/bus-tickets/kangra-to-chandigarh,Kangra to Chandigarh
HRTC - 89,Himsuta AC Seater Volvo/Scania 2+2,10:00,15:15,05h 15m,INR 655,26 Seats available,"3.5
53",https://www.redbus.in/bus-tickets/kangra-to-chandigarh,Kangra to Chandigarh
HRTC - 926,Ordinary 3+2 Non AC Seater,10:15,18:00,07h 45m,INR 377,37 Seats available,3.9,https://www.redbus.in/bus-tickets/kangra-to-chandigarh,Kangra to Chandigarh
HRTC - 1125,Ordinary 3+2 Non AC Seater,10:30,18:10,07h 40m,INR 365,37 Seats available,3.9,https://www.redbus.in/bus-tickets/kangra-to-chandigarh,Kangra to Chandigarh
HRTC - 1118,Ordinary 3+2 Non AC Seater,11:10,17:30,06h 20m,INR 371,37 Seats available,3.9,https://www.redbus.in/bus-tickets/kangra-to-chandigarh,Kangra to Chandigarh
HRTC - 915,Ordinary 3+2 Non AC Seater,11:30,18:15,06h 45m,INR 385,37 Seats available,3.9,https://www.redbus.in/bus-tickets/kangra-to-chandigarh,Kangra to Chandigarh
HRTC - 1113,Ordinary 3+2 Non AC Seater,11:50,18:25,06h 35m,INR 365,37 Seats available,"4.1
5",https://www.redbus.in/bus-tickets/kangra-to-chandigarh,Kangra to Chandigarh
HRTC - 90,Himsuta AC Seater Volvo/Scania 2+2,12:40,19:15,06h 35m,INR 655,24 Seats available,"3.8
13",https://www.redbus.in/bus-tickets/kangra-to-chandigarh,Kangra to Chandigarh
HRTC - 954,Ordinary 3+2 Non AC Seater,13:25,19:41,06h 16m,INR 385,36 Seats available,3.9,https://www.redbus.in/bus-tickets/kangra-to-chandigarh,Kangra to Chandigarh
HRTC - 1151,Ordinary 3+2 Non AC Seater,14:00,22:40,08h 40m,INR 365,36 Seats available,3.9,https://www.redbus.in/bus-tickets/kangra-to-chandigarh,Kangra to Chandigarh
HRTC - 967,Ordinary 3+2 Non AC Seater,15:00,22:10,07h 10m,INR 370,35 Seats available,3.9,https://www.redbus.in/bus-tickets/kangra-to-chandigarh,Kangra to Chandigarh
HRTC - 912,Ordinary 3+2 Non AC Seater,15:40,23:10,07h 30m,INR 395,37 Seats available,3.9,https://www.redbus.in/bus-tickets/kangra-to-chandigarh,Kangra to Chandigarh
HRTC - 911,Ordinary 3+2 Non AC Seater,16:15,23:20,07h 05m,INR 385,37 Seats available,3.9,https://www.redbus.in/bus-tickets/kangra-to-chandigarh,Kangra to Chandigarh
HRTC - 653,A/C Executive (2+3),17:05,22:50,05h 45m,INR 437,43 Seats available,3.9,https://www.redbus.in/bus-tickets/kangra-to-chandigarh,Kangra to Chandigarh
HRTC - 1104,Ordinary 3+2 Non AC Seater,17:20,00:20,07h 00m,INR 365,21 Seats available,3.9,https://www.redbus.in/bus-tickets/kangra-to-chandigarh,Kangra to Chandigarh
HRTC - 1109,Ordinary 3+2 Non AC Seater,17:50,00:20,06h 30m,INR 391,36 Seats available,"3.5
5",https://www.redbus.in/bus-tickets/kangra-to-chandigarh,Kangra to Chandigarh
HRTC - 1158,Himsuta AC Seater Volvo/Scania 2+2,18:30,00:05,05h 35m,INR 655,19 Seats available,"3.4
4",https://www.redbus.in/bus-tickets/kangra-to-chandigarh,Kangra to Chandigarh
HRTC - 1134,Himmani Deluxe 2+2 Non AC Seater,19:00,00:40,05h 40m,INR 403,18 Seats available,"4.0
4",https://www.redbus.in/bus-tickets/kangra-to-chandigarh,Kangra to Chandigarh
HRTC - 951,Ordinary 3+2 Non AC Seater,19:25,00:45,05h 20m,INR 365,30 Seats available,"4.4
5",https://www.redbus.in/bus-tickets/kangra-to-chandigarh,Kangra to Chandigarh
HRTC - 925,A/C Executive (2+3),19:55,02:00,06h 05m,INR 415,44 Seats available,3.9,https://www.redbus.in/bus-tickets/kangra-to-chandigarh,Kangra to Chandigarh
HRTC - 43,Himsuta AC Seater Volvo/Scania 2+2,20:15,01:15,05h 00m,INR 688,29 Seats available,3.9,https://www.redbus.in/bus-tickets/kangra-to-chandigarh,Kangra to Chandigarh
HRTC - 13,Himsuta AC Seater Volvo/Scania 2+2,20:40,02:15,05h 35m,INR 683,27 Seats available,3.9,https://www.redbus.in/bus-tickets/kangra-to-chandigarh,Kangra to Chandigarh
HRTC - 905,Ordinary 3+2 Non AC Seater,21:00,02:30,05h 30m,INR 385,37 Seats available,3.9,https://www.redbus.in/bus-tickets/kangra-to-chandigarh,Kangra to Chandigarh
HRTC - 1152,Ordinary 3+2 Non AC Seater,21:30,03:00,05h 30m,INR 365,32 Seats available,3.9,https://www.redbus.in/bus-tickets/kangra-to-chandigarh,Kangra to Chandigarh
FlixBus,A/C Seater (2+2),18:40,00:55,06h 15m,INR 669,18 Seats available,"4.1
11",https://www.redbus.in/bus-tickets/kangra-to-chandigarh,Kangra to Chandigarh
Laxmi holidays,Volvo 9600 A/C Semi Sleeper (2+2),19:10,01:00,05h 50m,759,17 Seats available,"4.6
39",https://www.redbus.in/bus-tickets/kangra-to-chandigarh,Kangra to Chandigarh
Laxmi holidays,VE A/C Semi Sleeper (2+2),19:35,23:55,04h 20m,759,26 Seats available,"4.6
45",https://www.redbus.in/bus-tickets/kangra-to-chandigarh,Kangra to Chandigarh
Bedi Travels,Volvo 9600 Multi Axle Semi-Sleeper (2+2),19:45,01:00,05h 15m,792,14 Seats available,"5.0
9",https://www.redbus.in/bus-tickets/kangra-to-chandigarh,Kangra to Chandigarh
Raghukul Holidays,Volvo A/C Semi Sleeper (2+2),20:00,00:50,04h 50m,764,30 Seats available,3.6,https://www.redbus.in/bus-tickets/kangra-to-chandigarh,Kangra to Chandigarh
HRTC - 964,Ordinary 3+2 Non AC Seater,04:30,12:40,08h 10m,INR 450,37 Seats available,3.9,https://www.redbus.in/bus-tickets/palampur-to-chandigarh,Palampur to Chandigarh
HRTC - 982,Ordinary 3+2 Non AC Seater,04:40,13:05,08h 25m,INR 454,36 Seats available,3.9,https://www.redbus.in/bus-tickets/palampur-to-chandigarh,Palampur to Chandigarh
HRTC - 1309,Ordinary 3+2 Non AC Seater,05:40,14:10,08h 30m,INR 452,37 Seats available,3.9,https://www.redbus.in/bus-tickets/palampur-to-chandigarh,Palampur to Chandigarh
HRTC - 1165,Ordinary 3+2 Non AC Seater,06:00,14:15,08h 15m,INR 493,25 Seats available,3.9,https://www.redbus.in/bus-tickets/palampur-to-chandigarh,Palampur to Chandigarh
HRTC - 1138,Ordinary 3+2 Non AC Seater,06:05,14:15,08h 10m,INR 451,35 Seats available,3.9,https://www.redbus.in/bus-tickets/palampur-to-chandigarh,Palampur to Chandigarh
HRTC - 164,Himsuta AC Seater Volvo/Scania 2+2,07:00,14:00,07h 00m,INR 739,5 Seats available,"4.4
16",https://www.redbus.in/bus-tickets/palampur-to-chandigarh,Palampur to Chandigarh
HRTC - 974,Ordinary 3+2 Non AC Seater,07:30,17:15,09h 45m,INR 490,24 Seats available,3.9,https://www.redbus.in/bus-tickets/palampur-to-chandigarh,Palampur to Chandigarh
HRTC - 1108,Ordinary 3+2 Non AC Seater,07:46,16:30,08h 44m,INR 470,37 Seats available,3.9,https://www.redbus.in/bus-tickets/palampur-to-chandigarh,Palampur to Chandigarh
HRTC - 89,Himsuta AC Seater Volvo/Scania 2+2,08:40,15:15,06h 35m,INR 796,26 Seats available,"2.7
59",https://www.redbus.in/bus-tickets/palampur-to-chandigarh,Palampur to Chandigarh
HRTC - 1125,Ordinary 3+2 Non AC Seater,08:50,18:10,09h 20m,INR 451,37 Seats available,3.9,https://www.redbus.in/bus-tickets/palampur-to-chandigarh,Palampur to Chandigarh
HRTC - 1118,Ordinary 3+2 Non AC Seater,09:40,17:30,07h 50m,INR 456,37 Seats available,"2.0
6",https://www.redbus.in/bus-tickets/palampur-to-chandigarh,Palampur to Chandigarh
HRTC - 1113,Ordinary 3+2 Non AC Seater,10:24,18:25,08h 01m,INR 451,35 Seats available,"2.1
6",https://www.redbus.in/bus-tickets/palampur-to-chandigarh,Palampur to Chandigarh
HRTC - 954,Ordinary 3+2 Non AC Seater,12:00,19:41,07h 41m,INR 470,37 Seats available,3.9,https://www.redbus.in/bus-tickets/palampur-to-chandigarh,Palampur to Chandigarh
HRTC - 955,Ordinary 3+2 Non AC Seater,14:40,23:55,09h 15m,INR 453,35 Seats available,3.9,https://www.redbus.in/bus-tickets/palampur-to-chandigarh,Palampur to Chandigarh
HRTC - 1104,Ordinary 3+2 Non AC Seater,15:35,00:20,08h 45m,INR 451,23 Seats available,3.9,https://www.redbus.in/bus-tickets/palampur-to-chandigarh,Palampur to Chandigarh
HRTC - 952,Ordinary 3+2 Non AC Seater,15:45,00:20,08h 35m,INR 450,37 Seats available,3.9,https://www.redbus.in/bus-tickets/palampur-to-chandigarh,Palampur to Chandigarh
HRTC - 1109,Ordinary 3+2 Non AC Seater,16:30,00:20,07h 50m,INR 476,36 Seats available,3.9,https://www.redbus.in/bus-tickets/palampur-to-chandigarh,Palampur to Chandigarh
HRTC - 1158,Himsuta AC Seater Volvo/Scania 2+2,17:15,00:05,06h 50m,INR 796,19 Seats available,"4.3
10",https://www.redbus.in/bus-tickets/palampur-to-chandigarh,Palampur to Chandigarh
HRTC - 1134,Himmani Deluxe 2+2 Non AC Seater,17:30,00:40,07h 10m,INR 497,15 Seats available,3.9,https://www.redbus.in/bus-tickets/palampur-to-chandigarh,Palampur to Chandigarh
HRTC - 951,Ordinary 3+2 Non AC Seater,18:12,00:45,06h 33m,INR 451,32 Seats available,"4.0
4",https://www.redbus.in/bus-tickets/palampur-to-chandigarh,Palampur to Chandigarh
HRTC - 622,Ordinary 3+2 Non AC Seater,18:20,02:30,08h 10m,INR 489,37 Seats available,3.9,https://www.redbus.in/bus-tickets/palampur-to-chandigarh,Palampur to Chandigarh
HRTC - 79,Himsuta AC Seater Volvo/Scania 2+2,18:40,02:00,07h 20m,INR 834,17 Seats available,3.9,https://www.redbus.in/bus-tickets/palampur-to-chandigarh,Palampur to Chandigarh
HRTC - 1152,Ordinary 3+2 Non AC Seater,20:00,03:00,07h 00m,INR 457,37 Seats available,"4.4
4",https://www.redbus.in/bus-tickets/palampur-to-chandigarh,Palampur to Chandigarh
HRTC - 1103,A/C Executive (2+3),20:40,03:00,06h 20m,INR 481,40 Seats available,"2.7
8",https://www.redbus.in/bus-tickets/palampur-to-chandigarh,Palampur to Chandigarh
HRTC - 1116,A/C Executive (2+3),21:35,04:05,06h 30m,INR 510,22 Seats available,"3.2
12",https://www.redbus.in/bus-tickets/palampur-to-chandigarh,Palampur to Chandigarh
Laxmi holidays,Volvo A/C Semi Sleeper (2+2),18:15,01:15,07h 00m,854,17 Seats available,"4.5
82",https://www.redbus.in/bus-tickets/palampur-to-chandigarh,Palampur to Chandigarh
Northern Travels,Volvo A/C Semi Sleeper (2+2),18:45,01:00,06h 15m,864,18 Seats available,"3.0
15",https://www.redbus.in/bus-tickets/palampur-to-chandigarh,Palampur to Chandigarh
Ram Dalal Holidays,Volvo 9600 A/C Semi Sleeper (2+2),18:50,01:10,06h 20m,INR 1000,19 Seats available,"4.5
48",https://www.redbus.in/bus-tickets/palampur-to-chandigarh,Palampur to Chandigarh
Bedi Travels,Volvo 9600 A/C Semi Sleeper (2+2),19:05,01:45,06h 40m,792,17 Seats available,"4.3
17",https://www.redbus.in/bus-tickets/palampur-to-chandigarh,Palampur to Chandigarh
Laxmi holidays,Scania Multi-Axle AC Semi Sleeper (2+2),19:20,01:50,06h 30m,759,41 Seats available,"4.7
72",https://www.redbus.in/bus-tickets/palampur-to-chandigarh,Palampur to Chandigarh
HRTC - 1223,Ordinary 3+2 Non AC Seater,01:30,05:30,04h 00m,INR 242,37 Seats available,3.9,https://www.redbus.in/bus-tickets/chandigarh-to-shimla,Chandigarh to Shimla
HRTC - 579,Ordinary 3+2 Non AC Seater,03:00,08:15,05h 15m,INR 242,27 Seats available,3.9,https://www.redbus.in/bus-tickets/chandigarh-to-shimla,Chandigarh to Shimla
HRTC - 373,Ordinary 3+2 Non AC Seater,04:30,09:00,04h 30m,INR 242,27 Seats available,"3.5
6",https://www.redbus.in/bus-tickets/chandigarh-to-shimla,Chandigarh to Shimla
HRTC - 2040084,Ordinary 3+2 Non AC Seater,04:36,08:30,03h 54m,INR 242,27 Seats available,3.9,https://www.redbus.in/bus-tickets/chandigarh-to-shimla,Chandigarh to Shimla
HRTC - 1730,Ordinary 3+2 Non AC Seater,06:12,10:15,04h 03m,INR 242,27 Seats available,"3.8
9",https://www.redbus.in/bus-tickets/chandigarh-to-shimla,Chandigarh to Shimla
HRTC - 2030259,Ordinary 3+2 Non AC Seater,06:24,10:30,04h 06m,INR 242,37 Seats available,3.9,https://www.redbus.in/bus-tickets/chandigarh-to-shimla,Chandigarh to Shimla
HRTC - 1726,Ordinary 3+2 Non AC Seater,06:36,11:30,04h 54m,INR 249,37 Seats available,3.9,https://www.redbus.in/bus-tickets/chandigarh-to-shimla,Chandigarh to Shimla
HRTC - 175,Ordinary 3+2 Non AC Seater,07:48,11:50,04h 02m,INR 241,27 Seats available,"3.4
23",https://www.redbus.in/bus-tickets/chandigarh-to-shimla,Chandigarh to Shimla
HRTC - 395,Ordinary 3+2 Non AC Seater,09:00,13:15,04h 15m,INR 242,27 Seats available,3.9,https://www.redbus.in/bus-tickets/chandigarh-to-shimla,Chandigarh to Shimla
HRTC - 2030256,Ordinary 3+2 Non AC Seater,11:12,15:50,04h 38m,INR 242,37 Seats available,3.9,https://www.redbus.in/bus-tickets/chandigarh-to-shimla,Chandigarh to Shimla
HRTC - 1550,Ordinary 3+2 Non AC Seater,11:36,15:45,04h 09m,INR 242,37 Seats available,"3.3
11",https://www.redbus.in/bus-tickets/chandigarh-to-shimla,Chandigarh to Shimla
HRTC - 146,Ordinary 3+2 Non AC Seater,11:48,16:00,04h 12m,INR 242,37 Seats available,3.9,https://www.redbus.in/bus-tickets/chandigarh-to-shimla,Chandigarh to Shimla
HRTC - 335,Ordinary 3+2 Non AC Seater,11:54,17:30,05h 36m,INR 242,37 Seats available,3.9,https://www.redbus.in/bus-tickets/chandigarh-to-shimla,Chandigarh to Shimla
HRTC - 354,Ordinary 3+2 Non AC Seater,12:30,16:30,04h 00m,INR 242,27 Seats available,3.9,https://www.redbus.in/bus-tickets/chandigarh-to-shimla,Chandigarh to Shimla
HRTC - 1551,Ordinary 3+2 Non AC Seater,12:30,16:39,04h 09m,INR 242,47 Seats available,3.9,https://www.redbus.in/bus-tickets/chandigarh-to-shimla,Chandigarh to Shimla
HRTC - 1552,Ordinary 3+2 Non AC Seater,13:54,18:03,04h 09m,INR 237,37 Seats available,3.9,https://www.redbus.in/bus-tickets/chandigarh-to-shimla,Chandigarh to Shimla
HRTC - 1556,Ordinary 3+2 Non AC Seater,14:48,19:00,04h 12m,INR 242,37 Seats available,3.9,https://www.redbus.in/bus-tickets/chandigarh-to-shimla,Chandigarh to Shimla
HRTC - 126,Ordinary 3+2 Non AC Seater,15:15,19:45,04h 30m,INR 242,37 Seats available,3.9,https://www.redbus.in/bus-tickets/chandigarh-to-shimla,Chandigarh to Shimla
HRTC - 1553,Ordinary 3+2 Non AC Seater,16:40,20:49,04h 09m,INR 242,47 Seats available,3.9,https://www.redbus.in/bus-tickets/chandigarh-to-shimla,Chandigarh to Shimla
HRTC - 2080051,Himmani Deluxe 2+2 Non AC Seater,16:50,21:20,04h 30m,INR 262,27 Seats available,3.9,https://www.redbus.in/bus-tickets/chandigarh-to-shimla,Chandigarh to Shimla
HRTC - 1511,Himmani Deluxe 2+2 Non AC Seater,17:50,22:20,04h 30m,INR 262,22 Seats available,3.9,https://www.redbus.in/bus-tickets/chandigarh-to-shimla,Chandigarh to Shimla
HRTC - 1509,Ordinary 3+2 Non AC Seater,18:00,22:30,04h 30m,INR 242,27 Seats available,3.9,https://www.redbus.in/bus-tickets/chandigarh-to-shimla,Chandigarh to Shimla
HRTC - 63,Himsuta AC Seater Volvo/Scania 2+2,18:10,22:30,04h 20m,INR 389,34 Seats available,"2.7
12",https://www.redbus.in/bus-tickets/chandigarh-to-shimla,Chandigarh to Shimla
HRTC - 515,Ordinary 3+2 Non AC Seater,18:20,22:50,04h 30m,INR 242,37 Seats available,3.9,https://www.redbus.in/bus-tickets/chandigarh-to-shimla,Chandigarh to Shimla
HRTC - 6707,Ordinary 3+2 Non AC Seater,18:30,23:00,04h 30m,INR 240,37 Seats available,3.9,https://www.redbus.in/bus-tickets/chandigarh-to-shimla,Chandigarh to Shimla
HRTC - 1512,Ordinary 3+2 Non AC Seater,19:00,23:30,04h 30m,INR 240,37 Seats available,3.9,https://www.redbus.in/bus-tickets/chandigarh-to-shimla,Chandigarh to Shimla
HRTC - 137,Ordinary 3+2 Non AC Seater,19:30,00:10,04h 40m,INR 242,37 Seats available,3.9,https://www.redbus.in/bus-tickets/chandigarh-to-shimla,Chandigarh to Shimla
HRTC - 1510,Ordinary 3+2 Non AC Seater,20:00,00:30,04h 30m,INR 240,36 Seats available,3.9,https://www.redbus.in/bus-tickets/chandigarh-to-shimla,Chandigarh to Shimla
HRTC - 1729,Ordinary 3+2 Non AC Seater,20:20,01:30,05h 10m,INR 242,36 Seats available,3.9,https://www.redbus.in/bus-tickets/chandigarh-to-shimla,Chandigarh to Shimla
RSRTC - 192344,Super Luxury Volvo AC Seater Pushback 2+2,10:30,14:00,03h 30m,INR 432,31 Seats available,"3.5
37",https://www.redbus.in/bus-tickets/chandigarh-to-shimla,Chandigarh to Shimla
FlixBus,A/C Seater (2+2),04:35,08:35,04h 00m,INR 141,36 Seats available,"3.6
16",https://www.redbus.in/bus-tickets/chandigarh-to-shimla,Chandigarh to Shimla
Bedi Travels,Volvo A/C Semi Sleeper (2+2 ),03:50,08:00,04h 10m,477,13 Seats available,"4.4
7",https://www.redbus.in/bus-tickets/chandigarh-to-shimla,Chandigarh to Shimla
Zingbus Plus,Bharat Benz A/C Semi Sleeper (2+2),04:15,08:10,03h 55m,INR 271,19 Seats available,4.3,https://www.redbus.in/bus-tickets/chandigarh-to-shimla,Chandigarh to Shimla
Laxmi holidays,Scania Multi-Axle AC Semi Sleeper (2+2),04:30,08:00,03h 30m,INR 399,37 Seats available,"4.3
71",https://www.redbus.in/bus-tickets/chandigarh-to-shimla,Chandigarh to Shimla
HRTC - 1531,Ordinary 3+2 Non AC Seater,06:48,14:40,07h 52m,INR 366,37 Seats available,"2.3
7",https://www.redbus.in/bus-tickets/chandigarh-to-kangra,Chandigarh to Kangra
HRTC - 1265,Ordinary 3+2 Non AC Seater,08:10,15:30,07h 20m,INR 377,39 Seats available,3.9,https://www.redbus.in/bus-tickets/chandigarh-to-kangra,Chandigarh to Kangra
HRTC - 1137,Ordinary 3+2 Non AC Seater,14:25,20:15,05h 50m,INR 365,37 Seats available,3.9,https://www.redbus.in/bus-tickets/chandigarh-to-kangra,Chandigarh to Kangra
HRTC - 127,Himsuta AC Seater Volvo/Scania 2+2,14:50,21:40,06h 50m,INR 680,33 Seats available,3.9,https://www.redbus.in/bus-tickets/chandigarh-to-kangra,Chandigarh to Kangra
HRTC - 1526,Ordinary 3+2 Non AC Seater,15:30,21:00,05h 30m,INR 365,27 Seats available,3.9,https://www.redbus.in/bus-tickets/chandigarh-to-kangra,Chandigarh to Kangra
HRTC - 1514,Ordinary 3+2 Non AC Seater,16:00,22:45,06h 45m,INR 395,37 Seats available,3.9,https://www.redbus.in/bus-tickets/chandigarh-to-kangra,Chandigarh to Kangra
HRTC - 1533,Himsuta AC Seater Volvo/Scania 2+2,17:25,23:30,06h 05m,INR 650,34 Seats available,3.9,https://www.redbus.in/bus-tickets/chandigarh-to-kangra,Chandigarh to Kangra
HRTC - 1285,Ordinary 3+2 Non AC Seater,18:40,01:30,06h 50m,INR 377,37 Seats available,3.9,https://www.redbus.in/bus-tickets/chandigarh-to-kangra,Chandigarh to Kangra
HRTC - 573,Ordinary 3+2 Non AC Seater,19:40,01:15,05h 35m,INR 395,37 Seats available,3.9,https://www.redbus.in/bus-tickets/chandigarh-to-kangra,Chandigarh to Kangra
HRTC - 1505,Ordinary 3+2 Non AC Seater,20:16,02:25,06h 09m,INR 365,37 Seats available,"4.1
4",https://www.redbus.in/bus-tickets/chandigarh-to-kangra,Chandigarh to Kangra
HRTC - 1150,Ordinary 3+2 Non AC Seater,20:30,03:25,06h 55m,INR 371,37 Seats available,3.9,https://www.redbus.in/bus-tickets/chandigarh-to-kangra,Chandigarh to Kangra
HRTC - 91,Himsuta AC Seater Volvo/Scania 2+2,22:10,04:05,05h 55m,INR 655,34 Seats available,"3.1
4",https://www.redbus.in/bus-tickets/chandigarh-to-kangra,Chandigarh to Kangra
Laxmi holidays,Volvo Multi-Axle A/C Semi Sleeper (2+2),01:00,06:25,05h 25m,475,28 Seats available,"4.4
37",https://www.redbus.in/bus-tickets/chandigarh-to-kangra,Chandigarh to Kangra
Zingbus Plus,Volvo A/C Semi Sleeper (2+2),01:05,05:20,04h 15m,418,10 Seats available,"4.8
22",https://www.redbus.in/bus-tickets/chandigarh-to-kangra,Chandigarh to Kangra
Ram Dalal Holidays,Volvo 9600 A/C Semi Sleeper (2+2),01:05,05:30,04h 25m,INR 650,6 Seats available,"4.6
6",https://www.redbus.in/bus-tickets/chandigarh-to-kangra,Chandigarh to Kangra
Ram Dalal Holidays,Volvo 9600 A/C Semi Sleeper (2+2),01:05,05:50,04h 45m,INR 650,24 Seats available,"3.9
25",https://www.redbus.in/bus-tickets/chandigarh-to-kangra,Chandigarh to Kangra
Bharmani Travels,Volvo A/C Semi Sleeper (2+2),01:10,05:15,04h 05m,573,24 Seats available,4.1,https://www.redbus.in/bus-tickets/chandigarh-to-kangra,Chandigarh to Kangra
HRTC - 906,Ordinary 3+2 Non AC Seater,06:00,18:15,12h 15m,INR 630,33 Seats available,"4.0
5",https://www.redbus.in/bus-tickets/kangra-to-delhi,Kangra to Delhi
HRTC - 1138,Ordinary 3+2 Non AC Seater,07:40,20:15,12h 35m,INR 640,34 Seats available,3.6,https://www.redbus.in/bus-tickets/kangra-to-delhi,Kangra to Delhi
HRTC - 923,Ordinary 3+2 Non AC Seater,08:00,20:00,12h 00m,INR 630,34 Seats available,3.6,https://www.redbus.in/bus-tickets/kangra-to-delhi,Kangra to Delhi
HRTC - 967,Ordinary 3+2 Non AC Seater,15:00,03:15,12h 15m,INR 630,33 Seats available,"1.4
5",https://www.redbus.in/bus-tickets/kangra-to-delhi,Kangra to Delhi
HRTC - 653,A/C Executive (2+3),17:05,05:30,12h 25m,INR 797,44 Seats available,"2.4
8",https://www.redbus.in/bus-tickets/kangra-to-delhi,Kangra to Delhi
HRTC - 1104,Ordinary 3+2 Non AC Seater,17:20,05:30,12h 10m,INR 630,21 Seats available,3.6,https://www.redbus.in/bus-tickets/kangra-to-delhi,Kangra to Delhi
HRTC - 1158,Himsuta AC Seater Volvo/Scania 2+2,18:30,05:15,10h 45m,INR 1158,19 Seats available,"4.6
24",https://www.redbus.in/bus-tickets/kangra-to-delhi,Kangra to Delhi
HRTC - 903,Himmani Deluxe 2+2 Non AC Seater,18:45,06:00,11h 15m,INR 709,24 Seats available,"3.1
10",https://www.redbus.in/bus-tickets/kangra-to-delhi,Kangra to Delhi
HRTC - 1134,Himmani Deluxe 2+2 Non AC Seater,19:00,05:40,10h 40m,INR 698,15 Seats available,"4.2
14",https://www.redbus.in/bus-tickets/kangra-to-delhi,Kangra to Delhi
HRTC - 951,Ordinary 3+2 Non AC Seater,19:25,06:45,11h 20m,INR 630,37 Seats available,"2.2
11",https://www.redbus.in/bus-tickets/kangra-to-delhi,Kangra to Delhi
HRTC - 904,Himmani Deluxe 2+2 Non AC Seater,19:35,06:30,10h 55m,INR 688,26 Seats available,"3.9
13",https://www.redbus.in/bus-tickets/kangra-to-delhi,Kangra to Delhi
HRTC - 925,A/C Executive (2+3),19:55,06:30,10h 35m,INR 770,38 Seats available,"3.9
23",https://www.redbus.in/bus-tickets/kangra-to-delhi,Kangra to Delhi
HRTC - 13,Himsuta AC Seater Volvo/Scania 2+2,20:40,07:45,11h 05m,INR 1191,32 Seats available,"3.7
17",https://www.redbus.in/bus-tickets/kangra-to-delhi,Kangra to Delhi
HRTC - 905,Ordinary 3+2 Non AC Seater,21:00,07:45,10h 45m,INR 650,37 Seats available,3.6,https://www.redbus.in/bus-tickets/kangra-to-delhi,Kangra to Delhi
HRTC - 1152,Ordinary 3+2 Non AC Seater,21:30,08:10,10h 40m,INR 630,37 Seats available,"3.9
6",https://www.redbus.in/bus-tickets/kangra-to-delhi,Kangra to Delhi
HRTC - 1103,A/C Executive (2+3),21:55,07:30,09h 35m,INR 760,38 Seats available,"3.2
20",https://www.redbus.in/bus-tickets/kangra-to-delhi,Kangra to Delhi
HRTC - 1116,A/C Executive (2+3),22:35,09:00,10h 25m,INR 780,23 Seats available,"4.3
6",https://www.redbus.in/bus-tickets/kangra-to-delhi,Kangra to Delhi
Bedi Travels,Volvo 9600 Multi Axle Semi-Sleeper (2+2),19:45,05:30,09h 45m,792,14 Seats available,"4.9
244",https://www.redbus.in/bus-tickets/kangra-to-delhi,Kangra to Delhi
Ram Dalal Holidays,Volvo 9600 Multi Axle Semi-Sleeper (2+2),21:10,06:30,09h 20m,INR 849,33 Seats available,"4.8
288",https://www.redbus.in/bus-tickets/kangra-to-delhi,Kangra to Delhi
Ram Dalal Holidays,Volvo 9600 A/C Semi Sleeper (2+2),20:20,05:45,09h 25m,INR 870,19 Seats available,"4.7
360",https://www.redbus.in/bus-tickets/kangra-to-delhi,Kangra to Delhi
Laxmi holidays,Volvo 9600 A/C Semi Sleeper (2+2),22:30,08:30,10h 00m,949,27 Seats available,"4.8
196",https://www.redbus.in/bus-tickets/kangra-to-delhi,Kangra to Delhi
Laxmi holidays,Volvo 9600 A/C Semi Sleeper (2+2),19:10,05:30,10h 20m,854,17 Seats available,"4.7
297",https://www.redbus.in/bus-tickets/kangra-to-delhi,Kangra to Delhi
HRTC - 6651,Ordinary 3+2 Non AC Seater,05:30,16:30,11h 00m,INR 465,47 Seats available,4.1,https://www.redbus.in/bus-tickets/ghumarwin-to-delhi,Ghumarwin to Delhi
HRTC - 887,Ordinary 3+2 Non AC Seater,08:00,16:30,08h 30m,INR 463,37 Seats available,"4.8
7",https://www.redbus.in/bus-tickets/ghumarwin-to-delhi,Ghumarwin to Delhi
HRTC - 680,Ordinary 3+2 Non AC Seater,18:18,04:30,10h 12m,INR 485,33 Seats available,4.1,https://www.redbus.in/bus-tickets/ghumarwin-to-delhi,Ghumarwin to Delhi
HRTC - 763,Ordinary 3+2 Non AC Seater,19:40,04:00,08h 20m,INR 463,34 Seats available,"4.7
10",https://www.redbus.in/bus-tickets/ghumarwin-to-delhi,Ghumarwin to Delhi
HRTC - 700,Himsuta AC Seater Volvo/Scania 2+2,20:00,04:30,08h 30m,INR 912,13 Seats available,"4.4
32",https://www.redbus.in/bus-tickets/ghumarwin-to-delhi,Ghumarwin to Delhi
HRTC - 750,A/C Executive (2+3),20:30,06:00,09h 30m,INR 600,37 Seats available,"2.8
21",https://www.redbus.in/bus-tickets/ghumarwin-to-delhi,Ghumarwin to Delhi
HRTC - 1107,Ordinary 3+2 Non AC Seater,20:30,04:15,07h 45m,INR 463,27 Seats available,"2.2
4",https://www.redbus.in/bus-tickets/ghumarwin-to-delhi,Ghumarwin to Delhi
HRTC - 78,Himsuta AC Seater Volvo/Scania 2+2,21:15,05:00,07h 45m,INR 912,4 Seats available,"4.5
51",https://www.redbus.in/bus-tickets/ghumarwin-to-delhi,Ghumarwin to Delhi
HRTC - 15,Himsuta AC Seater Volvo/Scania 2+2,21:25,04:30,07h 05m,INR 856,2 Seats available,"4.2
8",https://www.redbus.in/bus-tickets/ghumarwin-to-delhi,Ghumarwin to Delhi
Ram Dalal Holidays,Volvo A/C Semi Sleeper (2+2),23:30,06:40,07h 10m,809,26 Seats available,4.5,https://www.redbus.in/bus-tickets/ghumarwin-to-delhi,Ghumarwin to Delhi
