Route_link,Route_name
https://www.redbus.in/bus-tickets/bangalore-to-kozhikode,Bangalore to Kozhikode
https://www.redbus.in/bus-tickets/kozhikode-to-ernakulam,Kozhikode to Ernakulam
https://www.redbus.in/bus-tickets/kozhikode-to-bangalore,Kozhikode to Bangalore
https://www.redbus.in/bus-tickets/ernakulam-to-kozhikode,Ernakulam to Kozhikode
https://www.redbus.in/bus-tickets/kozhikode-to-mysore,Kozhikode to Mysore
https://www.redbus.in/bus-tickets/kozhikode-to-thiruvananthapuram,Kozhikode to Thiruvananthapuram
https://www.redbus.in/bus-tickets/bangalore-to-kalpetta,Bangalore to Kalpetta (kerala)
https://www.redbus.in/bus-tickets/mysore-to-kozhikode,Mysore to Kozhikode
https://www.redbus.in/bus-tickets/kalpetta-to-bangalore,Kalpetta (kerala) to Bangalore
https://www.redbus.in/bus-tickets/kozhikode-to-thrissur,Kozhikode to Thrissur
https://www.redbus.in/bus-tickets/thiruvananthapuram-to-kozhikode,Thiruvananthapuram to Kozhikode
https://www.redbus.in/bus-tickets/bangalore-to-kannur,Bangalore to Kannur
https://www.redbus.in/bus-tickets/kozhikode-to-kottayam,Kozhikode to Kottayam
https://www.redbus.in/bus-tickets/kannur-to-bangalore,Kannur to Bangalore
https://www.redbus.in/bus-tickets/kottayam-to-kozhikode,Kottayam to Kozhikode
https://www.redbus.in/bus-tickets/thrissur-to-kozhikode,Thrissur to Kozhikode
https://www.redbus.in/bus-tickets/kozhikode-to-kalpetta,Kozhikode to Kalpetta (kerala)
https://www.redbus.in/bus-tickets/coimbatore-to-ooty,Coimbatore to Ooty
https://www.redbus.in/bus-tickets/kalpetta-to-kozhikode,Kalpetta (kerala) to Kozhikode
