Route_link,Route_name
https://www.redbus.in/bus-tickets/jodhpur-to-ajmer,Jodhpur to Ajmer
https://www.redbus.in/bus-tickets/beawer-to-jaipur,Beawar (Rajasthan) to Jaipur (Rajasthan)
https://www.redbus.in/bus-tickets/udaipur-to-jodhpur,Udaipur to Jodhpur
https://www.redbus.in/bus-tickets/jaipur-to-jodhpur,Jaipur (Rajasthan) to Jodhpur
https://www.redbus.in/bus-tickets/sikar-to-jaipur,Sikar to Jaipur (Rajasthan)
https://www.redbus.in/bus-tickets/kishangarh-to-jaipur,Kishangarh to Jaipur (Rajasthan)
https://www.redbus.in/bus-tickets/aligarh-uttar-pradesh-to-jaipur,Aligarh (uttar pradesh) to Jaipur (Rajasthan)
https://www.redbus.in/bus-tickets/jodhpur-to-beawer,Jodhpur to Beawar (Rajasthan)
https://www.redbus.in/bus-tickets/kota-rajasthan-to-jaipur,Kota(Rajasthan) to Jaipur (Rajasthan)
https://www.redbus.in/bus-tickets/jaipur-to-aligarh-uttar-pradesh,Jaipur (Rajasthan) to Aligarh (uttar pradesh)
https://www.redbus.in/bus-tickets/jaipur-to-kota-rajasthan,Jaipur (Rajasthan) to Kota(Rajasthan)
https://www.redbus.in/bus-tickets/pali-to-udaipur,Pali (Rajasthan) to Udaipur
https://www.redbus.in/bus-tickets/udaipur-to-pali-rajasthan,Udaipur to Pali (Rajasthan)
https://www.redbus.in/bus-tickets/sikar-to-bikaner,Sikar to Bikaner
https://www.redbus.in/bus-tickets/jaipur-to-bharatpur,Jaipur (Rajasthan) to Bharatpur
https://www.redbus.in/bus-tickets/kishangarh-to-jodhpur,Kishangarh to Jodhpur
https://www.redbus.in/bus-tickets/jaipur-to-bhilwara,Jaipur (Rajasthan) to Bhilwara
https://www.redbus.in/bus-tickets/kota-rajasthan-to-udaipur,Kota(Rajasthan) to Udaipur
https://www.redbus.in/bus-tickets/jaipur-to-pilani,Jaipur (Rajasthan) to Pilani
https://www.redbus.in/bus-tickets/jaipur-to-mathura,Jaipur (Rajasthan) to Mathura
https://www.redbus.in/bus-tickets/bikaner-to-sikar,Bikaner to Sikar
