Route_link,Route_name
https://www.redbus.in/bus-tickets/durgapur-to-kolkata,Durgapur (West Bengal) to Kolkata
https://www.redbus.in/bus-tickets/digha-to-barasat-west-bengal,Digha to Barasat (West Bengal)
https://www.redbus.in/bus-tickets/barasat-west-bengal-to-digha,Barasat (West Bengal) to Digha
https://www.redbus.in/bus-tickets/suri-to-kolkata,Suri to Kolkata
https://www.redbus.in/bus-tickets/kolkata-to-digha,Kolkata to Digha
https://www.redbus.in/bus-tickets/bolpur-west-bengal-to-kolkata,Bolpur (West Bengal) to Kolkata
https://www.redbus.in/bus-tickets/kolkata-to-suri,Kolkata to Suri
https://www.redbus.in/bus-tickets/digha-to-kolkata,Digha to Kolkata
https://www.redbus.in/bus-tickets/kolkata-to-durgapur,Kolkata to Durgapur (West Bengal)
https://www.redbus.in/bus-tickets/habra-to-digha,Habra to Digha
https://www.redbus.in/bus-tickets/barasat-west-bengal-to-nandakumar,Barasat (West Bengal) to Nandakumar (west bengal)
https://www.redbus.in/bus-tickets/asansol-to-kolkata,Asansol (West Bengal) to Kolkata
https://www.redbus.in/bus-tickets/barasat-west-bengal-to-contai-kanthi,Barasat (West Bengal) to Contai (Kanthi)
https://www.redbus.in/bus-tickets/siliguri-to-kolkata,Siliguri to Kolkata
https://www.redbus.in/bus-tickets/kolkata-to-bolpur-west-bengal,Kolkata to Bolpur (West Bengal)
https://www.redbus.in/bus-tickets/barasat-west-bengal-to-midnapore,Barasat (West Bengal) to Midnapore
https://www.redbus.in/bus-tickets/barasat-west-bengal-to-kolaghat,Barasat (West Bengal) to Kolaghat
https://www.redbus.in/bus-tickets/barasat-west-bengal-to-durgapur,Barasat (West Bengal) to Durgapur (West Bengal)
https://www.redbus.in/bus-tickets/barasat-west-bengal-to-heria,Barasat (West Bengal) to Heria
https://www.redbus.in/bus-tickets/digha-to-habra,Digha to Habra
https://www.redbus.in/bus-tickets/midnapore-to-barasat-west-bengal,Midnapore to Barasat (West Bengal)
https://www.redbus.in/bus-tickets/haldia-to-barasat-west-bengal,Haldia to Barasat (West Bengal)
https://www.redbus.in/bus-tickets/barasat-west-bengal-to-haldia,Barasat (West Bengal) to Haldia
https://www.redbus.in/bus-tickets/midnapore-to-kolkata,Midnapore to Kolkata
https://www.redbus.in/bus-tickets/durgapur-to-purulia,Durgapur (West Bengal) to Purulia
https://www.redbus.in/bus-tickets/barasat-west-bengal-to-burdwan,Barasat (West Bengal) to Burdwan
https://www.redbus.in/bus-tickets/kolkata-to-siliguri,Kolkata to Siliguri
https://www.redbus.in/bus-tickets/durgapur-to-barasat-west-bengal,Durgapur (West Bengal) to Barasat (West Bengal)
https://www.redbus.in/bus-tickets/haldia-to-kolkata,Haldia to Kolkata
https://www.redbus.in/bus-tickets/kolkata-to-purulia,Kolkata to Purulia
https://www.redbus.in/bus-tickets/kolkata-to-asansol,Kolkata to Asansol (West Bengal)
https://www.redbus.in/bus-tickets/barasat-west-bengal-to-debra,Barasat (West Bengal) to Debra
https://www.redbus.in/bus-tickets/barasat-west-bengal-to-asansol,Barasat (West Bengal) to Asansol (West Bengal)
https://www.redbus.in/bus-tickets/kolkata-to-bakkhali,Kolkata to Bakkhali
https://www.redbus.in/bus-tickets/barasat-west-bengal-to-nimtouri,Barasat (West Bengal) to Nimtouri
https://www.redbus.in/bus-tickets/habra-to-kolaghat,Habra to Kolaghat
https://www.redbus.in/bus-tickets/habra-to-durgapur,Habra to Durgapur (West Bengal)
https://www.redbus.in/bus-tickets/barasat-west-bengal-to-mechogram,Barasat (West Bengal) to Mechogram
https://www.redbus.in/bus-tickets/habra-to-haldia,Habra to Haldia
https://www.redbus.in/bus-tickets/habra-to-contai-kanthi,Habra to Contai (Kanthi)
https://www.redbus.in/bus-tickets/habra-to-midnapore,Habra to Midnapore
