Route_link,Route_name
https://www.redbus.in/bus-tickets/burdwan-to-kolkata,Burdwan to Kolkata
https://www.redbus.in/bus-tickets/kolkata-to-burdwan,Kolkata to Burdwan
https://www.redbus.in/bus-tickets/durgapur-to-kolkata,Durgapur (West Bengal) to Kolkata
https://www.redbus.in/bus-tickets/kolkata-to-haldia,Kolkata to Haldia
https://www.redbus.in/bus-tickets/haldia-to-kolkata,Haldia to Kolkata
https://www.redbus.in/bus-tickets/kolkata-to-durgapur,Kolkata to Durgapur (West Bengal)
https://www.redbus.in/bus-tickets/kolkata-to-arambagh-west-bengal,Kolkata to Arambagh (West Bengal)
https://www.redbus.in/bus-tickets/digha-to-kolkata,Digha to Kolkata
https://www.redbus.in/bus-tickets/kolkata-to-digha,Kolkata to Digha
https://www.redbus.in/bus-tickets/kolkata-to-bankura,Kolkata to Bankura
https://www.redbus.in/bus-tickets/asansol-to-kolkata,Asansol (West Bengal) to Kolkata
https://www.redbus.in/bus-tickets/midnapore-to-kolkata,Midnapore to Kolkata
https://www.redbus.in/bus-tickets/kolkata-to-asansol,Kolkata to Asansol (West Bengal)
https://www.redbus.in/bus-tickets/kolkata-to-siliguri,Kolkata to Siliguri
https://www.redbus.in/bus-tickets/kolkata-to-nimtouri,Kolkata to Nimtouri
https://www.redbus.in/bus-tickets/siliguri-to-kolkata,Siliguri to Kolkata
https://www.redbus.in/bus-tickets/kolkata-to-contai-kanthi,Kolkata to Contai (Kanthi)
https://www.redbus.in/bus-tickets/digha-to-durgapur,Digha to Durgapur (West Bengal)
https://www.redbus.in/bus-tickets/kolkata-to-midnapore,Kolkata to Midnapore
https://www.redbus.in/bus-tickets/kolkata-to-nandakumar,Kolkata to Nandakumar (west bengal)
https://www.redbus.in/bus-tickets/kolkata-to-mecheda-west-bengal,Kolkata to Mecheda (West Bengal)
https://www.redbus.in/bus-tickets/durgapur-to-digha,Durgapur (West Bengal) to Digha
https://www.redbus.in/bus-tickets/kolkata-to-kolaghat,Kolkata to Kolaghat
https://www.redbus.in/bus-tickets/jhargram-to-kolkata,Jhargram to Kolkata
https://www.redbus.in/bus-tickets/digha-to-barasat-west-bengal,Digha to Barasat (West Bengal)
https://www.redbus.in/bus-tickets/durgapur-to-siliguri,Durgapur (West Bengal) to Siliguri
https://www.redbus.in/bus-tickets/midnapore-to-barasat-west-bengal,Midnapore to Barasat (West Bengal)
https://www.redbus.in/bus-tickets/kolkata-to-heria,Kolkata to Heria
https://www.redbus.in/bus-tickets/kolkata-to-chandipur-west-bengal,Kolkata to Chandipur (West Bengal)
https://www.redbus.in/bus-tickets/siliguri-to-durgapur,Siliguri to Durgapur (West Bengal)
https://www.redbus.in/bus-tickets/berhampore-to-durgapur,Berhampore (West Bengal) to Durgapur (West Bengal)
https://www.redbus.in/bus-tickets/berhampore-to-suri,Berhampore (West Bengal) to Suri
https://www.redbus.in/bus-tickets/barasat-west-bengal-to-digha,Barasat (West Bengal) to Digha
https://www.redbus.in/bus-tickets/kolkata-to-futishanko,Kolkata to Futishanko
https://www.redbus.in/bus-tickets/barasat-west-bengal-to-midnapore,Barasat (West Bengal) to Midnapore
https://www.redbus.in/bus-tickets/durgapur-to-berhampore,Durgapur (West Bengal) to Berhampore (West Bengal)
https://www.redbus.in/bus-tickets/durgapur-to-malda,Durgapur (West Bengal) to Malda
https://www.redbus.in/bus-tickets/digha-to-asansol,Digha to Asansol (West Bengal)
https://www.redbus.in/bus-tickets/kolkata-to-ramnagar-west-bengal,Kolkata to Ramnagar (West Bengal)
https://www.redbus.in/bus-tickets/kolkata-to-bajkul-west-bengal,Kolkata to Bajkul (West Bengal)
https://www.redbus.in/bus-tickets/kolkata-to-kirnahar-west-bengal,Kolkata to Kirnahar (West Bengal)
https://www.redbus.in/bus-tickets/durgapur-to-bankura,Durgapur (West Bengal) to Bankura
https://www.redbus.in/bus-tickets/siliguri-to-malda,Siliguri to Malda
https://www.redbus.in/bus-tickets/kolkata-to-suri,Kolkata to Suri
https://www.redbus.in/bus-tickets/purulia-to-durgapur,Purulia to Durgapur (West Bengal)
